frame,timestamp,track_id,hip_center_x,hip_center_y,scale_factor,confidence,is_valid,nose_norm_x,nose_norm_y,nose_conf,left_eye_norm_x,left_eye_norm_y,left_eye_conf,right_eye_norm_x,right_eye_norm_y,right_eye_conf,left_ear_norm_x,left_ear_norm_y,left_ear_conf,right_ear_norm_x,right_ear_norm_y,right_ear_conf,left_shoulder_norm_x,left_shoulder_norm_y,left_shoulder_conf,right_shoulder_norm_x,right_shoulder_norm_y,right_shoulder_conf,left_elbow_norm_x,left_elbow_norm_y,left_elbow_conf,right_elbow_norm_x,right_elbow_norm_y,right_elbow_conf,left_wrist_norm_x,left_wrist_norm_y,left_wrist_conf,right_wrist_norm_x,right_wrist_norm_y,right_wrist_conf,left_hip_norm_x,left_hip_norm_y,left_hip_conf,right_hip_norm_x,right_hip_norm_y,right_hip_conf,left_knee_norm_x,left_knee_norm_y,left_knee_conf,right_knee_norm_x,right_knee_norm_y,right_knee_conf,left_ankle_norm_x,left_ankle_norm_y,left_ankle_conf,right_ankle_norm_x,right_ankle_norm_y,right_ankle_conf
1,0.0347893772893772,1,436.852783203125,453.8162536621094,144.77733886982963,0.879319965839386,True,0.2398587,-1.134787,0.9629845,0.26769495,-1.2032171,0.68876785,0.19482642,-1.2112203,0.95649624,0.0,0.0,0.20253661,0.01643085,-1.2914002,0.9150955,0.25964448,-1.0164117,0.98262376,-0.30984765,-0.9829583,0.998162,0.31391674,-0.64230967,0.9125155,-0.4940956,-0.40635142,0.994898,0.48023638,-0.31266633,0.91744864,-0.22733569,0.064843565,0.9887488,0.19294766,-0.01657229,0.99736834,-0.19294786,0.01657229,0.9990846,0.3061894,0.7659819,0.99432546,-0.15300068,0.8111103,0.99790883,0.31795123,1.4644581,0.98009837,-0.13951477,1.5114373,0.9891878
1,0.0347893772893772,3,1215.32080078125,440.9108276367187,86.78571664013637,0.7812694907188416,True,-0.3696934,-1.1862025,0.92409414,-0.31686258,-1.279481,0.88117766,-0.41441113,-1.2664671,0.67285335,-0.11011063,-1.3283267,0.84055316,-0.3904375,-1.283461,0.36154658,0.25739273,-1.0282016,0.9969591,-0.39111266,-0.9673231,0.98312795,0.4239941,-0.46900544,0.9917216,-0.44453284,-0.39863008,0.91887265,0.3095048,0.021912977,0.9803224,-0.5071731,0.049886517,0.89337623,0.25793847,-0.0071007246,0.9986066,-0.25793988,0.007101076,0.9963158,0.4896022,0.68967223,0.9961857,-0.65324694,0.7367917,0.99058425,0.6731162,1.6636976,0.9824905,-0.8500193,1.711578,0.9696703
2,0.0695787545787545,1,435.9879150390625,454.1561279296875,145.01703986611764,0.87496018409729,True,0.24844408,-1.1302884,0.9520914,0.27430817,-1.1970035,0.63240653,0.20715213,-1.2056968,0.9447454,0.0,0.0,0.18700343,0.036810398,-1.2861966,0.90559703,0.27839515,-1.0121381,0.97982806,-0.30176297,-0.9877253,0.99794585,0.33512846,-0.6150939,0.90271926,-0.4889602,-0.4138922,0.99456936,0.4876096,-0.25896215,0.9074809,-0.23270497,0.0660468,0.98773426,0.19627336,-0.01446742,0.9972217,-0.19627336,0.01446742,0.9990557,0.3185379,0.7662606,0.9940931,-0.15305397,0.8079659,0.9978752,0.32575518,1.4641951,0.9798564,-0.13307089,1.5089451,0.989247
2,0.0695787545787545,3,1209.176513671875,439.82513427734375,83.55548745405949,0.7940530180931091,True,-0.37059894,-1.2266552,0.857663,-0.32128754,-1.3151416,0.86472046,-0.4083674,-1.3038754,0.586657,-0.11082029,-1.3365178,0.79545414,0.0,0.0,0.21204606,0.19345011,-1.0240515,0.9937372,-0.4129957,-0.9638615,0.9804442,0.50687337,-0.48219755,0.98449475,-0.38601488,-0.3836025,0.87134486,0.29065436,0.030100299,0.9674301,-0.47892687,0.09035788,0.84536034,0.24278052,-0.008063343,0.99725264,-0.24277906,0.008063343,0.9944957,0.5316218,0.79610914,0.9951999,-0.63250476,0.8172209,0.9884453,0.85335207,1.7385031,0.9859169,-0.79106885,1.750957,0.97380143
3,0.1043681318681318,1,435.7922973632813,453.30230712890625,143.61577764095514,0.875135064125061,True,0.24540406,-1.1423236,0.9582113,0.27392808,-1.2093168,0.6687501,0.2027666,-1.219089,0.9504301,0.0,0.0,0.20466428,0.030395865,-1.296657,0.90882456,0.27766055,-1.0111116,0.9819932,-0.30576953,-0.98869085,0.9980599,0.33546078,-0.6197713,0.91067195,-0.4971781,-0.4108339,0.9946525,0.48325354,-0.2896941,0.9147533,-0.23136689,0.06274753,0.9881076,0.1975201,-0.0139341215,0.9973616,-0.19752033,0.0139341215,0.9990752,0.31671238,0.7756508,0.9943674,-0.15662447,0.8131425,0.997912,0.33113715,1.4853318,0.9804432,-0.13707432,1.5249152,0.98936415
3,0.1043681318681318,3,1202.9488525390625,439.1470642089844,79.5571000635684,0.8012848496437073,True,-0.28320086,-1.2104753,0.8588662,-0.2363856,-1.3040768,0.8414024,-0.34280515,-1.2894883,0.67405903,-0.069168024,-1.3286421,0.7149685,-0.43321964,-1.2901933,0.33113554,0.21073394,-1.0222722,0.99374723,-0.47166643,-0.96063334,0.98593104,0.5071365,-0.43418208,0.9831818,-0.4830484,-0.35186255,0.91782826,0.24359101,0.14093989,0.9656304,-0.5244351,0.13493933,0.8887755,0.27162862,-0.012526242,0.99758255,-0.27162862,0.012526242,0.9959144,0.6385802,0.83576024,0.9952726,-0.65790105,0.8671831,0.99060714,0.9910412,1.8538367,0.9854396,-0.79699814,1.8756946,0.9762725
4,0.1391575091575091,1,436.6769409179687,455.2060546875,145.200106774885,0.8741534352302551,True,0.23031843,-1.1485907,0.96312726,0.26119897,-1.2160164,0.7021463,0.18546078,-1.225434,0.95606357,0.0,0.0,0.22104867,0.014202223,-1.301034,0.9126109,0.26903012,-1.011178,0.9826431,-0.30951905,-0.9884119,0.99810827,0.32566246,-0.62531483,0.90936595,-0.4960904,-0.4180262,0.99448293,0.47010362,-0.30095354,0.9126922,-0.22875094,0.04920031,0.9876744,0.19574091,-0.0138291605,0.99724627,-0.1957407,0.013828951,0.9990295,0.30968615,0.7638502,0.99412376,-0.157095,0.799776,0.99781126,0.32457396,1.4570194,0.9799054,-0.1384547,1.4945682,0.9890487
4,0.1391575091575091,3,1201.3084716796875,437.913818359375,77.77913277274918,0.8100267648696899,True,-0.32352918,-1.1662891,0.8097189,-0.27811718,-1.2610248,0.80068433,-0.3783955,-1.2470281,0.5788597,-0.10038818,-1.3004117,0.69276977,0.0,0.0,0.26317474,0.19842847,-1.0203587,0.99264693,-0.5036814,-0.956209,0.98107255,0.46157467,-0.42879283,0.98383796,-0.5167502,-0.3187875,0.9029764,0.20092075,0.14442454,0.9671543,-0.48697463,0.19405362,0.8768368,0.28034267,-0.013897071,0.99768186,-0.28034267,0.013897071,0.9957911,0.67723256,0.87188727,0.9958383,-0.6483845,0.90599453,0.99107856,1.0427476,1.9096754,0.98729557,-0.7726189,1.9339509,0.97811174
5,0.1739468864468864,1,437.1784057617187,454.68060302734375,144.57702421699784,0.8739439845085144,True,0.21852918,-1.1530018,0.96872854,0.25240338,-1.2213826,0.7417298,0.17125995,-1.2312613,0.96196026,0.0,0.0,0.24319091,-0.00085910293,-1.3071694,0.9160266,0.26666048,-1.0103506,0.98395294,-0.31630862,-0.98903286,0.9981862,0.3262841,-0.62253743,0.91234124,-0.49585646,-0.4196072,0.99440867,0.46954513,-0.3051677,0.9152946,-0.2199886,0.036757786,0.9876109,0.19714344,-0.013475884,0.99723876,-0.19714323,0.013475673,0.999008,0.30587864,0.7664553,0.994162,-0.16208655,0.8005961,0.99778557,0.3252268,1.469063,0.9800964,-0.13952866,1.5029294,0.98904234
5,0.1739468864468864,3,1199.1192626953125,438.713623046875,75.9902965429607,0.811205267906189,True,-0.42707413,-1.1822422,0.8920114,-0.37471536,-1.2825811,0.90130025,-0.48600307,-1.2637429,0.6809895,-0.16862312,-1.3205574,0.8313668,0.0,0.0,0.28033987,0.15620731,-1.0230116,0.99567175,-0.5397096,-0.9398759,0.98516995,0.419047,-0.40820345,0.98734516,-0.5215461,-0.2894733,0.877591,0.04918777,0.171862,0.97158754,-0.53587836,0.2070099,0.84987587,0.2827606,-0.017346237,0.9976955,-0.2827606,0.017345836,0.9951556,0.70110077,0.8799133,0.99581003,-0.67393506,0.9182422,0.9893272,1.1171149,1.9270834,0.9873668,-0.76722956,1.955584,0.97535986
6,0.2087362637362637,1,437.8092041015625,452.5118408203125,143.11787937864858,0.8770298361778259,True,0.22440049,-1.1505709,0.9714481,0.25720632,-1.2203844,0.75315994,0.17564735,-1.2303536,0.96427673,0.0,0.0,0.24517828,-0.0045902855,-1.3085282,0.91967654,0.2613731,-1.0096647,0.9860982,-0.3244059,-0.9893418,0.9983107,0.3147805,-0.61750114,0.92491853,-0.5079531,-0.40343997,0.9947984,0.47516713,-0.33032826,0.9276771,-0.2167744,0.049234208,0.9887949,0.19801898,-0.014072156,0.99754757,-0.19801898,0.014072156,0.99908245,0.2974542,0.7797442,0.9946778,-0.16638127,0.8160366,0.9978951,0.32241622,1.4986805,0.9807488,-0.13804227,1.540671,0.98907244
6,0.2087362637362637,3,1195.74951171875,443.38140869140625,79.07677968037274,0.7982803583145142,True,-0.36164263,-1.1271402,0.8201657,-0.31737876,-1.224898,0.82325494,-0.42478123,-1.203895,0.59250426,-0.14176355,-1.2786657,0.7259507,0.0,0.0,0.2672581,0.18100888,-1.0297914,0.9931564,-0.5617686,-0.9336297,0.9793043,0.45242262,-0.44628334,0.98432285,-0.5223458,-0.28914383,0.88161933,0.078178816,0.07619054,0.9664228,-0.4115811,0.15101027,0.85250014,0.2959245,-0.02257806,0.9972602,-0.29592603,0.022577675,0.9946256,0.7429519,0.7809403,0.9948974,-0.6479916,0.82770145,0.9881483,1.1244109,1.8072135,0.98477226,-0.71651304,1.8481562,0.9721786
7,0.243525641025641,1,438.2947998046875,452.4905395507813,142.81514762285948,0.8846175670623779,True,0.21889617,-1.1518993,0.9753059,0.25266793,-1.223342,0.77736545,0.1670814,-1.2327867,0.96867186,0.0,0.0,0.25540206,-0.017651947,-1.3109455,0.9250113,0.25706878,-1.008387,0.9876357,-0.32719707,-0.99038315,0.9984017,0.3248305,-0.6259628,0.9305426,-0.51199603,-0.400224,0.9948691,0.49072853,-0.40091187,0.93259406,-0.21874851,0.030657725,0.989077,0.19698568,-0.01323784,0.99764013,-0.19698589,0.013237625,0.9990903,0.2928385,0.7845139,0.9948408,-0.16172579,0.8151449,0.99790263,0.3202775,1.5022091,0.9809403,-0.1392377,1.5441313,0.98895615
7,0.243525641025641,3,1196.045654296875,443.1765747070313,76.81117179659289,0.7970826029777527,True,-0.38433525,-1.1437254,0.8596451,-0.33468145,-1.2433783,0.85411423,-0.4537399,-1.222534,0.6706434,-0.15650699,-1.2886791,0.74281645,-0.5495369,-1.234918,0.32385054,0.15059824,-1.0270556,0.9937663,-0.5888766,-0.92433196,0.9838201,0.3792974,-0.44603378,0.9827171,-0.5629309,-0.24913938,0.8962839,0.0007278655,0.007448305,0.96370715,-0.4289464,0.18291356,0.86401546,0.29874748,-0.024667967,0.99707913,-0.29874587,0.024667967,0.9947184,0.74884486,0.810048,0.99441516,-0.6758136,0.8607379,0.9880971,1.1527101,1.8633182,0.98352444,-0.7466438,1.9114805,0.97176784
8,0.2783150183150183,1,437.8245239257813,453.672119140625,143.77016615103605,0.8841387629508972,True,0.22382136,-1.149508,0.97484654,0.25490054,-1.2211424,0.7635028,0.17233889,-1.2308457,0.96908575,0.0,0.0,0.23866285,-0.0129049495,-1.3098644,0.9306512,0.2500161,-1.0024801,0.9877988,-0.3166168,-0.99641085,0.99845314,0.32858205,-0.61794746,0.92894393,-0.5003956,-0.39050907,0.99500847,0.5040769,-0.49226385,0.9301954,-0.20848171,0.014113806,0.9891206,0.19093704,-0.010309992,0.99762017,-0.19093683,0.01030978,0.9990984,0.29046175,0.7852987,0.9947765,-0.14930077,0.8031724,0.9979151,0.32389393,1.4879116,0.9805978,-0.13294904,1.5297599,0.9888285
8,0.2783150183150183,3,1198.177734375,444.33636474609375,77.26212448952549,0.790611982345581,True,-0.4787581,-1.1097116,0.80750537,-0.43662083,-1.2063204,0.821755,-0.5349048,-1.1862898,0.5291589,-0.23931032,-1.2609575,0.7540792,0.0,0.0,0.21292396,0.10211218,-1.0175638,0.9924912,-0.60185045,-0.918995,0.9751526,0.28127697,-0.45694295,0.9837127,-0.57026726,-0.26299417,0.85842913,-0.14105006,-0.09328579,0.9650453,-0.4314844,0.095383964,0.8310702,0.2876015,-0.02283265,0.99670583,-0.2876015,0.022833046,0.9932636,0.7139922,0.8138849,0.99398994,-0.6729292,0.859551,0.9853323,1.11259,1.8379151,0.9820456,-0.7495221,1.8773412,0.9662357
9,0.3131043956043956,1,437.5929565429687,453.51812744140625,144.35755650391636,0.8761510252952576,True,0.21726786,-1.1449393,0.9729235,0.24988139,-1.2165866,0.75416064,0.16515286,-1.2264903,0.96784514,0.0,0.0,0.23258898,-0.017155964,-1.3053956,0.92748106,0.2508198,-1.0045463,0.98559695,-0.31318593,-0.99448127,0.99830174,0.32252464,-0.64365655,0.9155234,-0.4943553,-0.39007542,0.9945574,0.45837963,-0.5602115,0.9175579,-0.19402266,0.0087563,0.9879401,0.19076028,-0.009554557,0.9972325,-0.19076008,0.009554345,0.99899477,0.28885156,0.7807935,0.99426854,-0.15066628,0.79031926,0.99780506,0.32427886,1.484203,0.9801516,-0.13628033,1.5173129,0.988898
9,0.3131043956043956,3,1198.0252685546875,445.70404052734375,75.3292608683117,0.7871356010437012,True,-0.5324266,-1.099556,0.83279586,-0.48609677,-1.2002722,0.85296446,-0.59297293,-1.1782773,0.55413026,-0.26902565,-1.2580929,0.7929609,0.0,0.0,0.21112183,0.10599625,-1.0100867,0.9933769,-0.6598263,-0.91170263,0.9763073,0.2842469,-0.41778946,0.984537,-0.6521597,-0.24750392,0.84797424,-0.1996233,-0.04408705,0.9657828,-0.5052931,0.085795626,0.82041574,0.31025577,-0.02275006,0.9965605,-0.31025577,0.022749653,0.9927114,0.7277361,0.81713367,0.9935772,-0.7255971,0.8605365,0.9835988,1.1416935,1.8720913,0.98074144,-0.77310175,1.9077883,0.962629
10,0.3478937728937729,1,437.8585815429687,452.8167724609375,143.67736677733356,0.8808434009552002,True,0.22192706,-1.1531744,0.97522825,0.2563375,-1.2245097,0.7715054,0.16921933,-1.2368026,0.9695602,0.0,0.0,0.24693078,-0.013600622,-1.3144239,0.92889774,0.2551714,-0.99851,0.98745245,-0.31022406,-1.0007322,0.9983908,0.32202497,-0.6420026,0.92500097,-0.49724746,-0.38210478,0.9946892,0.48043424,-0.6481045,0.9258321,-0.19259328,0.0016435784,0.98836297,0.19086368,-0.0068631824,0.9974942,-0.19086389,0.0068631824,0.99904984,0.2857953,0.79081225,0.99478465,-0.15051168,0.7897269,0.99791974,0.3178234,1.4971904,0.9813778,-0.13807844,1.5305309,0.9892966
10,0.3478937728937729,3,1196.7401123046875,444.699462890625,73.8493683818309,0.7905464172363281,True,-0.50579363,-1.0784174,0.83143437,-0.46006438,-1.1816387,0.8388535,-0.57617843,-1.1567008,0.5850621,-0.24923384,-1.2446592,0.75560904,0.0,0.0,0.2497015,0.13402063,-1.0129162,0.9929576,-0.6886279,-0.9086493,0.97889566,0.33071005,-0.42724314,0.9828476,-0.6771398,-0.2547878,0.8731809,-0.18891555,-0.1593056,0.96335185,-0.46109584,-0.047979746,0.84326637,0.3310076,-0.02534117,0.9966446,-0.3310076,0.02534117,0.99353725,0.77884007,0.8392294,0.99354607,-0.72744775,0.88752985,0.9852593,1.170571,1.9354352,0.9804095,-0.77621347,1.9776113,0.96486
11,0.3826831501831502,1,437.1687927246094,452.7313232421875,143.5313655850522,0.8743127584457397,True,0.23051257,-1.150805,0.97167736,0.26560077,-1.2200722,0.7463662,0.1805742,-1.2341803,0.9672124,0.0,0.0,0.2265953,0.0010071789,-1.312497,0.92649275,0.25675088,-0.9983065,0.9843015,-0.30070192,-1.0012103,0.9982152,0.3094057,-0.6594996,0.9063906,-0.4865225,-0.38687152,0.9942696,0.468483,-0.6877329,0.9079257,-0.19803536,-0.0050941524,0.9870129,0.18877684,-0.006082621,0.9970391,-0.18877684,0.006082621,0.9989496,0.29277396,0.79792345,0.9941678,-0.14627227,0.7924978,0.99781895,0.31979898,1.5044272,0.9806764,-0.13594088,1.532081,0.98935413
11,0.3826831501831502,3,1198.2255859375,443.781494140625,71.21797924581388,0.794734001159668,True,-0.5821044,-1.0688937,0.83555585,-0.53202194,-1.1759195,0.85091513,-0.6504722,-1.1509122,0.56364566,-0.29013175,-1.2401433,0.7845593,0.0,0.0,0.2187266,0.113426454,-1.0047009,0.992934,-0.7127775,-0.90338194,0.97736746,0.2806257,-0.40752536,0.9828566,-0.7257202,-0.24150108,0.859194,-0.24954677,-0.16231896,0.9632462,-0.5330795,-0.04424317,0.8309842,0.33604568,-0.023710715,0.9963659,-0.3360474,0.023710286,0.9927826,0.7749234,0.87215215,0.99315214,-0.7553182,0.9169147,0.9837481,1.1733412,2.005803,0.9793896,-0.81608427,2.0433962,0.9621093
12,0.4174725274725275,1,437.0780334472656,451.396728515625,142.64103962339635,0.8695749640464783,True,0.23427762,-1.147861,0.9664934,0.26892543,-1.2170169,0.7118398,0.184946,-1.2307371,0.96318626,0.0,0.0,0.2066057,0.0037231003,-1.3091679,0.92361647,0.25944608,-0.9970074,0.9810082,-0.30368513,-1.0025033,0.9980447,0.30327094,-0.64111906,0.8880478,-0.4900618,-0.39547083,0.99391335,0.42713642,-0.6275069,0.8905435,-0.18608184,-0.010586296,0.9858446,0.19111472,-0.00565889,0.9967108,-0.19111472,0.005658676,0.9988954,0.29692954,0.8092653,0.9938465,-0.14722036,0.8034079,0.99781716,0.32392877,1.5244381,0.9807921,-0.13768989,1.5476921,0.9897892
12,0.4174725274725275,3,1200.935546875,445.6692504882813,71.24659749824535,0.7763404250144958,True,-0.6015484,-1.050565,0.81776804,-0.5535472,-1.1583604,0.82914144,-0.67019886,-1.1328863,0.542014,-0.31562123,-1.2279223,0.7556944,0.0,0.0,0.21380109,0.0710783,-1.0039345,0.9915963,-0.7136117,-0.89004344,0.9757932,0.22007287,-0.4287554,0.9802886,-0.7371532,-0.21102682,0.8634521,-0.2586609,-0.18271671,0.959374,-0.5962336,0.051113065,0.8339733,0.32272133,-0.026220242,0.99595034,-0.32271963,0.026219813,0.9924055,0.73805606,0.8619844,0.9925154,-0.7658774,0.9112166,0.983266,1.1343178,1.9779574,0.97821236,-0.85642284,2.0239737,0.9617111
13,0.4522619047619047,1,437.0022583007813,451.0581359863281,142.55938644900877,0.8677712678909302,True,0.234357,-1.1442736,0.96528983,0.26896235,-1.2133423,0.70651597,0.18536234,-1.2263795,0.96137285,0.0,0.0,0.20643918,0.0034428753,-1.3052799,0.9205435,0.26880074,-0.9957674,0.9810892,-0.30853435,-1.0038378,0.9980416,0.32729945,-0.62485826,0.89061403,-0.4955114,-0.4310785,0.9939938,0.41850105,-0.56076825,0.89360446,-0.18670176,-0.088228844,0.9860994,0.19547325,-0.005513567,0.9969062,-0.19547325,0.005513567,0.99895537,0.29676545,0.8017096,0.99427783,-0.15215828,0.79950386,0.99796057,0.32417318,1.5223424,0.9821201,-0.13721281,1.5375781,0.99049544
13,0.4522619047619047,3,1202.0341796875,445.1176452636719,69.23028588827094,0.7818476557731628,True,-0.66111654,-1.0488156,0.824056,-0.6120136,-1.1580873,0.843333,-0.72510844,-1.1330967,0.5301179,-0.3561448,-1.2280548,0.7820664,0.0,0.0,0.19235696,0.046951827,-1.0011572,0.9918888,-0.72340685,-0.8809718,0.9743342,0.21999367,-0.4374606,0.98097575,-0.7474876,-0.18791662,0.84717196,-0.20684688,-0.17724544,0.96062213,-0.6357046,0.122887075,0.8201014,0.31880093,-0.027095865,0.99594903,-0.31880268,0.027095865,0.99201983,0.734101,0.9034572,0.9929026,-0.76669466,0.95444113,0.98321193,1.1468902,2.031791,0.979829,-0.86818385,2.080959,0.96310866
14,0.487051282051282,1,438.59381103515625,448.2621154785156,139.54721001378397,0.8762344121932983,True,0.22319566,-1.1479344,0.96975124,0.25505704,-1.2198178,0.72436655,0.17191942,-1.2316642,0.9632533,0.0,0.0,0.21574733,-0.01991085,-1.3106937,0.92438966,0.26899067,-0.99023837,0.986927,-0.32890013,-1.0088642,0.99831104,0.37172815,-0.5768237,0.92606604,-0.50944555,-0.40496728,0.99482757,0.44333556,-0.54213774,0.9277997,-0.17158438,-0.073758446,0.9887552,0.20179947,-0.0032663536,0.99774086,-0.20179969,0.0032663536,0.99914396,0.2848131,0.8331509,0.9954124,-0.16339007,0.8234835,0.99817204,0.31957626,1.5772016,0.98330724,-0.1537137,1.5890638,0.9904083
14,0.487051282051282,3,1204.733154296875,444.147705078125,65.43426160851287,0.7699542045593262,True,-0.7600644,-1.0717735,0.7609131,-0.716657,-1.1848165,0.8053666,-0.81455874,-1.1597804,0.38245168,-0.43806267,-1.2469953,0.79219913,0.0,0.0,0.12193884,0.018291632,-0.99154544,0.9909348,-0.73960125,-0.87385404,0.9670961,0.17991279,-0.40021315,0.9791596,-0.760042,-0.17069143,0.7882451,-0.27083927,-0.17125948,0.9570789,-0.6894779,0.09247954,0.767568,0.31741437,-0.025179677,0.9961427,-0.31741437,0.02517921,0.9918262,0.6996097,0.97749746,0.9946143,-0.8177301,1.0225992,0.9858935,1.1325477,2.146804,0.9862853,-0.9348059,2.1862726,0.9729462
15,0.5218406593406594,1,438.133544921875,445.743408203125,138.25868081235626,0.8656151294708252,True,0.22830616,-1.1438458,0.96318495,0.2634496,-1.2145123,0.70404214,0.17789736,-1.2248441,0.95853055,0.0,0.0,0.20448285,-0.012359451,-1.3029863,0.9111155,0.25822893,-1.0014977,0.9786083,-0.3290522,-0.9972479,0.9978325,0.33219427,-0.5778106,0.8861805,-0.5184054,-0.45373976,0.99376833,0.4489389,-0.2789224,0.89351594,-0.18503174,-0.107146285,0.9861233,0.19856481,-0.011396634,0.9968105,-0.19856502,0.011396634,0.9989267,0.29958698,0.8221681,0.994303,-0.1583923,0.8505595,0.9979724,0.33006424,1.5958387,0.9825708,-0.15598503,1.6151043,0.99080676
15,0.5218406593406594,3,1206.462158203125,444.12359619140625,64.72061976606356,0.7609423995018005,True,-0.7931684,-1.050127,0.7199186,-0.7544371,-1.1623281,0.76450914,-0.843273,-1.1381613,0.3369137,-0.47099978,-1.2273494,0.7590796,0.0,0.0,0.1109158,0.009423014,-0.98171544,0.98924166,-0.7634112,-0.87071586,0.9643574,0.17670791,-0.38473377,0.97699213,-0.79414165,-0.16655026,0.79730326,-0.2879074,-0.1895679,0.9541592,-0.72043616,0.07055283,0.77624243,0.32329652,-0.023725398,0.9960522,-0.32329652,0.023725398,0.99205583,0.70318013,0.9779715,0.9946631,-0.84129065,1.0194654,0.98676294,1.1304221,2.1766973,0.9866953,-0.971206,2.2106304,0.97478116
16,0.5566300366300366,1,437.4386596679687,446.1676330566406,137.9132243929878,0.8660851716995239,True,0.23022231,-1.1478595,0.9656773,0.2672296,-1.2176344,0.72840255,0.18131788,-1.2295945,0.9577661,0.0,0.0,0.22254373,-0.007028549,-1.3086077,0.9005329,0.2579059,-1.0014628,0.98053885,-0.33225322,-0.9971551,0.9979018,0.331781,-0.5136067,0.9056854,-0.53066266,-0.46721295,0.9943076,0.49383593,-0.07001508,0.91442704,-0.19086593,-0.18257809,0.987982,0.19910733,-0.014554759,0.99720734,-0.19910733,0.014554759,0.99901664,0.29757208,0.8130809,0.9947943,-0.16141963,0.8645571,0.9980586,0.33137938,1.5962197,0.9829742,-0.15736775,1.6141262,0.9908127
16,0.5566300366300366,3,1208.43017578125,448.162841796875,65.6929199772262,0.7541173100471497,True,-0.77071273,-1.0698191,0.7566396,-0.7169774,-1.1861802,0.7781521,-0.83698344,-1.1593057,0.42646426,-0.43912143,-1.2384727,0.71792024,0.0,0.0,0.14820935,0.018738046,-0.97943133,0.987377,-0.79320806,-0.86453074,0.96397114,0.24087608,-0.37532306,0.9680205,-0.819548,-0.15988475,0.803505,-0.18762761,-0.23706956,0.93934506,-0.6957327,-0.017415477,0.77835315,0.3290196,-0.024741879,0.9940621,-0.3290196,0.024742343,0.9895263,0.6581432,0.84154767,0.9916797,-0.82896906,0.88510233,0.9823751,1.0787607,2.041128,0.98090416,-0.860956,2.078301,0.967318
17,0.5914194139194139,1,438.69915771484375,444.85601806640625,135.9910497751254,0.880549430847168,True,0.23295465,-1.1499636,0.9714227,0.26982749,-1.2200252,0.75990415,0.18437399,-1.234366,0.9607579,0.0,0.0,0.23942348,-0.015873102,-1.31684,0.90330267,0.25536096,-0.99224967,0.9871178,-0.35145682,-1.0054404,0.9981171,0.3589532,-0.46972,0.9396139,-0.556504,-0.48442325,0.9947613,0.53371644,0.017511286,0.94393766,-0.17796779,-0.23085846,0.9897854,0.20397048,-0.013279386,0.9980457,-0.20397048,0.013279386,0.9991879,0.28942284,0.82642645,0.99605066,-0.16316062,0.87968177,0.9982712,0.3240866,1.6281666,0.98509824,-0.16541952,1.6370769,0.9910262
17,0.5914194139194139,3,1211.8839111328125,447.5986022949219,67.74796384202743,0.7463685274124146,True,-0.7402584,-1.0192623,0.7896836,-0.6957514,-1.1331096,0.79787993,-0.8259264,-1.1017934,0.49815527,-0.4521404,-1.1976868,0.69828916,0.0,0.0,0.1825277,-0.026713932,-0.97318417,0.9857631,-0.8095442,-0.8435907,0.96263266,0.11560181,-0.3913836,0.96634233,-0.850534,-0.13729315,0.8209458,-0.34384322,-0.23892806,0.9384907,-0.6958541,0.024859848,0.79962695,0.32205728,-0.029650465,0.9927169,-0.32205728,0.029650465,0.9876375,0.6279756,0.83464146,0.98903006,-0.8139028,0.888177,0.97804743,0.986992,2.006475,0.97371155,-0.89154005,2.0601091,0.95708394
18,0.6262087912087912,1,438.7623901367187,450.171875,139.37889500840083,0.875990629196167,True,0.23247406,-1.1622359,0.96680677,0.26424256,-1.2312688,0.72596,0.18695657,-1.2443697,0.9561682,0.0,0.0,0.23142695,-0.0025341746,-1.3203882,0.9077534,0.24917676,-0.99336094,0.98629564,-0.34603176,-1.0042925,0.9982381,0.3424825,-0.4453526,0.9334319,-0.549051,-0.48644152,0.99511,0.512667,0.04069371,0.93691033,-0.14002661,-0.2996658,0.98979706,0.19999814,-0.014904424,0.997936,-0.19999835,0.0149046425,0.9991986,0.28840193,0.7955762,0.9956317,-0.15584058,0.8588334,0.9982095,0.31399372,1.5600903,0.98350304,-0.15282951,1.5770868,0.99048585
18,0.6262087912087912,3,1209.6085205078125,449.7283935546875,69.79947305651909,0.7496922612190247,True,-0.6414354,-0.9902622,0.67833436,-0.61633384,-1.0965993,0.6598334,-0.7177719,-1.0666788,0.41787398,-0.42116326,-1.1740079,0.56125516,0.0,0.0,0.20079806,-0.020722378,-0.9789886,0.98290056,-0.7949338,-0.84712887,0.9662,0.14834103,-0.43269092,0.9678411,-0.8083302,-0.16160622,0.87998146,-0.27426854,-0.20324248,0.9424899,-0.65733963,0.10519681,0.84978795,0.31825265,-0.032556992,0.9949445,-0.31825265,0.032556556,0.99225545,0.6868413,0.8444553,0.99164635,-0.8110969,0.9037311,0.98503184,1.06291,1.9425975,0.9784001,-0.9391685,2.001978,0.9676265
19,0.6609981684981685,1,438.8605346679687,451.7765502929687,140.47653974062038,0.8729170560836792,True,0.21990381,-1.1686406,0.97036797,0.2542098,-1.237852,0.7582796,0.17314894,-1.2500552,0.9606931,0.0,0.0,0.24923441,-0.0125851175,-1.3243271,0.9083135,0.24226227,-0.9942486,0.98597056,-0.3411338,-1.0033059,0.9981237,0.32525462,-0.44849998,0.9281785,-0.54667825,-0.5026702,0.994383,0.4919169,0.03671867,0.93003035,-0.2115469,-0.34296277,0.98821545,0.19538574,-0.014735826,0.99767154,-0.19538553,0.014735826,0.9990784,0.28721055,0.79046035,0.99520373,-0.15213457,0.85532445,0.997997,0.3148239,1.539651,0.9826629,-0.14447305,1.5563627,0.9898891
19,0.6609981684981685,3,1210.649169921875,450.64642333984375,70.31240468686319,0.7429453730583191,True,-0.6103845,-0.99190974,0.7071208,-0.58544695,-1.0954399,0.6715741,-0.6860704,-1.0675466,0.46887282,-0.40485126,-1.1713679,0.54844916,0.0,0.0,0.23852792,-0.022819476,-0.9799744,0.98344606,-0.7826382,-0.85066307,0.9715028,0.1482068,-0.44432178,0.9655957,-0.79223716,-0.16757618,0.89622825,-0.28916705,-0.22926377,0.9397341,-0.65211374,0.11162558,0.86426556,0.31151953,-0.03226263,0.99488586,-0.31151778,0.032262195,0.9927053,0.67470753,0.8303731,0.99120796,-0.803081,0.8885646,0.9854419,1.0549233,1.9126562,0.9772848,-0.92271656,1.9713403,0.9678399
20,0.6957875457875458,1,438.1004028320313,450.1751403808594,138.45400899937883,0.8646971583366394,True,0.22507323,-1.1735246,0.9725816,0.2610869,-1.2424985,0.78299505,0.17860852,-1.2557114,0.9620566,0.0,0.0,0.27568632,-0.007824353,-1.3305093,0.9078298,0.2538515,-0.99066335,0.9878619,-0.34151235,-1.0074146,0.99797994,0.3432704,-0.45268503,0.9351638,-0.540233,-0.5140748,0.9933078,0.513885,0.025503095,0.9329827,-0.21917775,-0.33474797,0.98623115,0.1992404,-0.01332882,0.9977501,-0.1992404,0.01332882,0.99900156,0.30030522,0.8057723,0.9953751,-0.15191782,0.86723816,0.9978483,0.34029278,1.56865,0.98325205,-0.12568757,1.5853593,0.9894861
20,0.6957875457875458,3,1215.6610107421875,446.49652099609375,67.36052260890852,0.736549973487854,True,-0.72543746,-0.98332304,0.7961062,-0.6901413,-1.0952178,0.7994167,-0.8124282,-1.0638406,0.5150736,-0.4696173,-1.1709793,0.6961164,0.0,0.0,0.19950171,-0.026704486,-0.96690637,0.98708886,-0.8261338,-0.84214586,0.9661796,0.14031272,-0.38354582,0.96972233,-0.86874026,-0.15265013,0.8373246,-0.36676264,-0.25109032,0.94325954,-0.7066722,-0.046996072,0.81405944,0.32626554,-0.028870057,0.9932719,-0.32626554,0.028870057,0.9885611,0.60266674,0.87213856,0.9889368,-0.8559244,0.9238568,0.977813,0.9593065,2.0433354,0.97141236,-0.9360542,2.0921404,0.9533215
21,0.7305769230769231,1,438.0206909179687,448.39544677734375,137.09045261722576,0.8778322339057922,True,0.2251506,-1.1722373,0.97587806,0.2630064,-1.2417363,0.8100243,0.17719527,-1.2559432,0.9638958,0.2739149,-1.2826555,0.30607066,-0.010719295,-1.3332709,0.9060639,0.26347607,-0.9861544,0.9904191,-0.34359553,-1.0122399,0.99806064,0.36606747,-0.43925244,0.9490853,-0.5521466,-0.520541,0.99327785,0.5506102,0.04340476,0.94621944,-0.21691829,-0.33716303,0.98676366,0.20196453,-0.011970134,0.99815375,-0.2019643,0.011970358,0.9990897,0.29647186,0.8171614,0.9961534,-0.14928053,0.8761844,0.9980233,0.3376628,1.5934664,0.9852883,-0.12396387,1.6095464,0.99014986
21,0.7305769230769231,3,1215.7421875,447.449462890625,67.84915363909045,0.7392206192016602,True,-0.7099093,-1.0040759,0.8423011,-0.6688385,-1.1183327,0.8428197,-0.8027739,-1.085121,0.5910737,-0.44379455,-1.1914054,0.73514587,0.0,0.0,0.23350044,-0.01729156,-0.97772026,0.9896633,-0.80896837,-0.8436239,0.9731818,0.16395408,-0.3991007,0.9720233,-0.8257849,-0.15977782,0.8503556,-0.34154207,-0.26472363,0.9465715,-0.6742017,-0.061651226,0.82465786,0.3237827,-0.030584527,0.99371547,-0.32378453,0.030584076,0.9893762,0.6042331,0.8599223,0.9891368,-0.8443449,0.9147773,0.97837013,0.954062,2.0128953,0.9714337,-0.92893696,2.0671916,0.9535965
22,0.7653663003663004,1,437.00140380859375,447.7376708984375,136.50676481002648,0.8839002251625061,True,0.23321675,-1.174116,0.9764559,0.27279508,-1.2430325,0.8191115,0.1860389,-1.2586259,0.96286213,0.28601915,-1.2823336,0.31518793,-0.0035403108,-1.3371828,0.89896524,0.27573222,-0.98108816,0.9913612,-0.33637467,-1.0179923,0.9978734,0.3797779,-0.42927542,0.9556853,-0.54244196,-0.5180897,0.99247134,0.56948346,0.061685823,0.95210105,-0.26157454,-0.2806445,0.98589003,0.20335683,-0.008792651,0.99830127,-0.20335661,0.008792651,0.9990722,0.2974916,0.8223675,0.9964721,-0.15688254,0.87210757,0.99799865,0.3358976,1.6009444,0.9862256,-0.13088262,1.6129634,0.99013865
22,0.7653663003663004,3,1215.4267578125,448.5560607910156,67.84124428153517,0.7427529692649841,True,-0.69505566,-1.0100269,0.86235654,-0.6489185,-1.1252296,0.86407316,-0.7868137,-1.0925281,0.62054884,-0.41927612,-1.200384,0.7619817,0.0,0.0,0.24180008,-0.0117443735,-0.989903,0.9907731,-0.7751251,-0.8488014,0.9753004,0.16456158,-0.41865894,0.97327495,-0.79021263,-0.15761699,0.84872633,-0.32976553,-0.28188387,0.9485253,-0.67847645,-0.03043065,0.8230027,0.31387365,-0.031306036,0.9938497,-0.31387186,0.031306036,0.9894091,0.59788525,0.8420128,0.9894202,-0.82179487,0.89834833,0.9784889,0.949835,1.9827312,0.9725228,-0.9090761,2.0402133,0.95467967
23,0.8001556776556776,1,438.8923950195313,449.76171875,138.60925344162877,0.8886711001396179,True,0.21665175,-1.1675228,0.9769101,0.2542876,-1.2363479,0.80991346,0.16921198,-1.252191,0.9655001,0.0,0.0,0.29682443,-0.02007773,-1.3316714,0.90918165,0.24754642,-0.98591703,0.99062294,-0.34904826,-1.0115056,0.9982186,0.34905288,-0.45035258,0.95142484,-0.5493984,-0.5106967,0.99411327,0.55331016,0.016843654,0.95049644,-0.19942918,-0.3122845,0.98852074,0.19887194,-0.011864292,0.9982351,-0.19887216,0.011864513,0.999158,0.27727133,0.7985499,0.9962232,-0.16116697,0.85438496,0.9981146,0.3082794,1.5665525,0.98510855,-0.14490192,1.578336,0.99021274
23,0.8001556776556776,3,1218.933837890625,447.1604614257813,68.04749416199377,0.7435783743858337,True,-0.75617135,-0.96615934,0.81366247,-0.7171164,-1.0783874,0.8299304,-0.83425975,-1.0496572,0.4922768,-0.47532576,-1.166057,0.7597517,0.0,0.0,0.16646056,-0.043170173,-0.9769734,0.98922205,-0.7556332,-0.8565799,0.9665198,0.085305266,-0.3886302,0.9748913,-0.80338675,-0.16333492,0.81924623,-0.4327099,-0.25771776,0.9509652,-0.7596336,-0.03200943,0.80109704,0.29885814,-0.025041929,0.9938803,-0.29885635,0.025041929,0.9885599,0.5617845,0.86248994,0.99018174,-0.8371354,0.90759796,0.97800934,0.90678173,1.9963572,0.9744012,-0.966149,2.0349422,0.95487374
24,0.834945054945055,1,438.7799987792969,450.7808532714844,140.1096975522943,0.8901807069778442,True,0.22079715,-1.1588639,0.97648424,0.2572188,-1.2269933,0.79780465,0.1740011,-1.2434216,0.96594596,0.0,0.0,0.27618897,-0.018866878,-1.3261094,0.9134995,0.24050543,-0.9838474,0.99037945,-0.35028574,-1.0131375,0.99829787,0.34605563,-0.46442515,0.95058304,-0.54468274,-0.5140346,0.9945967,0.56885034,0.0022406324,0.95078546,-0.16063376,-0.2768452,0.9894127,0.1974098,-0.011400499,0.9982516,-0.1974098,0.011400499,0.9991972,0.27551785,0.79623216,0.996167,-0.15681311,0.8478318,0.99815553,0.30673227,1.5478431,0.9846368,-0.14384633,1.5600601,0.99011314
24,0.834945054945055,3,1217.197998046875,448.385009765625,68.3851677903985,0.7453370094299316,True,-0.7456579,-1.0058472,0.8401945,-0.70099443,-1.118586,0.85614187,-0.82332325,-1.0889477,0.53757375,-0.45070493,-1.1966436,0.7835678,0.0,0.0,0.17907469,-0.026698856,-0.9875903,0.99040926,-0.74715024,-0.8566321,0.9693788,0.12247343,-0.42436755,0.97565675,-0.7965316,-0.17072934,0.8184088,-0.3556551,-0.3065071,0.9518207,-0.7561968,-0.028491482,0.798237,0.30039558,-0.027332097,0.9939458,-0.3003938,0.027331652,0.98854893,0.583869,0.85852695,0.99014634,-0.8125791,0.9082073,0.97767705,0.93509716,1.9727895,0.9744504,-0.9340101,2.019929,0.9545603
25,0.8697344322344323,1,438.79986572265625,448.8018493652344,138.28537785290774,0.8886449933052063,True,0.22858141,-1.1619946,0.97691673,0.26565656,-1.2319165,0.7952166,0.1790587,-1.2470267,0.96834385,0.0,0.0,0.26750678,-0.020515366,-1.3291334,0.920417,0.24609722,-0.9832949,0.98965865,-0.35109034,-1.0139475,0.99839264,0.34886914,-0.45336547,0.944221,-0.5422834,-0.5044961,0.9948555,0.5607261,0.02049418,0.94523054,-0.1561041,-0.24034108,0.9895756,0.19998035,-0.010423417,0.99815243,-0.19998035,0.010423417,0.999209,0.27537668,0.8109144,0.9960592,-0.16892327,0.85875154,0.99822503,0.31239974,1.5733899,0.98477095,-0.15714131,1.5883642,0.9906102
25,0.8697344322344323,3,1215.9345703125,449.2408752441406,69.2504534661945,0.7405545711517334,True,-0.7244178,-1.0312265,0.8557264,-0.67758894,-1.1437433,0.8701397,-0.80404586,-1.113106,0.5738259,-0.43018,-1.21489,0.7942081,0.0,0.0,0.19593546,-0.020229166,-0.99824744,0.99132663,-0.7354754,-0.85348403,0.97173494,0.16975683,-0.46083575,0.97676283,-0.7477723,-0.16852467,0.82214916,-0.27185982,-0.3350028,0.95339346,-0.68850553,-0.0014665968,0.7999295,0.2975094,-0.030983621,0.9941521,-0.29751116,0.030983621,0.98882943,0.597194,0.831835,0.9902739,-0.78617525,0.8888199,0.97781575,0.9462529,1.9269316,0.97477436,-0.9021898,1.9860926,0.95487136
26,0.9045238095238096,1,437.8211975097656,448.7076416015625,138.91264477254956,0.8841028213500977,True,0.23866594,-1.157114,0.9728792,0.27470526,-1.2276129,0.76337403,0.18794218,-1.239556,0.9656525,0.0,0.0,0.23880978,-0.012397708,-1.3179948,0.9181018,0.24582934,-0.9944308,0.9863579,-0.33510897,-1.0035756,0.99823606,0.3278755,-0.5182158,0.92837995,-0.5125959,-0.4852519,0.9947207,0.5220094,-0.07225219,0.9323019,-0.13742997,-0.15450968,0.989057,0.19624378,-0.01292672,0.9977514,-0.19624378,0.012926939,0.9991277,0.28458312,0.80365044,0.99541664,-0.16247626,0.85171795,0.9981223,0.32002842,1.5643653,0.98354363,-0.1558243,1.5900254,0.9904627
26,0.9045238095238096,3,1214.58740234375,450.6940307617187,70.24867482660649,0.742750883102417,True,-0.68480045,-1.0546297,0.87225145,-0.6332936,-1.1665038,0.8819363,-0.7658775,-1.1366016,0.6169907,-0.3907627,-1.2308265,0.79859066,0.0,0.0,0.22010146,-0.0035153439,-1.0044616,0.99178,-0.7157139,-0.8617401,0.9745643,0.17863785,-0.4665285,0.9760216,-0.72602016,-0.17900972,0.8301536,-0.25567132,-0.35358486,0.95199937,-0.6548896,-0.025460176,0.8047539,0.2959266,-0.030715816,0.994007,-0.2959266,0.030715816,0.98885506,0.6034784,0.8021413,0.9898807,-0.7757632,0.85874134,0.9776055,0.9614509,1.9001145,0.9739551,-0.8775292,1.9596469,0.95437413
27,0.9393131868131868,1,437.9469604492187,450.5916442871094,140.09363762112432,0.8873323798179626,True,0.23799258,-1.158742,0.9742443,0.2733397,-1.2292633,0.7677624,0.18737446,-1.2420809,0.9685485,0.0,0.0,0.23742253,-0.014349577,-1.3223989,0.92598945,0.23381948,-0.9932285,0.98626745,-0.33805886,-1.0040532,0.99830925,0.29236862,-0.5172672,0.92416674,-0.4897148,-0.46063596,0.9947777,0.51270705,-0.061879214,0.92805463,-0.082701385,-0.059332483,0.9889599,0.1945376,-0.013084597,0.99755645,-0.1945376,0.013084597,0.9990773,0.2853813,0.7881393,0.9948894,-0.16776565,0.83554846,0.99795735,0.3168559,1.5391655,0.98180586,-0.15462877,1.5737022,0.9895807
27,0.9393131868131868,3,1213.78515625,450.7821044921875,70.29128682023457,0.7513917088508606,True,-0.67967206,-1.0731254,0.89082664,-0.62485343,-1.1847476,0.8990293,-0.76014775,-1.156256,0.6533321,-0.38059226,-1.2436868,0.81852233,0.0,0.0,0.23508662,-0.0048521585,-1.0041033,0.99273986,-0.7014234,-0.8670398,0.9774635,0.17617294,-0.46417606,0.9770289,-0.7141842,-0.19048369,0.83489275,-0.24529622,-0.33388156,0.95346403,-0.6682745,-0.022684362,0.8083615,0.29076654,-0.029255789,0.9942053,-0.2907648,0.029255355,0.9892074,0.60229284,0.80964833,0.9900662,-0.77316904,0.86389434,0.97793204,0.97435474,1.8982315,0.9743173,-0.8768079,1.9539871,0.95487267
28,0.974102564102564,1,438.28369140625,452.1180419921875,141.1303415790223,0.8872957825660706,True,0.24343683,-1.1580415,0.9718864,0.27511922,-1.2286963,0.7428074,0.19442654,-1.2410822,0.9664075,0.0,0.0,0.21798022,-0.007486984,-1.3216164,0.9268125,0.22142456,-0.9931375,0.9855554,-0.33177802,-1.0038155,0.99830484,0.2834335,-0.5011129,0.9223062,-0.4886838,-0.42607912,0.99497175,0.5440393,-0.042444047,0.9270781,-0.10540486,0.018980836,0.98932236,0.18779607,-0.013104169,0.99748033,-0.18779607,0.013104169,0.9990734,0.27692825,0.7814436,0.9946127,-0.16617477,0.8280569,0.99789536,0.3176928,1.5221391,0.98051935,-0.14948863,1.5640743,0.9889691
28,0.974102564102564,3,1212.2332763671875,452.4109802246094,71.40763103764408,0.7600739002227783,True,-0.60452366,-1.1002493,0.8838155,-0.55254334,-1.2088469,0.8808874,-0.68672085,-1.1802173,0.67637914,-0.33271375,-1.2589784,0.7730301,0.0,0.0,0.27999923,0.026970554,-1.0120449,0.99222106,-0.70171475,-0.8706983,0.97999465,0.23647997,-0.48992702,0.9749257,-0.71474105,-0.20112953,0.867291,-0.15530847,-0.35792395,0.9505801,-0.61594474,-0.023229772,0.83573097,0.29722482,-0.031931054,0.99439704,-0.29722482,0.031931054,0.9905572,0.62924963,0.7724964,0.98978287,-0.7429356,0.8315865,0.97981745,0.9849457,1.8401043,0.9733567,-0.83003384,1.9050007,0.956879
29,1.0088919413919415,1,436.7555236816406,452.71478271484375,141.21871200081708,0.8809149861335754,True,0.2621374,-1.1620632,0.9713047,0.2916249,-1.2337402,0.73062146,0.21308625,-1.2442983,0.9673542,0.0,0.0,0.20525531,0.00875665,-1.3239992,0.93267745,0.2224871,-0.99593496,0.98501843,-0.3159979,-1.0018775,0.9983145,0.29014286,-0.50324595,0.91555953,-0.4777512,-0.40195423,0.9948474,0.57916224,-0.055005834,0.9194552,-0.13046005,0.071395405,0.9887378,0.18173987,-0.013754213,0.99734575,-0.18173987,0.013753997,0.9990476,0.28256094,0.78971016,0.9943777,-0.14817324,0.8377681,0.9978567,0.32329088,1.5197335,0.9800751,-0.13517517,1.5714401,0.9888353
29,1.0088919413919415,3,1211.47021484375,452.5298156738281,71.15989685797233,0.769608199596405,True,-0.57973707,-1.1141226,0.8820927,-0.5263355,-1.2221549,0.87444633,-0.66278994,-1.194629,0.6843675,-0.30917662,-1.2671928,0.75726634,0.0,0.0,0.29675648,0.04999641,-1.0138365,0.99216485,-0.7060189,-0.8755101,0.9811674,0.27459857,-0.48614237,0.9746002,-0.71392196,-0.20072027,0.8797416,-0.1309273,-0.36063674,0.9503267,-0.59206074,-0.02416107,0.8472957,0.30552447,-0.03166782,0.9945182,-0.30552447,0.03166782,0.9910903,0.6396058,0.7652341,0.98961943,-0.74113905,0.82402086,0.9803556,0.9901485,1.8423376,0.9724577,-0.8150847,1.9072764,0.95675164
30,1.0436813186813187,1,435.5628356933594,452.17041015625,141.12459914481457,0.8817188739776611,True,0.2752556,-1.1628375,0.96763706,0.30068976,-1.2344525,0.69059914,0.22820574,-1.2439132,0.96424097,0.0,0.0,0.17966697,0.020674163,-1.3211856,0.9332128,0.22158928,-1.0029836,0.98445964,-0.31452084,-0.9948564,0.9983297,0.2814197,-0.53422815,0.915703,-0.46618405,-0.35968417,0.9951983,0.5780438,-0.1699189,0.920083,-0.13858598,0.12070291,0.98939985,0.18191318,-0.016026828,0.9974637,-0.18191318,0.016026828,0.99911314,0.29879805,0.79109615,0.994589,-0.14220789,0.84163404,0.9979874,0.32902855,1.5261483,0.9804555,-0.13203828,1.5885227,0.9891691
30,1.0436813186813187,3,1207.76416015625,456.3358154296875,74.76119309137958,0.778834879398346,True,-0.47514245,-1.1237662,0.87737197,-0.43208218,-1.2202868,0.84522593,-0.54514563,-1.1977243,0.72306174,-0.2523824,-1.2625022,0.69323677,-0.6274405,-1.2035743,0.39547944,0.05982264,-1.0204673,0.9922125,-0.64926296,-0.89069945,0.98768985,0.30975255,-0.5593298,0.97282517,-0.645292,-0.268441,0.9262697,-0.07348757,-0.42711192,0.9489963,-0.5913687,-0.02234042,0.89072514,0.2862712,-0.031237973,0.9958103,-0.28626958,0.031237565,0.9942332,0.69243264,0.7376788,0.99107563,-0.682159,0.7950314,0.9859006,1.049014,1.7218252,0.9754714,-0.80151534,1.785525,0.9664311
31,1.078470695970696,1,435.55377197265625,454.4596557617187,142.79439198138576,0.8793615698814392,True,0.26888347,-1.170039,0.96630293,0.2922927,-1.2399993,0.6773251,0.2244859,-1.2498294,0.9626766,0.0,0.0,0.1763584,0.019174041,-1.3220005,0.9342686,0.20692927,-1.0055516,0.9849348,-0.3190971,-0.9913005,0.99836165,0.26077932,-0.5712168,0.91934353,-0.47289592,-0.36902842,0.9953343,0.5451756,-0.2561348,0.92291796,-0.15974763,0.09064953,0.9896891,0.17888898,-0.01702982,0.99749506,-0.17888919,0.017029606,0.99911875,0.29054347,0.7737322,0.9944273,-0.14555126,0.82431,0.99790925,0.32254606,1.4976213,0.97924316,-0.12546209,1.5583994,0.98840374
31,1.078470695970696,3,1208.716064453125,454.27935791015625,74.48559035388003,0.7793360948562622,True,-0.5306284,-1.0952301,0.84794706,-0.49081594,-1.1903629,0.82671624,-0.5880142,-1.1695349,0.6286115,-0.2883285,-1.2427671,0.7141021,0.0,0.0,0.29619896,0.05892138,-1.013645,0.99178106,-0.645459,-0.89841545,0.9840776,0.2682723,-0.5205749,0.9760786,-0.64853346,-0.27053106,0.90984046,-0.19375569,-0.3907952,0.95380485,-0.60828835,-0.035735827,0.87589103,0.2865815,-0.026303457,0.9959306,-0.28657985,0.026303457,0.9937827,0.6810104,0.76341975,0.99166554,-0.69590586,0.8111306,0.98516256,1.0442587,1.7668376,0.97634095,-0.8115657,1.8150221,0.9647821
32,1.1132600732600733,1,435.2984313964844,456.1062622070313,144.46985019154977,0.8864356279373169,True,0.26663736,-1.1707275,0.95882165,0.28628293,-1.2390076,0.6229808,0.22555844,-1.2480346,0.9549791,0.0,0.0,0.1606639,0.025821147,-1.316472,0.9319581,0.20487462,-1.0064352,0.98448825,-0.31644672,-0.9904503,0.9983583,0.24698943,-0.5923435,0.91960335,-0.47234678,-0.37676606,0.99552757,0.49549976,-0.32753482,0.9216468,-0.192232,0.070672125,0.9898365,0.17805453,-0.016468145,0.99766624,-0.17805453,0.016467933,0.99919266,0.29535457,0.76417935,0.994662,-0.14494608,0.81161255,0.99802965,0.32270974,1.4601921,0.979813,-0.12185286,1.5230694,0.9888263
32,1.1132600732600733,3,1208.9560546875,453.52734375,74.66870582410348,0.7782427072525024,True,-0.55068445,-1.0773199,0.8480026,-0.5101343,-1.1726162,0.83583194,-0.602721,-1.1532003,0.6034142,-0.29684183,-1.2328355,0.7443007,0.0,0.0,0.26386708,0.05588161,-1.0124606,0.99226165,-0.62916917,-0.9036143,0.9829322,0.24575353,-0.5112999,0.9783819,-0.6283959,-0.2762148,0.8992207,-0.23787694,-0.3690496,0.9571869,-0.60313624,-0.02989156,0.8662576,0.28105104,-0.02390769,0.99602354,-0.2810494,0.0239081,0.9934936,0.6697406,0.77961236,0.991916,-0.69465375,0.82292706,0.98444843,1.0344915,1.7774576,0.9765598,-0.8148249,1.8185359,0.9631488
33,1.1480494505494503,1,434.741943359375,455.0252075195313,142.95582427103386,0.8893139958381653,True,0.2540462,-1.1800852,0.96547335,0.277381,-1.2505271,0.6750442,0.20865296,-1.2588243,0.96109825,0.0,0.0,0.18612334,0.00914508,-1.3251035,0.9342622,0.20630686,-1.0067897,0.9860432,-0.32225335,-0.98984635,0.99846977,0.25070336,-0.5918662,0.9230904,-0.4864607,-0.37113136,0.9955069,0.5101563,-0.35640752,0.9241079,-0.21229635,0.059547093,0.9897713,0.17965315,-0.016622704,0.9977744,-0.17965336,0.01662249,0.9992157,0.29641512,0.77462775,0.99507684,-0.14599638,0.82185924,0.9981534,0.33667362,1.488026,0.98158514,-0.11608119,1.5553348,0.9897462
33,1.1480494505494503,3,1208.5614013671875,453.4739990234375,75.12418738371991,0.7801072597503662,True,-0.5382153,-1.0771183,0.84348506,-0.49636722,-1.1727984,0.8303105,-0.59088355,-1.1531886,0.5985218,-0.28068596,-1.234375,0.73714626,0.0,0.0,0.26281065,0.07300899,-1.0165508,0.9921606,-0.6302764,-0.9042441,0.982847,0.2719764,-0.5235374,0.9784818,-0.6331443,-0.27865764,0.90144217,-0.2082668,-0.39001745,0.9575104,-0.5988879,-0.03347891,0.86872214,0.28608555,-0.024755558,0.99613416,-0.28608555,0.024755152,0.9937039,0.6754392,0.77483153,0.99207145,-0.68464273,0.81959826,0.9848563,1.0248005,1.7644083,0.97686905,-0.801812,1.8085986,0.96381474
34,1.1828388278388278,1,434.2546997070313,456.3338623046875,145.189302677048,0.8890372514724731,True,0.25268587,-1.1755056,0.96328074,0.2740201,-1.2449931,0.65397227,0.20870243,-1.2523105,0.9592767,0.0,0.0,0.17370698,0.008925578,-1.3174547,0.9343817,0.19805391,-1.0114433,0.9856753,-0.32273015,-0.9846671,0.9984572,0.24152155,-0.62376744,0.92257375,-0.48529363,-0.3774506,0.9955829,0.47832617,-0.4030595,0.92335266,-0.21697222,0.040397994,0.98989433,0.17762329,-0.018255984,0.9978029,-0.17762308,0.018256195,0.99923277,0.2969331,0.76236844,0.9950713,-0.14089903,0.81195813,0.998166,0.33760205,1.4567966,0.9814363,-0.11093915,1.5220759,0.9896912
34,1.1828388278388278,3,1208.4676513671875,452.3331909179687,74.36028109379372,0.7816199064254761,True,-0.5199,-1.0795627,0.85165226,-0.4759526,-1.1774402,0.8343896,-0.57964796,-1.1567346,0.6298868,-0.2657104,-1.238398,0.7273116,0.0,0.0,0.2910426,0.07605726,-1.018112,0.99202627,-0.6349438,-0.9022125,0.9836835,0.2680612,-0.52216464,0.9769745,-0.6357728,-0.26876625,0.9053057,-0.20596743,-0.3959452,0.95528156,-0.58560205,-0.032090534,0.87196606,0.28982726,-0.026064195,0.99599695,-0.28982726,0.026063785,0.99369425,0.68618,0.7866344,0.9918202,-0.6855414,0.8345418,0.9849672,1.0323291,1.790606,0.9764524,-0.8070909,1.8387716,0.96414274
35,1.217628205128205,1,433.5278015136719,454.8013000488281,144.1267912573524,0.8905392289161682,True,0.25979987,-1.1804715,0.96552724,0.2821716,-1.250445,0.6690644,0.21467274,-1.2579796,0.9617321,0.0,0.0,0.17801426,0.010094126,-1.322346,0.93616796,0.2025783,-1.0118203,0.9862889,-0.32484022,-0.9844392,0.99848,0.25706884,-0.62495583,0.92418355,-0.4889051,-0.37260246,0.9955302,0.5041323,-0.40337566,0.92461324,-0.20601931,0.047131896,0.9898218,0.17969501,-0.018598711,0.9978671,-0.17969501,0.018598711,0.9992434,0.30099708,0.76844585,0.9953041,-0.14201355,0.8182177,0.9982268,0.34622267,1.473702,0.98243284,-0.11424263,1.5375309,0.9901433
35,1.217628205128205,3,1211.0631103515625,449.1605224609375,71.18856001503713,0.7797063589096069,True,-0.56644756,-1.0891773,0.88878584,-0.5081496,-1.1987152,0.88510275,-0.64856845,-1.172787,0.68206865,-0.27819356,-1.2565287,0.78459203,0.0,0.0,0.28698888,0.0714569,-1.0204223,0.9931671,-0.67626506,-0.88593733,0.98204213,0.25508735,-0.49174634,0.9779739,-0.6738164,-0.21435057,0.8772886,-0.19870822,-0.37261692,0.9559363,-0.5389207,-0.045969773,0.8479714,0.30500704,-0.030181676,0.99533916,-0.30500704,0.030181676,0.9920012,0.6581093,0.82696676,0.9910744,-0.71838266,0.8836867,0.98211986,0.99690884,1.8776599,0.97514206,-0.8017364,1.9394542,0.95937085
36,1.2524175824175825,1,432.73822021484375,453.2340698242187,143.2170190729773,0.8880825042724609,True,0.26776546,-1.1735798,0.9624522,0.28892303,-1.2437022,0.6484976,0.22355327,-1.2508526,0.9592836,0.0,0.0,0.1705262,0.01949654,-1.3171042,0.93529195,0.2068277,-1.0130824,0.98512137,-0.31987125,-0.98372036,0.9984224,0.26393056,-0.63053524,0.91838676,-0.49162793,-0.37849382,0.99544585,0.50516,-0.3937152,0.91923445,-0.20316027,0.04267457,0.98952323,0.17936109,-0.019034995,0.99775785,-0.17936088,0.019034782,0.99922335,0.3049959,0.77176774,0.995146,-0.13812996,0.8232911,0.99821043,0.34902036,1.4867915,0.9822728,-0.115683675,1.5508311,0.99020714
36,1.2524175824175825,3,1208.527099609375,451.82562255859375,74.32526260510087,0.7812403440475464,True,-0.48697054,-1.0734676,0.87607133,-0.44113502,-1.1739321,0.85113,-0.5570345,-1.1509334,0.7014351,-0.24465054,-1.23766,0.7190485,-0.63051784,-1.1766346,0.36078498,0.07227293,-1.024294,0.99268544,-0.63165766,-0.89588535,0.98678255,0.29065526,-0.5548296,0.9761159,-0.61081094,-0.2701448,0.919364,-0.12992539,-0.4523069,0.95445484,-0.5354947,-0.058265477,0.88594645,0.2874674,-0.029871605,0.996176,-0.28746575,0.029871605,0.9943393,0.6961638,0.79596007,0.991955,-0.6687179,0.8517144,0.9862619,1.0301335,1.7896775,0.9768276,-0.8033093,1.8494084,0.9664815
37,1.2872069597069598,1,434.38043212890625,452.2501525878906,142.8504676851771,0.8905140161514282,True,0.24933688,-1.1822276,0.9666576,0.2744046,-1.2522128,0.69323426,0.20369077,-1.2614169,0.9614348,0.0,0.0,0.20185748,0.008061015,-1.3263475,0.9322886,0.21131554,-1.0058384,0.9866071,-0.32299283,-0.9910415,0.9984444,0.2616763,-0.6015707,0.9257965,-0.50215,-0.38970938,0.99533075,0.51929384,-0.35182178,0.9263622,-0.19913226,0.033930905,0.98953027,0.18133684,-0.016843682,0.99780077,-0.18133706,0.016843682,0.9992004,0.30772406,0.76726663,0.99518555,-0.13703299,0.81511617,0.99814594,0.3401651,1.4961963,0.98215795,-0.12356299,1.560078,0.989924
37,1.2872069597069598,3,1208.27392578125,452.3492126464844,74.98362637633826,0.7860521078109741,True,-0.48262978,-1.0725405,0.8821603,-0.435795,-1.1721411,0.85991055,-0.55069804,-1.1494387,0.70926636,-0.23842607,-1.2364117,0.7322935,-0.6212424,-1.1758081,0.3616313,0.07682016,-1.0271289,0.99315107,-0.62123424,-0.89734757,0.98713034,0.31648836,-0.5716865,0.97730094,-0.59004253,-0.28332928,0.9181014,-0.086876065,-0.4725173,0.95631015,-0.514305,-0.07817788,0.88492346,0.2842808,-0.0300269,0.99634844,-0.28428245,0.0300269,0.9944735,0.6916077,0.7819611,0.99236685,-0.65901107,0.8378241,0.9866485,1.0283886,1.7646695,0.9780437,-0.7855719,1.8250806,0.9676654
38,1.321996336996337,1,433.6761169433594,451.3328857421875,141.34343304038552,0.8797567486763,True,0.2311319,-1.1947886,0.9736854,0.26292217,-1.2657306,0.76019436,0.18161274,-1.2757683,0.96876794,0.0,0.0,0.24434209,-0.010218196,-1.33827,0.93383634,0.22116804,-1.0026158,0.98726255,-0.32635182,-0.99461657,0.9984066,0.27051923,-0.6024312,0.9232515,-0.5097769,-0.4136234,0.9946666,0.4881232,-0.33572665,0.9228359,-0.1938782,0.01150157,0.9882251,0.18588541,-0.0149447,0.9975211,-0.18588541,0.0149447,0.9990651,0.31903762,0.7644569,0.9947523,-0.13524374,0.8052416,0.9979153,0.3474705,1.5146922,0.9815307,-0.13735145,1.5672592,0.98940814
38,1.321996336996337,3,1208.715576171875,453.0776062011719,75.4781868806921,0.7905784249305725,True,-0.4659711,-1.09166,0.8994065,-0.41859737,-1.191664,0.8734703,-0.5405752,-1.1679153,0.7568977,-0.23279472,-1.2487686,0.7329248,-0.622635,-1.1857642,0.41713533,0.0646723,-1.0262408,0.99361753,-0.6216873,-0.8946272,0.9891612,0.29313105,-0.56915396,0.97629863,-0.5853419,-0.28033584,0.9271239,-0.102086745,-0.46867844,0.954689,-0.5005941,-0.08104859,0.8934723,0.27996144,-0.03102331,0.9962619,-0.27995983,0.03102331,0.99463034,0.6843784,0.7625013,0.9918807,-0.65252906,0.8202799,0.9866109,1.014167,1.7359763,0.97670615,-0.7815712,1.7991147,0.9671181
39,1.3567857142857145,1,433.60357666015625,452.17919921875,143.45069181050124,0.8760693669319153,True,0.2490516,-1.1903255,0.9639622,0.27400398,-1.2597747,0.6679506,0.20380262,-1.2678883,0.9623953,0.0,0.0,0.1754581,0.0013945051,-1.3270364,0.93638325,0.20628273,-1.0052184,0.9831376,-0.33271807,-0.9907813,0.9982823,0.26004213,-0.6169244,0.9019264,-0.5209605,-0.4356049,0.994835,0.44478396,-0.32102826,0.9028755,-0.20948212,-0.036626235,0.98804724,0.18367814,-0.016951269,0.99729913,-0.18367791,0.016951269,0.99908984,0.33224046,0.7427494,0.9945416,-0.12186443,0.78979707,0.9980533,0.34418026,1.4925349,0.9818211,-0.14381869,1.541433,0.9902075
39,1.3567857142857145,3,1210.064208984375,453.3053588867187,72.13525011505025,0.790761411190033,True,-0.52418214,-1.1682694,0.9066918,-0.46463895,-1.2761875,0.89603835,-0.6152739,-1.2424577,0.7712814,-0.25956288,-1.3028153,0.739115,-0.70299464,-1.2200884,0.36348975,0.038984183,-1.029385,0.9907452,-0.63473463,-0.87982506,0.97983366,0.24062668,-0.5791585,0.9684585,-0.62036073,-0.2697231,0.87437254,-0.06285495,-0.4879039,0.9429851,-0.5174335,-0.12390428,0.844713,0.2811745,-0.03503872,0.99335045,-0.2811745,0.035038296,0.98945785,0.6796908,0.76300365,0.9894112,-0.6377028,0.83086383,0.98101336,1.0284382,1.8025197,0.9768039,-0.7440332,1.8812081,0.9647508
40,1.3915750915750915,1,434.3532104492187,449.91455078125,142.59736487794208,0.8743621110916138,True,0.2519292,-1.2006539,0.9620322,0.2744315,-1.2697139,0.6476696,0.20798905,-1.2761176,0.96012235,0.0,0.0,0.16938777,0.002664238,-1.329743,0.93772453,0.21570055,-1.0062704,0.9845338,-0.3430789,-0.9896691,0.9984047,0.29617706,-0.60104156,0.91124076,-0.53211826,-0.4457457,0.9952905,0.45977956,-0.24677749,0.9115179,-0.2300212,-0.055184547,0.9890511,0.18966447,-0.017603789,0.9976882,-0.18966469,0.017603574,0.9992144,0.3396847,0.7511392,0.9951757,-0.12694755,0.80441886,0.9982666,0.34471503,1.5146496,0.98318046,-0.15140508,1.5612568,0.9908887
40,1.3915750915750915,3,1208.7982177734375,452.4251098632813,75.84176783737857,0.7927712798118591,True,-0.46092862,-1.0687692,0.872039,-0.41847703,-1.1675832,0.8396371,-0.5318771,-1.1440272,0.70730734,-0.23735556,-1.2327735,0.69305086,-0.61205953,-1.1704494,0.38175923,0.06685705,-1.0260857,0.99253017,-0.62193245,-0.8953437,0.987412,0.29535532,-0.56742865,0.97580564,-0.5957485,-0.27924463,0.92730594,-0.097164676,-0.44110715,0.9544484,-0.51743954,-0.053144578,0.8950114,0.2792921,-0.030960295,0.99633896,-0.2792921,0.030960698,0.99476767,0.68523884,0.7649312,0.9921463,-0.6404921,0.82256395,0.98714834,1.0063694,1.7318057,0.9773087,-0.7713798,1.7943362,0.9681399
41,1.4263644688644688,1,434.20013427734375,452.5996398925781,148.99331448597175,0.8789220452308655,True,0.2494799,-1.1792122,0.96882915,0.26510787,-1.2502804,0.6108518,0.2039614,-1.255623,0.9685581,0.0,0.0,0.123818815,-0.020041732,-1.3193967,0.961078,0.18188514,-0.9928141,0.990366,-0.3576917,-0.9994439,0.99899894,0.286228,-0.5301784,0.930255,-0.51603895,-0.4481306,0.99669695,0.43625605,-0.19052528,0.9212635,-0.17965849,-0.104209915,0.9913216,0.18697996,-0.013406011,0.9985122,-0.18697996,0.013406011,0.9995029,0.32805595,0.714316,0.99627066,-0.14565854,0.75816953,0.9986829,0.36290428,1.4543792,0.9828538,-0.15988979,1.4903371,0.9905828
41,1.4263644688644688,3,1208.3466796875,451.9356994628906,75.6571339419662,0.7911862730979919,True,-0.46464148,-1.0475562,0.85285866,-0.42424026,-1.146327,0.81909513,-0.53318965,-1.1226583,0.67157054,-0.24153605,-1.2190081,0.67419577,-0.6101375,-1.1562881,0.35327327,0.07374352,-1.0278311,0.9918805,-0.6265368,-0.89425576,0.9859002,0.3157588,-0.5717144,0.97597855,-0.6029979,-0.2735178,0.92475665,-0.074698694,-0.4442771,0.95501137,-0.5221874,-0.040176142,0.8931934,0.2828376,-0.0315812,0.9964148,-0.282836,0.0315812,0.99479866,0.6944299,0.7682855,0.99248636,-0.6386507,0.8270041,0.98751265,1.0133156,1.7435874,0.97828215,-0.7684977,1.8076711,0.9691529
42,1.4611538461538462,1,436.29046630859375,455.4521484375,150.37268845242667,0.8808907270431519,True,0.22209406,-1.210083,0.9784813,0.24505946,-1.2818012,0.72224015,0.17023662,-1.2857879,0.97593963,0.0,0.0,0.17682263,-0.045663726,-1.3377647,0.9609901,0.18752581,-0.99399316,0.99234915,-0.35795665,-0.9987319,0.99911183,0.28737986,-0.5254478,0.94139034,-0.512994,-0.4670963,0.99672514,0.44821477,-0.17673801,0.93316203,-0.19174466,-0.16542456,0.9916447,0.18837717,-0.013602678,0.99859196,-0.18837717,0.013602881,0.99949837,0.3269288,0.7044371,0.99632215,-0.14648683,0.75264823,0.99862146,0.3661019,1.4233739,0.982546,-0.15527827,1.4638414,0.9901426
42,1.4611538461538462,3,1208.91650390625,451.6845397949219,75.11865618803505,0.7935856580734253,True,-0.48443377,-1.042536,0.841043,-0.44509012,-1.141956,0.807299,-0.55240893,-1.1177319,0.64746565,-0.2575369,-1.21586,0.66520345,-0.62489355,-1.1519475,0.33227605,0.067869514,-1.0260935,0.9910783,-0.63669616,-0.8913104,0.9843853,0.3050415,-0.56680876,0.974756,-0.6178084,-0.26545608,0.9205376,-0.09079873,-0.44989574,0.9531443,-0.5394899,-0.03654456,0.8886596,0.28477407,-0.03162274,0.9961009,-0.28477407,0.03162274,0.99433607,0.6916369,0.76483893,0.99192363,-0.6443923,0.8232845,0.9865632,1.0066545,1.7524208,0.9769032,-0.777385,1.8162261,0.9672016
43,1.4959432234432235,1,440.229248046875,453.6373291015625,147.30607673253064,0.8838158249855042,True,0.20814243,-1.2285635,0.9786931,0.23760569,-1.3001881,0.7825902,0.15464938,-1.304198,0.9749655,0.0,0.0,0.23721093,-0.05329438,-1.3485539,0.9451748,0.19817066,-1.004352,0.9896338,-0.36050546,-0.989049,0.99867,0.29309526,-0.5716113,0.933348,-0.51504296,-0.47511485,0.9953526,0.48682335,-0.19015168,0.93091756,-0.1861079,-0.17161255,0.9895571,0.1908252,-0.018940834,0.9979394,-0.1908252,0.018941043,0.99921036,0.32868356,0.7353592,0.99532866,-0.1437909,0.8005166,0.99811804,0.34613565,1.4561505,0.98235977,-0.17184624,1.5084562,0.989735
43,1.4959432234432235,3,1209.651123046875,451.70123291015625,74.82596186634072,0.7905197143554688,True,-0.49678266,-1.0321168,0.82118493,-0.4605805,-1.1318313,0.7835254,-0.56553924,-1.1067169,0.61770535,-0.27490062,-1.2082775,0.6406317,-0.6383759,-1.1425207,0.3173529,0.05816231,-1.0228615,0.9900994,-0.6518789,-0.88698256,0.98301125,0.2886516,-0.5604191,0.9736058,-0.63473624,-0.25969687,0.9199585,-0.11775208,-0.4510218,0.9515597,-0.5505353,-0.042550724,0.8883148,0.2871866,-0.03209107,0.99598277,-0.28718823,0.032091476,0.99423605,0.6907533,0.7711339,0.99175185,-0.65435046,0.830167,0.9864612,1.0029197,1.7609148,0.9764795,-0.79117674,1.8250407,0.96693456
44,1.5307326007326008,1,441.3285827636719,451.9502258300781,146.24334388645002,0.8911716938018799,True,0.19377698,-1.2331262,0.980379,0.22655737,-1.3060246,0.80464673,0.13722225,-1.3096247,0.9758632,0.0,0.0,0.26203665,-0.067976855,-1.3504575,0.94146115,0.20825142,-1.0105785,0.9900422,-0.37002823,-0.98286766,0.99874073,0.32629,-0.5782701,0.937131,-0.5325663,-0.46099436,0.9956564,0.5155264,-0.20353219,0.9361991,-0.17347732,-0.1998071,0.99034077,0.19783802,-0.021327384,0.998073,-0.19783802,0.021327384,0.99926466,0.34299248,0.7262239,0.9957367,-0.15105793,0.7965108,0.9982948,0.3665709,1.4756002,0.98395246,-0.19054917,1.5231727,0.99078584
44,1.5307326007326008,3,1210.62109375,451.863037109375,75.10208809029398,0.7897061705589294,True,-0.5175312,-1.0287791,0.8029019,-0.48424807,-1.1278158,0.7625009,-0.58445513,-1.1022574,0.586417,-0.2971785,-1.2042434,0.6238956,0.0,0.0,0.29824126,0.043602757,-1.018121,0.9891193,-0.6619684,-0.8838852,0.98168564,0.2579464,-0.55370104,0.9723741,-0.65319455,-0.25884607,0.9190769,-0.15365154,-0.45528644,0.949763,-0.570033,-0.052821167,0.88744676,0.28568372,-0.03169392,0.99581236,-0.28568372,0.031693514,0.9940685,0.6829441,0.7700744,0.9914483,-0.65787077,0.8278169,0.9861507,0.99198633,1.7538903,0.97568536,-0.7990182,1.8161055,0.9661841
45,1.565521978021978,1,442.3486633300781,450.6325378417969,144.43607960448497,0.8886933922767639,True,0.20839208,-1.2554383,0.97566414,0.2391484,-1.3269718,0.76842946,0.15354958,-1.3315372,0.9700869,0.0,0.0,0.24661383,-0.053324807,-1.3583373,0.93541956,0.20720296,-1.0110192,0.9889121,-0.36505583,-0.9827417,0.9986424,0.33859098,-0.5708396,0.9354461,-0.53961545,-0.4512885,0.99571663,0.52088165,-0.21607049,0.9349486,-0.12365849,-0.22854936,0.9904317,0.19942988,-0.0226454,0.99796766,-0.19942988,0.0226454,0.9992367,0.37452596,0.7235307,0.9954202,-0.15194887,0.7950681,0.9981968,0.43937758,1.5060773,0.98263675,-0.20211536,1.5506797,0.9901479
45,1.565521978021978,3,1211.5810546875,452.472900390625,75.59971265312491,0.7853562235832214,True,-0.5339063,-1.0294377,0.7846632,-0.50337726,-1.126685,0.7441091,-0.5977851,-1.1014837,0.55463487,-0.3163474,-1.2008793,0.6127539,0.0,0.0,0.27772728,0.031376712,-1.0116923,0.9881478,-0.6672508,-0.884532,0.9799565,0.23409817,-0.5413605,0.9713197,-0.6662836,-0.26844993,0.9154161,-0.18567999,-0.4443659,0.94799566,-0.58941454,-0.07830372,0.8835568,0.2829087,-0.030046204,0.9955805,-0.28291032,0.030046204,0.9937338,0.6733172,0.75727075,0.9910782,-0.6628976,0.81144047,0.98551613,0.9880047,1.735404,0.9748617,-0.8007649,1.7917835,0.965001
46,1.6003113553113553,1,444.0608825683594,448.20654296875,141.852465227078,0.8894684314727783,True,0.24163629,-1.2692585,0.96667004,0.2675746,-1.3400813,0.68918866,0.1886259,-1.3441339,0.9629351,0.0,0.0,0.19384088,-0.029233117,-1.36198,0.9361191,0.20990545,-1.0047421,0.98610187,-0.3561747,-0.98990184,0.998497,0.3497809,-0.5536829,0.91929847,-0.5530502,-0.45932513,0.9955201,0.5316496,-0.26154217,0.91667736,-0.17739882,-0.2689007,0.9893115,0.1988225,-0.020140177,0.9977925,-0.1988225,0.02014039,0.9992291,0.40650386,0.7422753,0.995285,-0.14710078,0.80571157,0.998271,0.4902819,1.5323766,0.9832403,-0.21202755,1.580509,0.99086505
46,1.6003113553113553,3,1211.301513671875,451.8538818359375,74.91629638398481,0.7840499877929688,True,-0.56202865,-1.0339437,0.80032814,-0.5272682,-1.1319668,0.7727319,-0.62147975,-1.1081244,0.551484,-0.32047322,-1.2062778,0.6615318,0.0,0.0,0.25679666,0.041362897,-1.0098579,0.98921835,-0.6666017,-0.8898986,0.97987694,0.22454911,-0.51915526,0.9732473,-0.6716252,-0.2654293,0.9068532,-0.23826721,-0.42077112,0.95029765,-0.6031015,-0.071088046,0.8748174,0.2874823,-0.027366154,0.99556446,-0.28748393,0.027366562,0.99338466,0.6708822,0.77494204,0.99107295,-0.67801094,0.8236748,0.9846134,0.9938256,1.7667252,0.97458273,-0.8078433,1.8154172,0.96310115
47,1.6351007326007323,1,445.262451171875,448.6843566894531,140.89131412391643,0.8954324126243591,True,0.2555724,-1.2885985,0.9719011,0.28297755,-1.3601271,0.7261269,0.1985489,-1.3636211,0.96702886,0.0,0.0,0.2146788,-0.02582349,-1.3725716,0.938152,0.21651834,-1.005084,0.9884306,-0.34854046,-0.9905538,0.99867404,0.38210884,-0.547403,0.93308026,-0.5538396,-0.45161197,0.99598193,0.5973068,-0.27379766,0.9312861,-0.16974364,-0.27838144,0.99061406,0.19882789,-0.020532297,0.99809676,-0.19882789,0.020532297,0.99931026,0.40989605,0.74620944,0.995811,-0.15000498,0.81027824,0.9984066,0.53544736,1.5515523,0.98417616,-0.20324227,1.6038444,0.99118453
47,1.6351007326007323,3,1209.916259765625,451.9778747558594,74.7968022135229,0.7839577794075012,True,-0.5374865,-1.041738,0.80258346,-0.5017729,-1.1400998,0.76997703,-0.59987885,-1.1159756,0.5702713,-0.30090803,-1.2124447,0.64601606,0.0,0.0,0.27608708,0.05772802,-1.0157925,0.98915076,-0.67061245,-0.8879865,0.98070955,0.25595552,-0.5299482,0.972483,-0.67371494,-0.2481634,0.91181105,-0.20226185,-0.43222654,0.94937015,-0.58592176,-0.03307219,0.87932736,0.29385278,-0.02961678,0.99562246,-0.29385278,0.02961678,0.9936318,0.6880507,0.7718903,0.991156,-0.67325306,0.8250825,0.9852063,1.0063267,1.7728962,0.97492254,-0.79774725,1.8291358,0.9643365
48,1.66989010989011,1,445.9189453125,446.3905944824219,137.13117080175115,0.894183874130249,True,0.28601757,-1.3094366,0.9712586,0.31411272,-1.3834016,0.7253063,0.22516519,-1.3858116,0.96709836,0.0,0.0,0.21765932,-0.0072228545,-1.3858314,0.9395837,0.24586369,-1.0053673,0.9877652,-0.33815873,-0.9925023,0.9985911,0.42761186,-0.52625936,0.9265002,-0.5474851,-0.43285275,0.9955682,0.632468,-0.2937378,0.9229128,-0.15276061,-0.28960317,0.98941046,0.20696096,-0.019981243,0.9977985,-0.20696074,0.019981243,0.9992016,0.44232085,0.765139,0.9951814,-0.16007738,0.82775056,0.9981679,0.5911062,1.5966886,0.98238945,-0.21775317,1.654309,0.9901693
48,1.66989010989011,3,1209.235595703125,452.45660400390625,74.75420426353513,0.7837877869606018,True,-0.5309311,-1.052002,0.8109822,-0.49294364,-1.1510019,0.77461386,-0.5939877,-1.1272241,0.5905138,-0.2904669,-1.2209268,0.6428084,0.0,0.0,0.2923608,0.061038256,-1.0193433,0.9892258,-0.670717,-0.8854638,0.9819625,0.26529652,-0.5442254,0.9714494,-0.6806013,-0.23635362,0.91723293,-0.16741717,-0.43676546,0.9479063,-0.5986955,0.019544847,0.883961,0.2945934,-0.031147815,0.9955754,-0.29459175,0.031147815,0.99377537,0.69504154,0.7746844,0.990849,-0.66658074,0.83073604,0.985261,1.0069507,1.7656302,0.9741014,-0.7985023,1.8278286,0.96417946
49,1.7046794871794873,1,446.1676025390625,449.38275146484375,142.58485613978283,0.8783038258552551,True,0.2942714,-1.3131249,0.9707072,0.3121216,-1.3833761,0.6600005,0.23444676,-1.3849348,0.9655263,0.0,0.0,0.19325824,-0.0038979324,-1.3816842,0.9617015,0.22995533,-0.99569976,0.99439794,-0.3486736,-1.0007735,0.99911755,0.48641923,-0.49634343,0.96089506,-0.55225,-0.4440028,0.9968352,0.72296375,-0.28002703,0.9538092,-0.13949919,-0.32698265,0.9924757,0.20393322,-0.019190874,0.9989215,-0.20393322,0.019190874,0.99956185,0.44584966,0.7363261,0.99696535,-0.20114782,0.7985017,0.99870205,0.61613613,1.5210412,0.98349136,-0.22185704,1.573495,0.9897579
49,1.7046794871794873,3,1208.9462890625,453.1127014160156,75.04597979574604,0.7819756865501404,True,-0.53469336,-1.0617807,0.8157018,-0.4962599,-1.1597061,0.7821869,-0.5955805,-1.1364005,0.5937672,-0.2918084,-1.2257655,0.6527157,0.0,0.0,0.2891037,0.064041145,-1.0206531,0.9894632,-0.66943824,-0.88551915,0.9819797,0.28299382,-0.5523225,0.9718071,-0.6786172,-0.23671278,0.9154397,-0.14209226,-0.45062828,0.9482728,-0.5993347,0.023535782,0.8817035,0.29454273,-0.031255253,0.9955344,-0.29454273,0.031255253,0.99365,0.69290364,0.75924444,0.9907953,-0.6681906,0.81520945,0.9849903,1.0084671,1.752192,0.9740966,-0.79531974,1.8153019,0.9638596
50,1.7394688644688645,1,449.9374694824219,450.7288208007813,144.73292830826688,0.8690923452377319,True,0.30209726,-1.2704055,0.9681359,0.31720138,-1.3424355,0.6317687,0.24851345,-1.3446516,0.96285695,0.0,0.0,0.16737284,0.012181481,-1.3626875,0.9602737,0.23570783,-0.99058795,0.9942023,-0.34700122,-1.0063131,0.99894625,0.48452133,-0.4746643,0.9599961,-0.55098325,-0.45281684,0.9962135,0.72625536,-0.28994274,0.9502401,-0.21104756,-0.36800677,0.9910685,0.20520543,-0.01719349,0.9988248,-0.20520543,0.01719349,0.9994873,0.46335912,0.725836,0.9966529,-0.1899967,0.78693485,0.9984687,0.61009145,1.5006673,0.9817555,-0.21339522,1.5535535,0.9880384
50,1.7394688644688645,3,1211.2960205078125,451.92041015625,72.9397986160372,0.7741591334342957,True,-0.59378487,-1.0797805,0.8659094,-0.5400279,-1.1885303,0.8576454,-0.6714354,-1.1597494,0.64430153,-0.308251,-1.2506183,0.7433317,0.0,0.0,0.26713574,0.05851994,-1.0237103,0.9911937,-0.703625,-0.86939186,0.9791967,0.25445387,-0.5209918,0.9732924,-0.7271471,-0.18454692,0.87845176,-0.1566551,-0.42237255,0.9488091,-0.59539485,0.025137533,0.84685546,0.30531386,-0.034609973,0.99445254,-0.30531386,0.034610394,0.9911,0.650166,0.7629641,0.9894644,-0.6929593,0.8253233,0.98044914,0.95978594,1.7903416,0.9719214,-0.76996726,1.8644099,0.956638
51,1.7742582417582418,1,456.9839782714844,454.61517333984375,148.42004811800592,0.8817342519760132,True,0.29504663,-1.254378,0.96500146,0.3043232,-1.3257954,0.5837728,0.24318443,-1.3281062,0.96195596,0.0,0.0,0.14148177,0.0033157682,-1.3510792,0.9650505,0.20538743,-0.99419564,0.993768,-0.3617395,-0.99968374,0.9990521,0.43207568,-0.4836099,0.95608723,-0.5537475,-0.4411345,0.99675214,0.63894784,-0.31902188,0.94619745,-0.10655159,-0.43365192,0.9919892,0.2020731,-0.020262867,0.9988061,-0.2020731,0.020262867,0.99952614,0.43234587,0.7040174,0.9964701,-0.21138443,0.77476954,0.99852103,0.56282663,1.4534674,0.9804699,-0.25554854,1.5040107,0.9878423
51,1.7742582417582418,3,1209.257080078125,453.6097412109375,75.56764132619182,0.7773152589797974,True,-0.53469664,-1.0643916,0.841016,-0.494926,-1.1619745,0.8084929,-0.5979532,-1.1380638,0.6411846,-0.2953525,-1.2256233,0.6692959,-0.6577917,-1.1627617,0.31946647,0.045972046,-1.0204347,0.9901872,-0.66816074,-0.8803233,0.9837573,0.27784342,-0.57705224,0.9711892,-0.6738356,-0.24802637,0.9175295,-0.10614165,-0.49602243,0.9471755,-0.60164756,-0.006738146,0.8827484,0.28733215,-0.032725543,0.9954332,-0.28733376,0.032725137,0.9936113,0.6819125,0.7553161,0.99049664,-0.6628349,0.8138719,0.98477006,1.0058733,1.7340009,0.9735527,-0.7900944,1.8014883,0.96355903
52,1.809047619047619,1,470.9798583984375,457.693359375,151.23977016022852,0.8694473505020142,True,0.22787428,-1.2647027,0.959294,0.23321527,-1.3315682,0.5686747,0.18405272,-1.3366501,0.9514107,0.0,0.0,0.14413503,-0.033837758,-1.3500166,0.95148945,0.18363139,-1.0030018,0.9920626,-0.38751793,-0.98657864,0.9990157,0.44958854,-0.5056702,0.95098454,-0.5534197,-0.44684872,0.9970304,0.6960884,-0.24682653,0.9391015,-0.13955982,-0.47417113,0.9918691,0.20790827,-0.020593142,0.9985933,-0.20790848,0.020593343,0.9994754,0.38424763,0.66730565,0.9952319,-0.2648766,0.74614984,0.9981316,0.5169888,1.417331,0.97314405,-0.31919208,1.4497449,0.9842861
52,1.809047619047619,3,1209.53125,453.5584106445313,75.41088865454181,0.777099072933197,True,-0.5460644,-1.0678356,0.85058147,-0.50551504,-1.1658739,0.8207427,-0.6090057,-1.1418195,0.6518275,-0.30180684,-1.2285494,0.68560624,-0.666173,-1.1650479,0.3211137,0.039268915,-1.0206109,0.9907631,-0.6672737,-0.87823343,0.9844216,0.2775096,-0.5846805,0.97230905,-0.6756911,-0.25010723,0.9181639,-0.09620147,-0.5102199,0.9486831,-0.6246621,-0.009292354,0.8833185,0.2851452,-0.03309546,0.99547774,-0.28514355,0.033095866,0.9936139,0.6835323,0.75722,0.99039394,-0.6617279,0.8165041,0.9844402,1.0102272,1.7304546,0.9729806,-0.7964747,1.799153,0.96251446
53,1.8438369963369965,1,480.53411865234375,459.0904541015625,148.6168218670438,0.8734834790229797,True,0.19946627,-1.3122958,0.9759065,0.21556607,-1.378774,0.73021764,0.14139745,-1.3823274,0.9696722,0.0,0.0,0.2021665,-0.08883347,-1.3768924,0.95271015,0.18380982,-0.9934446,0.9926965,-0.38959882,-0.99593973,0.9988618,0.43463078,-0.51894605,0.9476803,-0.56787235,-0.5044833,0.99567246,0.6594332,-0.28043076,0.9335707,-0.27218762,-0.48148516,0.9888967,0.20535184,-0.013867909,0.99826753,-0.20535184,0.013868115,0.99927396,0.34641746,0.7025029,0.9947937,-0.2817922,0.7593996,0.9977175,0.44692925,1.450747,0.9735125,-0.37001908,1.4795736,0.98343796
53,1.8438369963369965,3,1210.022216796875,453.0986633300781,74.86377418730481,0.7800575494766235,True,-0.5534613,-1.0674483,0.8603486,-0.51180035,-1.1667184,0.83162856,-0.6188226,-1.1419916,0.66988623,-0.30723447,-1.2289574,0.69506556,-0.67807895,-1.1639423,0.33267507,0.030498104,-1.0186071,0.9910095,-0.67154694,-0.8758739,0.98497295,0.26595834,-0.58064246,0.97200453,-0.68036824,-0.2500542,0.918308,-0.10495789,-0.50676477,0.94811416,-0.6373996,-0.01724038,0.88314885,0.28429404,-0.03317468,0.99532855,-0.28429568,0.03317468,0.9934349,0.67926925,0.7606594,0.98999256,-0.66720796,0.82005847,0.98386455,1.0108627,1.7412457,0.9719178,-0.8023036,1.8097402,0.9611757
54,1.8786263736263735,1,487.5013427734375,461.98876953125,150.33808261820533,0.8787083625793457,True,0.18136653,-1.2986314,0.9710075,0.1950032,-1.3656862,0.7049107,0.124921285,-1.3674697,0.9615647,0.0,0.0,0.19667046,-0.10039059,-1.36322,0.9416479,0.17332394,-0.9934782,0.99195063,-0.38879248,-0.9948811,0.99861145,0.44770998,-0.50594115,0.94979143,-0.5510375,-0.5242197,0.9951881,0.6644371,-0.23338999,0.9378172,-0.24463499,-0.5364102,0.9883437,0.20134673,-0.013921463,0.9981122,-0.20134652,0.01392126,0.99916303,0.30755672,0.6705521,0.994218,-0.30667594,0.7306583,0.9973139,0.4057611,1.4133201,0.97010416,-0.39790606,1.4370269,0.98064387
54,1.8786263736263735,3,1210.365966796875,453.0863037109375,74.85510536641357,0.7698063850402832,True,-0.5607399,-1.0649827,0.8669957,-0.5173928,-1.1653382,0.8413212,-0.6261886,-1.1405963,0.6762935,-0.30831048,-1.2293578,0.70963913,-0.6824056,-1.1640979,0.33042848,0.024074832,-1.0177642,0.991109,-0.66437435,-0.8769697,0.98494035,0.23867399,-0.57400036,0.97164154,-0.678601,-0.25147542,0.91513693,-0.13912295,-0.49661455,0.9472258,-0.6562679,-0.015233695,0.87909377,0.28117472,-0.032231867,0.99507207,-0.28117636,0.032232273,0.9930316,0.67318857,0.7654347,0.9894282,-0.67736495,0.8230957,0.98278934,1.0099475,1.7460678,0.97044015,-0.8217128,1.8118981,0.9588863
55,1.913415750915751,1,491.9373168945313,462.57720947265625,149.6990276362127,0.8775026202201843,True,0.21251298,-1.3039709,0.96337026,0.21968925,-1.3705156,0.6218756,0.1561707,-1.3708216,0.95597816,0.0,0.0,0.15604003,-0.084100224,-1.3601094,0.9476228,0.18642467,-0.9980734,0.9910294,-0.40035,-0.99045247,0.99874276,0.4626136,-0.5051783,0.9450119,-0.56114423,-0.5076423,0.99600726,0.64434624,-0.26617107,0.9337112,-0.21949825,-0.5442895,0.98979855,0.20991868,-0.016016226,0.9981553,-0.20991847,0.016016226,0.99926347,0.3085337,0.6654584,0.9941614,-0.3122949,0.73107994,0.9975407,0.3836906,1.4077673,0.96920645,-0.40472892,1.4386435,0.98118156
55,1.913415750915751,3,1210.573974609375,452.81304931640625,74.83037074706922,0.7682739496231079,True,-0.56036407,-1.0555522,0.8660909,-0.5162457,-1.1568825,0.8425956,-0.626805,-1.131832,0.6721468,-0.30619872,-1.2247427,0.7136885,-0.68306834,-1.1586435,0.32385918,0.021810398,-1.0177792,0.9910262,-0.6592107,-0.8779325,0.9843381,0.23299278,-0.5754943,0.971751,-0.67308486,-0.26020277,0.9111443,-0.13879536,-0.49894708,0.9473307,-0.661532,-0.03645697,0.87508035,0.2791486,-0.031861614,0.99502486,-0.27915025,0.031861614,0.99284667,0.66846013,0.7753021,0.9894679,-0.6779412,0.8325805,0.9825227,1.0080253,1.7545673,0.97061354,-0.8254542,1.8189626,0.9585537
56,1.9482051282051285,1,500.11761474609375,460.5838012695313,152.34413004471986,0.8780953288078308,True,0.1840368,-1.28275,0.95673376,0.17873073,-1.3458692,0.59962875,0.14118916,-1.3471782,0.9349107,0.0,0.0,0.1743344,-0.082923874,-1.3502035,0.93298936,0.17573074,-0.9963156,0.9949084,-0.3961028,-0.99150634,0.9986206,0.46909738,-0.5131251,0.97242445,-0.54705274,-0.5228204,0.99533194,0.62750965,-0.22982454,0.9609047,-0.25755706,-0.5525547,0.98928565,0.20383523,-0.013949685,0.99905854,-0.20383543,0.013949885,0.99946755,0.27066278,0.67738694,0.9962941,-0.3238277,0.7420987,0.9978277,0.32714382,1.3984067,0.9744275,-0.40716645,1.4186499,0.9805981
56,1.9482051282051285,3,1212.637451171875,451.5994262695313,72.24135196448997,0.768775224685669,True,-0.62376696,-1.0745066,0.8975461,-0.5640256,-1.1858227,0.8949569,-0.70399153,-1.1568265,0.69301736,-0.3195195,-1.2493833,0.79544705,0.0,0.0,0.27888513,0.03736221,-1.0213629,0.992721,-0.69548696,-0.8672529,0.98168254,0.22458556,-0.5252951,0.9750106,-0.71908784,-0.19944537,0.87183356,-0.18818821,-0.4524459,0.95102185,-0.6406172,-0.0245999,0.8400696,0.298433,-0.033579692,0.9944629,-0.2984347,0.033579268,0.9908121,0.6308352,0.783479,0.9895431,-0.71807903,0.84373695,0.9797065,0.9618653,1.8101528,0.97232676,-0.8062759,1.8805472,0.95590657
57,1.9829945054945055,1,500.329345703125,454.4554443359375,147.7803543563469,0.8698650598526001,True,0.23831657,-1.3056989,0.9532351,0.23026487,-1.3632978,0.53136367,0.19153626,-1.3714756,0.9348078,0.0,0.0,0.14401294,-0.03713913,-1.3650808,0.9483389,0.21252269,-0.97943926,0.9960657,-0.36822885,-1.0144904,0.99868304,0.5087812,-0.47865048,0.9750137,-0.5125636,-0.54935616,0.9951407,0.71195656,-0.19160256,0.96219385,-0.24839386,-0.55193216,0.98893565,0.2012685,-0.004221609,0.99927634,-0.2012683,0.004221402,0.99957126,0.27675605,0.7299466,0.9973865,-0.3146762,0.775392,0.998395,0.2944359,1.5228251,0.98147607,-0.4004203,1.5354745,0.9850814
57,1.9829945054945055,3,1212.709228515625,452.1262817382813,72.15430269752312,0.7631452083587646,True,-0.62833107,-1.0788257,0.89644605,-0.5689897,-1.1889367,0.8979653,-0.7068947,-1.1607805,0.6803628,-0.3224731,-1.2494086,0.80821437,0.0,0.0,0.2636442,0.043512978,-1.0217294,0.992937,-0.68856406,-0.8713922,0.9803504,0.24773467,-0.5259644,0.9764663,-0.68467975,-0.21172142,0.8588716,-0.19744943,-0.48047072,0.95284575,-0.5947676,-0.08123747,0.8281912,0.2990722,-0.03245498,0.9943303,-0.2990705,0.032455403,0.9900697,0.6288674,0.7659578,0.98933417,-0.7270693,0.8244753,0.9780572,0.96523184,1.8066336,0.9716204,-0.80948347,1.8731008,0.95286053
58,2.017783882783883,1,502.85003662109375,452.428466796875,147.92537104018618,0.8696936964988708,True,0.24667507,-1.2669474,0.97105455,0.24394733,-1.3279797,0.6429691,0.19908242,-1.336001,0.9598502,0.0,0.0,0.16367619,-0.034157116,-1.352528,0.9605232,0.20614254,-0.9738432,0.99691546,-0.35414618,-1.0206732,0.9988765,0.48935777,-0.4827711,0.97706634,-0.5063603,-0.56588286,0.99513227,0.71524566,-0.17774214,0.9640754,-0.24005313,-0.5218436,0.9888997,0.19351551,-0.0021915662,0.9993082,-0.19351532,0.0021915662,0.99957126,0.2635231,0.74083066,0.9975241,-0.2955497,0.7796958,0.9984144,0.2796804,1.5291933,0.9825743,-0.3937555,1.5395839,0.985468
58,2.017783882783883,3,1209.15673828125,454.43896484375,74.44535575520763,0.7784719467163086,True,-0.5583692,-1.0862894,0.8573813,-0.51314706,-1.183457,0.8445161,-0.6149924,-1.1614227,0.63448805,-0.2909013,-1.2404269,0.73739225,0.0,0.0,0.2794049,0.07682629,-1.0300171,0.9917549,-0.66247565,-0.88231474,0.9825638,0.3473736,-0.6051224,0.97609293,-0.661159,-0.24203815,0.89797145,-0.08586612,-0.5994912,0.95378685,-0.6172716,-0.02559496,0.8624505,0.29795048,-0.032759763,0.9954904,-0.29794884,0.032759354,0.99280626,0.68825716,0.74357224,0.99080163,-0.69581467,0.8022381,0.9828924,1.0307345,1.7553765,0.9741408,-0.8113271,1.8251503,0.960397
59,2.05257326007326,1,503.2750854492187,450.8004760742187,147.99238941627118,0.8621870279312134,True,0.25741622,-1.2530892,0.97415495,0.2584415,-1.315276,0.68633896,0.21018001,-1.3231103,0.9615329,0.0,0.0,0.17828205,-0.025741044,-1.3489977,0.95637566,0.21584626,-0.9717457,0.9973291,-0.3410954,-1.0243288,0.9986368,0.5011046,-0.47709718,0.98035437,-0.47666022,-0.57297325,0.9935401,0.72521454,-0.15202701,0.9674763,-0.23128812,-0.5053996,0.98628694,0.18997757,-0.00092567876,0.99933976,-0.18997778,0.00092588493,0.9995103,0.2519129,0.7433495,0.99774927,-0.26293606,0.77911836,0.9982905,0.27057615,1.5183977,0.98430586,-0.3336638,1.5246508,0.9853086
59,2.05257326007326,3,1209.326904296875,455.9622802734375,73.24665812682886,0.7871133089065552,True,-0.611891,-1.1326671,0.85698533,-0.5511697,-1.237762,0.878898,-0.6664893,-1.2145767,0.5530957,-0.28499594,-1.286834,0.83382386,0.0,0.0,0.18161394,0.099193946,-1.0294935,0.99393696,-0.6411509,-0.8956778,0.9766409,0.37783194,-0.5520884,0.98136854,-0.6433557,-0.28823864,0.8143761,0.00398309,-0.59091395,0.9585674,-0.5800596,-0.2815424,0.7820761,0.2931488,-0.028213277,0.99549425,-0.29315042,0.028213695,0.99067104,0.6464672,0.769303,0.99140733,-0.66939914,0.8202466,0.9786133,0.9985357,1.7094282,0.9764407,-0.7195211,1.7622191,0.95495886
60,2.0873626373626375,1,503.085693359375,450.13616943359375,146.90712509990615,0.8648696541786194,True,0.28988048,-1.2482373,0.96837574,0.28772464,-1.3126222,0.6268664,0.24571753,-1.3187342,0.9554985,0.0,0.0,0.17429736,0.020526802,-1.3456246,0.96077687,0.23923872,-0.9782545,0.9972453,-0.31732732,-1.0202205,0.9989492,0.5380842,-0.48158038,0.97911286,-0.4738936,-0.5718854,0.9952276,0.75929123,-0.14730176,0.9664913,-0.16388474,-0.5645769,0.98899055,0.18773155,-0.0037387933,0.9994136,-0.18773155,0.0037385856,0.99962413,0.25096405,0.7362992,0.9979705,-0.2422947,0.78451884,0.99866414,0.2630064,1.5426072,0.98559546,-0.3041649,1.5564536,0.9877856
60,2.0873626373626375,3,1210.574951171875,455.0699462890625,73.11607253169471,0.7787477970123291,True,-0.6679702,-1.1051842,0.8712855,-0.60169774,-1.2139983,0.9043714,-0.72215515,-1.1910876,0.5438784,-0.3128587,-1.2753714,0.874469,0.0,0.0,0.15182452,0.065265715,-1.032568,0.9943135,-0.61846995,-0.8894006,0.9720273,0.37290376,-0.5740372,0.9823826,-0.5769802,-0.27408946,0.7513518,0.061874874,-0.6282443,0.95961976,-0.55858517,-0.2584905,0.72674906,0.27741435,-0.028966127,0.99499196,-0.27741268,0.02896571,0.9882301,0.6097466,0.7911155,0.99126655,-0.6749021,0.8448606,0.9748932,0.97135925,1.724951,0.9771005,-0.755753,1.7807237,0.95149726
61,2.1221520146520145,1,503.60601806640625,450.63189697265625,147.54113635261248,0.8650338053703308,True,0.31972596,-1.2462566,0.9659797,0.31526065,-1.3107488,0.591232,0.2775192,-1.3173707,0.9549422,0.0,0.0,0.1572228,0.04931093,-1.345973,0.96493506,0.25528666,-0.97913057,0.99706906,-0.3089396,-1.0201498,0.9990171,0.5601171,-0.4772061,0.97722584,-0.47217697,-0.57123715,0.99561775,0.7476224,-0.14021203,0.96412617,-0.12054867,-0.59538275,0.98960495,0.18955088,-0.0040960754,0.9993655,-0.18955088,0.004096282,0.99961925,0.24774854,0.7346762,0.99771273,-0.23214237,0.78436565,0.99858487,0.25635353,1.5423049,0.98350865,-0.282805,1.5506806,0.98650694
61,2.1221520146520145,3,1214.58447265625,457.46185302734375,74.36425034031001,0.7750946879386902,True,-0.68822974,-1.1364181,0.89800966,-0.6312329,-1.2405392,0.91008466,-0.75522995,-1.20671,0.6692164,-0.3758766,-1.2786303,0.8225925,0.0,0.0,0.2144223,-0.013381661,-1.0263014,0.9918224,-0.63840306,-0.86451244,0.9721985,0.22890487,-0.6425307,0.9770396,-0.6283537,-0.29896775,0.8168296,-0.069602035,-0.6816189,0.9550001,-0.6579322,-0.22492541,0.79726154,0.2629549,-0.033372488,0.9936935,-0.2629549,0.033372488,0.98748094,0.5779935,0.7249452,0.9905087,-0.6794673,0.7867422,0.977834,0.9395512,1.7080117,0.978786,-0.7947446,1.7799875,0.9611888
62,2.156941391941392,1,504.3144226074219,448.775390625,146.23108998960626,0.8588012456893921,True,0.3277252,-1.2640481,0.96930873,0.32642713,-1.326438,0.634088,0.28735873,-1.3362358,0.9572542,0.0,0.0,0.1780336,0.065096095,-1.3613489,0.96299976,0.26788256,-0.9761082,0.99727124,-0.29602373,-1.0236936,0.9989367,0.5786854,-0.4793887,0.97861403,-0.47451943,-0.5785015,0.99496895,0.7771961,-0.13161945,0.96580315,-0.12433958,-0.59362245,0.988529,0.18781789,-0.002613686,0.99934083,-0.18781789,0.0026138946,0.99957126,0.24616753,0.74337536,0.99765307,-0.2132168,0.7877859,0.9984353,0.24129118,1.5602311,0.98314995,-0.2739608,1.5558418,0.9855511
62,2.156941391941392,3,1216.203125,454.8795776367187,74.67130041452641,0.767983078956604,True,-0.7260744,-1.09154,0.87203556,-0.6738615,-1.1980804,0.88917214,-0.79613733,-1.163017,0.6094067,-0.4191629,-1.24961,0.79921913,0.0,0.0,0.18581547,-0.05432664,-1.0158813,0.98925483,-0.6414228,-0.85919976,0.9637592,0.16974132,-0.6071797,0.97251636,-0.5841094,-0.2845368,0.7877558,-0.13698219,-0.5802089,0.94809264,-0.6074392,-0.17947268,0.7735478,0.25291017,-0.032417055,0.9924616,-0.25291017,0.03241665,0.98510855,0.5574022,0.7331954,0.9897086,-0.6823231,0.793019,0.9760759,0.91037494,1.7303783,0.97840935,-0.8185647,1.79615,0.9606293
63,2.191730769230769,1,506.4763793945313,450.30572509765625,146.63307286685568,0.8643872737884521,True,0.32085887,-1.2644833,0.9724683,0.32234153,-1.326976,0.6694417,0.28048444,-1.337824,0.95991623,0.0,0.0,0.19493198,0.060877785,-1.3654267,0.96190023,0.26278907,-0.9735469,0.9974784,-0.29888305,-1.0261273,0.9989231,0.54899853,-0.47234738,0.98020464,-0.48402533,-0.5814697,0.9947049,0.77422243,-0.1327259,0.9680912,-0.14653209,-0.594366,0.988257,0.18524154,-0.0025913278,0.9993623,-0.18524174,0.002591536,0.9995634,0.23553923,0.7488107,0.9977429,-0.19754551,0.79514325,0.9984189,0.22028722,1.5697536,0.98357546,-0.24425122,1.5719026,0.9854864
63,2.191730769230769,3,1213.872802734375,454.37310791015625,73.80362935933996,0.7816925048828125,True,-0.68066895,-1.1163323,0.8911318,-0.62585413,-1.2243372,0.8980815,-0.7579929,-1.1876196,0.68064755,-0.37769476,-1.2695296,0.7887335,0.0,0.0,0.23987097,-0.017222976,-1.0224138,0.99045885,-0.6550239,-0.861222,0.97179824,0.22086528,-0.60696435,0.97272056,-0.61602616,-0.27403685,0.8270686,-0.06572783,-0.5820607,0.94867665,-0.5786477,-0.17636143,0.8051078,0.26913857,-0.034832984,0.99310595,-0.2691369,0.034833398,0.98728764,0.6141605,0.7399851,0.9898436,-0.66263056,0.80520517,0.97830313,0.9522356,1.755289,0.97794855,-0.7936066,1.8300136,0.962121
64,2.2265201465201465,1,508.672607421875,448.75048828125,146.85558352439912,0.8586021065711975,True,0.31762013,-1.2565757,0.9727523,0.32912886,-1.3202385,0.6783064,0.27842984,-1.3312774,0.9633928,0.0,0.0,0.17438078,0.05675534,-1.3632041,0.9552945,0.2502575,-0.97065026,0.9955344,-0.31267098,-1.0283756,0.9987012,0.51514995,-0.45016548,0.9707009,-0.50366926,-0.5918606,0.99496585,0.7556177,-0.098396696,0.961667,-0.17310965,-0.5934368,0.98935354,0.18687227,-0.003683582,0.9989048,-0.18687207,0.0036833743,0.9993793,0.23252949,0.78115004,0.9966904,-0.20055448,0.8272121,0.9980477,0.2604417,1.595087,0.9793061,-0.22020324,1.5934649,0.9838283
64,2.2265201465201465,3,1211.96142578125,453.2854614257813,72.14576830467674,0.7861523032188416,True,-0.5915487,-1.120095,0.83500385,-0.54664654,-1.2260842,0.8237759,-0.6754412,-1.1893848,0.6307597,-0.33754802,-1.2654164,0.6598864,0.0,0.0,0.26130447,0.0006903341,-1.021782,0.9861239,-0.66712,-0.8639202,0.9685335,0.21517614,-0.60759306,0.96589714,-0.6464624,-0.27665013,0.8581417,-0.07585723,-0.5872827,0.94040674,-0.55026567,-0.19337055,0.8335233,0.28061408,-0.037172295,0.9931965,-0.28061238,0.03717187,0.9890182,0.6762669,0.77818084,0.990117,-0.65023893,0.84967697,0.98192054,1.0104681,1.8056662,0.97880954,-0.7933259,1.8885106,0.9673538
65,2.261309523809524,1,511.75390625,447.3692626953125,145.88563178125287,0.8651687502861023,True,0.28941587,-1.2524374,0.97824425,0.30786002,-1.318073,0.74911034,0.24379691,-1.3272848,0.9695007,0.0,0.0,0.19689214,0.016506637,-1.3614446,0.94905627,0.23856428,-0.9743522,0.9950788,-0.32371315,-1.0238345,0.99836904,0.48433384,-0.46039766,0.968304,-0.5121272,-0.5853902,0.99347574,0.7392767,-0.11273329,0.95981747,-0.17035632,-0.59279925,0.98729277,0.18527898,-0.0052843075,0.9986008,-0.18527919,0.0052845166,0.9991509,0.20878129,0.80176926,0.9960698,-0.18981147,0.85183597,0.99752337,0.22443277,1.6158187,0.9768563,-0.21668464,1.6202041,0.9811974
65,2.261309523809524,3,1209.4942626953125,454.160888671875,71.09602101251437,0.8071737289428711,True,-0.48533306,-1.1590658,0.8831286,-0.4366636,-1.2648789,0.85605896,-0.58087087,-1.2292057,0.75375694,-0.25707284,-1.2905872,0.65413475,-0.6932574,-1.204291,0.38858643,0.049198292,-1.0314587,0.98917973,-0.6702276,-0.8696786,0.98004913,0.2832808,-0.6060186,0.96640044,-0.6550117,-0.261276,0.8990809,-0.020301549,-0.60863954,0.9411554,-0.4807487,-0.19986784,0.86883116,0.29725355,-0.04004465,0.9936639,-0.29725355,0.04004465,0.9908213,0.7253202,0.75239354,0.98936987,-0.651655,0.8300559,0.9828554,1.0564361,1.8069993,0.9760158,-0.7773206,1.901112,0.9662099
66,2.296098901098901,1,512.1196899414062,446.2687377929687,144.3120862477279,0.8606004118919373,True,0.29098517,-1.2576429,0.97990626,0.3123922,-1.323034,0.7644419,0.24347773,-1.3310692,0.9725271,0.0,0.0,0.20091718,0.012314281,-1.3616499,0.9502457,0.24474402,-0.9814536,0.99453753,-0.33447236,-1.0165325,0.9984611,0.4712154,-0.47501275,0.9652371,-0.5384269,-0.5785917,0.99407744,0.72546154,-0.10156892,0.95798135,-0.18137512,-0.6026829,0.98838055,0.19019212,-0.008540612,0.9984273,-0.19019191,0.008540612,0.99911934,0.21406446,0.80524725,0.99551374,-0.19440056,0.86625826,0.99737656,0.21873836,1.62025,0.9741002,-0.22014548,1.6299407,0.98005486
66,2.296098901098901,3,1209.967529296875,450.84075927734375,69.7847175835521,0.7993425726890564,True,-0.5198343,-1.1077963,0.8204349,-0.47540006,-1.2169791,0.7941982,-0.6107634,-1.180228,0.6454532,-0.28373393,-1.2623758,0.5963868,0.0,0.0,0.2994326,0.041086182,-1.0288924,0.9841792,-0.67388123,-0.868361,0.9692648,0.27605128,-0.604819,0.9609992,-0.653102,-0.26615933,0.87433666,-0.0035422137,-0.54068613,0.93462783,-0.50054365,-0.14751221,0.8475677,0.29773661,-0.03944102,0.99314296,-0.29773837,0.039441455,0.9897934,0.73851746,0.83298653,0.9899776,-0.6492222,0.9098801,0.98333156,1.0702418,1.8932809,0.9786355,-0.79854614,1.9844583,0.96919906
67,2.3308882783882785,1,513.6080322265625,445.8969421386719,144.0676830355786,0.8620736598968506,True,0.2649198,-1.2415535,0.97815037,0.2867563,-1.3080535,0.7608309,0.2185964,-1.316664,0.96803546,0.0,0.0,0.20779926,-0.006885683,-1.3545768,0.94118786,0.23214407,-0.9795027,0.99472934,-0.35070974,-1.0169797,0.9982658,0.45547652,-0.45984948,0.9684826,-0.5474419,-0.57007974,0.9933995,0.722987,-0.097845286,0.96118397,-0.19715516,-0.60303426,0.98752826,0.19079481,-0.008838526,0.9985513,-0.1907946,0.008838526,0.9991204,0.20831469,0.80232275,0.9959943,-0.19205116,0.8647959,0.9974706,0.21504445,1.6211191,0.976724,-0.19903894,1.6327108,0.9812213
67,2.3308882783882785,3,1210.9681396484375,449.41302490234375,69.53038243440983,0.7899067401885986,True,-0.5446539,-1.0649272,0.7957562,-0.5031576,-1.1761553,0.7713418,-0.6343952,-1.1383214,0.6030024,-0.3111661,-1.2377924,0.5803646,0.0,0.0,0.269684,0.011406392,-1.0251194,0.98211044,-0.67931324,-0.8600599,0.9644303,0.23059979,-0.6027761,0.9595336,-0.6679262,-0.25727102,0.86451995,-0.03223706,-0.49039322,0.93310934,-0.56677496,-0.08733255,0.84000903,0.28956997,-0.040111106,0.9929153,-0.28956997,0.040111106,0.9893139,0.71670485,0.86680377,0.9900204,-0.6538003,0.9443938,0.9830921,1.0608103,1.9098237,0.9789854,-0.8089532,2.0012267,0.9693099
68,2.3656776556776555,1,513.6905517578125,446.2030944824219,144.1771796401451,0.8521318435668945,True,0.25402942,-1.2456969,0.9748891,0.2726705,-1.3116914,0.7280172,0.21087597,-1.3210628,0.9640127,0.0,0.0,0.19934364,-0.0069829007,-1.3578236,0.943028,0.22266541,-0.976469,0.9947758,-0.35059494,-1.0194355,0.99835026,0.47165757,-0.4493578,0.967882,-0.53792465,-0.57080376,0.99370015,0.7222559,-0.08535226,0.95972395,-0.18574536,-0.5968365,0.9876533,0.18744612,-0.0073459097,0.9986399,-0.1874459,0.0073459097,0.99919504,0.21079215,0.8076693,0.9962083,-0.17857683,0.86310494,0.99767154,0.22305615,1.6300648,0.9777656,-0.18266095,1.6313747,0.9823722
68,2.3656776556776555,3,1216.2835693359375,448.74847412109375,72.34366203029451,0.773749589920044,True,-0.64939165,-0.98121494,0.7905366,-0.61605096,-1.0860202,0.7993167,-0.71687454,-1.06243,0.46877977,-0.4115927,-1.1716318,0.74255973,0.0,0.0,0.17848453,-0.050119866,-0.9851541,0.9903628,-0.6624603,-0.8835974,0.97299194,0.08476151,-0.48590475,0.9742511,-0.69531333,-0.30207837,0.83731693,-0.23480557,-0.3479659,0.9489791,-0.6127471,-0.20710196,0.8095545,0.25590947,-0.022894196,0.99538004,-0.25590947,0.022894619,0.9918399,0.5621109,0.8792524,0.992461,-0.7231937,0.9201887,0.984059,0.87818515,1.8388994,0.98049223,-0.8913297,1.8715794,0.966847
69,2.400467032967033,1,511.6253662109375,446.1181640625,144.78184005761273,0.841579020023346,True,0.24498908,-1.2080609,0.9770985,0.26667404,-1.2761984,0.74915504,0.20351708,-1.2869381,0.9665282,0.0,0.0,0.20039812,-0.009557331,-1.3431566,0.9404857,0.2345549,-0.9762356,0.9947844,-0.3536259,-1.0202166,0.99822205,0.50029814,-0.44239113,0.9675117,-0.5342867,-0.5556424,0.99304163,0.72830695,-0.099973835,0.958678,-0.19466902,-0.59108853,0.9865682,0.19381809,-0.0065484014,0.9985967,-0.19381788,0.0065486124,0.999138,0.24206637,0.8127252,0.9962147,-0.17215233,0.8614081,0.99760085,0.26260594,1.6423728,0.97826755,-0.17967834,1.6283848,0.98239225
69,2.400467032967033,3,1217.84716796875,448.84271240234375,71.52918180215387,0.7694889307022095,True,-0.7363656,-0.9786092,0.813452,-0.69630367,-1.0855265,0.8403057,-0.79803973,-1.0642253,0.45131743,-0.45666048,-1.1718721,0.8083327,0.0,0.0,0.14433108,-0.07328228,-0.9770839,0.99146944,-0.65883565,-0.8841,0.97042155,0.042804454,-0.46320993,0.9767373,-0.6846733,-0.29326648,0.794463,-0.31607068,-0.3412632,0.95226574,-0.6579824,-0.20050871,0.7738806,0.25029564,-0.018837236,0.9951351,-0.25029394,0.01883681,0.99039006,0.52688456,0.8914665,0.99252677,-0.751945,0.9246083,0.98196775,0.85975826,1.8647345,0.98103243,-0.92444956,1.8844455,0.9646326
70,2.43525641025641,1,511.9719543457031,445.5233154296875,143.54640250219646,0.8405617475509644,True,0.20062828,-1.2046497,0.98407066,0.2281133,-1.2732078,0.8375103,0.15386623,-1.2830954,0.97267264,0.0,0.0,0.26453337,-0.060681224,-1.3401657,0.9332783,0.2258602,-0.97999895,0.9963362,-0.36649033,-1.0150508,0.99771774,0.48792335,-0.46422854,0.9746882,-0.5281444,-0.5437646,0.98851657,0.6911651,-0.13299641,0.9628131,-0.17269683,-0.612988,0.98008096,0.19438048,-0.006290329,0.9987023,-0.19438048,0.0062901163,0.99891925,0.23130481,0.8059555,0.99628866,-0.16394356,0.8509505,0.9968671,0.22305943,1.6531167,0.97751325,-0.19204424,1.6259378,0.9779885
70,2.43525641025641,3,1215.457763671875,449.73248291015625,71.61835281063009,0.763022243976593,True,-0.75676644,-1.0354897,0.7712383,-0.7175026,-1.140113,0.7845523,-0.82281405,-1.1081314,0.4720786,-0.47397846,-1.2036215,0.67625177,0.0,0.0,0.1570276,-0.0865284,-0.98249984,0.9801769,-0.68904495,-0.86099774,0.94909793,0.057198126,-0.53088385,0.9588072,-0.700216,-0.27423075,0.7918892,-0.25093338,-0.43937203,0.9296218,-0.7057452,-0.11678888,0.7773849,0.2599994,-0.026755694,0.99131244,-0.2600011,0.026755694,0.98504806,0.60081553,0.8588795,0.9894265,-0.68121815,0.90874505,0.97887075,0.95767915,1.881512,0.979267,-0.84396636,1.9283471,0.9660809
71,2.4700457875457875,1,512.6205444335938,446.4508666992187,142.6606215099701,0.8334557414054871,True,0.18540984,-1.2340518,0.98424375,0.2136294,-1.3008573,0.84643734,0.13750392,-1.3112017,0.9715838,0.0,0.0,0.29614702,-0.06942858,-1.3537883,0.930048,0.21764505,-0.9796883,0.9965454,-0.3667897,-1.014743,0.9978421,0.4755536,-0.46810928,0.976733,-0.539969,-0.5519328,0.98921007,0.7108793,-0.1363402,0.9659166,-0.1908211,-0.6300276,0.9813277,0.1918111,-0.0066928314,0.9987394,-0.19181089,0.0066928314,0.9989466,0.22861515,0.802946,0.9962042,-0.16996309,0.8510966,0.99678624,0.22363088,1.6500782,0.9762522,-0.20403606,1.6294014,0.9768817
71,2.4700457875457875,3,1215.716064453125,446.87982177734375,70.92036144388602,0.7634637951850891,True,-0.69291246,-0.95669794,0.7155657,-0.67177916,-1.0617572,0.70534545,-0.7496081,-1.037536,0.3974726,-0.4726999,-1.1570737,0.65303355,0.0,0.0,0.1726657,-0.10335819,-0.96545213,0.9844348,-0.67880523,-0.87526053,0.96989596,-0.047227133,-0.45659307,0.9623754,-0.7629717,-0.28297982,0.8566949,-0.34316522,-0.29641315,0.9327942,-0.7531521,-0.095263675,0.82144934,0.24721178,-0.020364743,0.9942601,-0.24721006,0.020365173,0.99131936,0.57355714,0.92679846,0.9908274,-0.7388452,0.9609985,0.98351836,0.9089941,1.9095266,0.97714657,-0.9655227,1.9319861,0.9658784
72,2.504835164835165,1,511.46966552734375,451.8924560546875,141.442683643017,0.8290533423423767,True,0.16217119,-1.2915823,0.96296394,0.18943496,-1.3590641,0.86375386,0.09539281,-1.3552724,0.9603549,0.2061067,-1.3410062,0.35095784,-0.100448266,-1.3426919,0.84485835,0.2997087,-0.9843083,0.9918248,-0.36118218,-1.0147468,0.9965263,0.4599747,-0.48446125,0.92195684,-0.5527558,-0.6125194,0.9786185,0.4894595,-0.24138248,0.898618,-0.19767891,-0.58672297,0.9584408,0.21974483,-0.0025368982,0.9976051,-0.21974462,0.0025368982,0.9984189,0.29291356,0.79446125,0.99544585,-0.23968208,0.8009828,0.9969163,0.25273013,1.6010559,0.9861746,-0.277153,1.6133676,0.98934424
72,2.504835164835165,3,1216.50830078125,448.6150512695313,70.17598596806317,0.7601298689842224,True,-0.73396146,-1.0003872,0.7001681,-0.7009321,-1.105992,0.7113769,-0.802299,-1.0813329,0.37074742,-0.47811055,-1.1748391,0.64549315,0.0,0.0,0.13825448,-0.089458406,-0.9693303,0.98043686,-0.7286004,-0.8557113,0.9497253,0.0074276156,-0.45495665,0.96180904,-0.76873034,-0.19160335,0.8038385,-0.34494227,-0.34788725,0.9321325,-0.67327243,-0.009103178,0.7842529,0.27242824,-0.025807485,0.99217916,-0.27242824,0.02580705,0.9868173,0.57512355,0.85084033,0.98899066,-0.7609983,0.89799,0.9781279,0.91500914,1.9143714,0.97450984,-0.9174218,1.9590023,0.9587264
73,2.539624542124542,1,510.92669677734375,451.50634765625,140.95594072099124,0.8276429176330566,True,0.15400995,-1.2997801,0.9623312,0.18275914,-1.366945,0.8656739,0.08541228,-1.3628125,0.9589255,0.20016652,-1.3453355,0.3574985,-0.111297324,-1.3454498,0.83763105,0.29533753,-0.9877077,0.99121475,-0.36807042,-1.0109694,0.99612755,0.45089072,-0.4983541,0.9155818,-0.54162294,-0.604876,0.97524434,0.4550541,-0.3396395,0.8912875,-0.17055435,-0.64599496,0.95308423,0.22105616,-0.00409583,0.9973398,-0.22105595,0.0040956135,0.998212,0.29729125,0.795806,0.99525934,-0.23369093,0.8052772,0.9967327,0.2627601,1.6100131,0.986259,-0.26364323,1.6254992,0.9892749
73,2.539624542124542,3,1217.647705078125,448.8259582519531,72.60593315902646,0.7651904225349426,True,-0.7491243,-1.0129095,0.70703727,-0.7224207,-1.1152171,0.7024685,-0.8185995,-1.0895995,0.39344537,-0.5178889,-1.1736858,0.62122965,0.0,0.0,0.15730207,-0.13307267,-0.95445764,0.97993016,-0.74605095,-0.8419666,0.95527923,-0.022661863,-0.4495616,0.9580579,-0.7771175,-0.19003627,0.8278692,-0.34322324,-0.3521201,0.92663634,-0.66822994,-0.022241965,0.80202556,0.26071483,-0.026657827,0.9919689,-0.26071483,0.026657827,0.98752916,0.5490143,0.81987685,0.98832744,-0.7477003,0.86718446,0.9788126,0.882809,1.8482873,0.9730858,-0.89719224,1.8940574,0.9591897
74,2.5744139194139195,1,510.1584777832031,451.8204345703125,140.07128782261302,0.826889157295227,True,0.14840443,-1.2953393,0.95843005,0.17399827,-1.3641962,0.8569537,0.07910248,-1.3583026,0.95347357,0.18921705,-1.3456682,0.35609278,-0.11985278,-1.3412231,0.8232907,0.28400043,-0.98886544,0.9911857,-0.36856776,-1.0093459,0.99580175,0.43466526,-0.48172274,0.9203089,-0.5469359,-0.5964335,0.97360605,0.44742647,-0.22558464,0.89602923,-0.19267009,-0.56699884,0.95135534,0.21804714,-0.0049511357,0.9974361,-0.21804714,0.0049513537,0.99820673,0.30602378,0.80242777,0.9955049,-0.22518462,0.8136129,0.9967602,0.27655485,1.6173701,0.9869927,-0.25716493,1.6351019,0.9895104
74,2.5744139194139195,3,1218.71923828125,447.1594848632813,73.97115033231367,0.7611631751060486,True,-0.750243,-0.9746768,0.6535504,-0.7297272,-1.0744805,0.6527697,-0.8180597,-1.048908,0.3300325,-0.53177077,-1.1444912,0.5914683,0.0,0.0,0.13333663,-0.14348195,-0.95015293,0.97559935,-0.7280984,-0.84994406,0.94440824,-0.03275896,-0.44806138,0.95444614,-0.73058534,-0.24482952,0.80763954,-0.40774515,-0.39575696,0.9216266,-0.64563084,-0.18312572,0.78680664,0.25052658,-0.023501098,0.99135876,-0.25052822,0.023501512,0.9864152,0.52572095,0.8373527,0.98787445,-0.7279796,0.8782069,0.9777189,0.84427214,1.8361708,0.9722763,-0.8838169,1.8692442,0.95759916
75,2.6092032967032965,1,510.3903198242187,451.1346740722656,145.42046459377045,0.823580801486969,True,0.13709152,-1.2358959,0.96891296,0.16180056,-1.303259,0.86490756,0.06561573,-1.3000501,0.96810216,0.1755794,-1.3045621,0.35946235,-0.12590213,-1.3046234,0.89645,0.25663853,-0.9922628,0.9936352,-0.37293506,-1.0043532,0.99785113,0.4245896,-0.4939234,0.9314247,-0.53185993,-0.5530214,0.9856704,0.46635672,-0.29344544,0.9021645,-0.17141141,-0.5412985,0.9668582,0.2064146,-0.0088528395,0.99724066,-0.20641439,0.0088528395,0.9982747,0.30057767,0.7623333,0.9889924,-0.16963518,0.77795297,0.9932051,0.23309714,1.536234,0.95276576,-0.2056568,1.5610119,0.96651846
75,2.6092032967032965,3,1217.044189453125,446.2903137207031,75.01323498945727,0.763696014881134,True,-0.6966365,-0.97669655,0.679422,-0.6762007,-1.0758494,0.67322564,-0.76742154,-1.0471956,0.36206093,-0.4812546,-1.151361,0.5957403,0.0,0.0,0.14593984,-0.09704667,-0.9673403,0.9785654,-0.7080554,-0.8634548,0.95032907,0.036097147,-0.489285,0.9599062,-0.7098487,-0.314182,0.8255049,-0.373907,-0.5006408,0.9299253,-0.6375584,-0.37173495,0.8054015,0.257064,-0.024154672,0.9925303,-0.25706565,0.024154672,0.9881443,0.5450747,0.85010636,0.98873866,-0.69314593,0.8927246,0.9792077,0.8440535,1.8267305,0.9725293,-0.8445059,1.8610798,0.95776767
76,2.643992673992674,1,508.5980224609375,451.9304809570313,146.36646488729122,0.8274024128913879,True,0.15910515,-1.2300526,0.9689566,0.18285301,-1.2970532,0.8328963,0.08880023,-1.2951245,0.9734663,0.0,0.0,0.26413456,-0.11362729,-1.3023577,0.9223039,0.24682452,-0.9932295,0.9900242,-0.3766436,-1.002553,0.99793965,0.37206325,-0.5122511,0.8745296,-0.5301759,-0.5538602,0.98798466,0.34264413,-0.38403642,0.8466173,-0.15988724,-0.5586826,0.9698734,0.2056693,-0.010380231,0.99556917,-0.20566909,0.010380231,0.9978946,0.30323365,0.7520541,0.98316306,-0.16583203,0.7675558,0.99225676,0.2420294,1.5192208,0.93698496,-0.18657622,1.5473522,0.963617
76,2.643992673992674,3,1217.702880859375,450.4124755859375,76.8842647807998,0.7659839987754822,True,-0.6911832,-0.9826429,0.710156,-0.6735596,-1.0841352,0.7067615,-0.75122267,-1.0543365,0.36918733,-0.47166255,-1.1676974,0.67120457,0.0,0.0,0.15480702,-0.09078397,-0.97344327,0.9864138,-0.6811298,-0.87158936,0.9696231,0.006746202,-0.5105258,0.97061485,-0.69957906,-0.36787242,0.8601282,-0.4055469,-0.5145118,0.9444679,-0.67538863,-0.42991197,0.8289177,0.24925698,-0.02286429,0.9948319,-0.24925858,0.022863893,0.99160016,0.5419443,0.8241941,0.9904407,-0.7057013,0.86160696,0.98152727,0.8483496,1.7357473,0.9731637,-0.88518614,1.762448,0.95787495
77,2.6787820512820515,1,506.9981689453125,450.71380615234375,145.78727315480103,0.8345552682876587,True,0.1795461,-1.2326717,0.96777767,0.19907403,-1.300264,0.8251613,0.111292124,-1.2977256,0.97173375,0.0,0.0,0.26013932,-0.09796977,-1.3045105,0.91808784,0.2480877,-0.99519897,0.99052083,-0.37153244,-1.0009878,0.9978561,0.3840422,-0.5102825,0.88523304,-0.541275,-0.54614884,0.98738956,0.4001698,-0.30348843,0.8580941,-0.16836184,-0.48186606,0.96905243,0.20440315,-0.011909383,0.9959078,-0.20440336,0.011909593,0.9979504,0.30582622,0.7539756,0.98493004,-0.1577212,0.77217513,0.9926547,0.24918795,1.5234487,0.9432225,-0.17609866,1.5586847,0.96587557
77,2.6787820512820515,3,1218.802978515625,448.60205078125,77.4358375827554,0.7757253050804138,True,-0.7545357,-0.9409338,0.6769891,-0.73887247,-1.0431547,0.70415306,0.0,0.0,0.28815067,-0.5137097,-1.1442031,0.7142811,0.0,0.0,0.1057162,-0.09787116,-0.97285014,0.9864202,-0.6704675,-0.87367487,0.9603871,0.029426768,-0.5008612,0.97481877,-0.67593604,-0.36231798,0.82017756,-0.4077768,-0.51329315,0.95030284,-0.7042767,-0.4259839,0.7959106,0.24314485,-0.020378593,0.9948219,-0.24314328,0.020378988,0.9903537,0.50584656,0.84595144,0.99071914,-0.71149504,0.87846637,0.9790791,0.8051036,1.7589797,0.9731247,-0.8970948,1.7772322,0.9530172
78,2.7135714285714285,1,505.652099609375,451.82366943359375,145.55277214729583,0.8396691679954529,True,0.17086498,-1.2263763,0.9644073,0.19220906,-1.2936196,0.8153436,0.104566686,-1.2913797,0.9685028,0.0,0.0,0.25904745,-0.09717132,-1.3010986,0.9114764,0.25063607,-0.9938062,0.99032706,-0.37212306,-1.0025009,0.9977209,0.38608372,-0.51156676,0.8900932,-0.54558665,-0.5504969,0.98736215,0.42298508,-0.31538767,0.8623946,-0.15607509,-0.49513727,0.9690222,0.20479032,-0.010975426,0.99595827,-0.20479012,0.0109752165,0.9979401,0.30977216,0.7488127,0.98469585,-0.1502539,0.765443,0.9924245,0.25300068,1.5164006,0.9411337,-0.16225587,1.548493,0.9641716
78,2.7135714285714285,3,1219.613037109375,449.5109252929687,78.41152963579108,0.7846915125846863,True,-0.7818403,-0.94448096,0.67234373,-0.7686341,-1.0471948,0.70485395,0.0,0.0,0.27223888,-0.5364404,-1.1501158,0.7276617,0.0,0.0,0.098371215,-0.08997159,-0.96822125,0.9862238,-0.6883862,-0.8741031,0.9589326,0.030209517,-0.46708927,0.9741673,-0.6925693,-0.35889077,0.81085956,-0.47001526,-0.49162543,0.9481618,-0.6972848,-0.46553987,0.78557867,0.2504284,-0.018578347,0.9943532,-0.25042996,0.018578736,0.9894299,0.49436188,0.8413814,0.9894756,-0.7340313,0.8685948,0.97613055,0.7758296,1.7382281,0.9689742,-0.9115895,1.7487106,0.94570833
79,2.748360805860806,1,503.4912109375,451.5856018066406,141.62134321741155,0.8357412219047546,True,0.16448995,-1.2563025,0.9501958,0.19373113,-1.3214784,0.799944,0.09962962,-1.322964,0.9519446,0.0,0.0,0.2762449,-0.087912075,-1.3238282,0.8601609,0.27822018,-0.98787063,0.98837066,-0.36116076,-1.0104089,0.9965454,0.40629926,-0.5206885,0.900871,-0.5521651,-0.5606042,0.98285794,0.4262258,-0.352042,0.87952834,-0.17617992,-0.48984557,0.9640047,0.2108895,-0.0066740676,0.9971711,-0.21088973,0.0066740676,0.99835724,0.30845648,0.7692074,0.9938221,-0.15930404,0.7816044,0.99644583,0.27311918,1.5633417,0.97908086,-0.15892693,1.5857782,0.9859342
79,2.748360805860806,3,1216.559814453125,449.1910095214844,78.08927764876893,0.7850291728973389,True,-0.7465226,-0.94833714,0.70341134,-0.7353378,-1.0458955,0.70538026,-0.7972145,-1.0155725,0.35166785,-0.5188216,-1.1423767,0.6685383,0.0,0.0,0.13761176,-0.055601988,-0.9823007,0.98622835,-0.73553944,-0.8545697,0.9649653,0.18859717,-0.5286515,0.975916,-0.71842223,-0.3047499,0.8671265,-0.3485078,-0.5562332,0.95354605,-0.7120787,-0.306632,0.84110916,0.27598244,-0.02737619,0.9950795,-0.27598244,0.02737619,0.99153274,0.55468017,0.80876476,0.9902727,-0.72450316,0.85255426,0.98026145,0.8371937,1.7381624,0.97045004,-0.8679594,1.7777156,0.95209485
80,2.783150183150183,1,502.6125793457031,449.1279296875,143.50143518043924,0.8382450342178345,True,0.16367275,-1.2109171,0.95831716,0.19167633,-1.2761369,0.80797964,0.100430325,-1.2770028,0.9619744,0.0,0.0,0.26798993,-0.09027562,-1.2935094,0.89306325,0.2657021,-0.9873937,0.9897239,-0.3693113,-1.0099207,0.9973284,0.40247136,-0.51515496,0.8948657,-0.5474873,-0.57425046,0.98593223,0.43693694,-0.34866995,0.86869043,-0.15253341,-0.53791726,0.9671112,0.20790131,-0.007164435,0.99633247,-0.20790131,0.007164435,0.99804187,0.30422276,0.77047205,0.987359,-0.14654714,0.7807165,0.99340546,0.25720915,1.5541377,0.95228934,-0.13557729,1.573545,0.96986187
80,2.783150183150183,3,1216.51513671875,447.87249755859375,76.80433070109916,0.7744588255882263,True,-0.75307417,-0.96068645,0.69504434,-0.73616487,-1.0657234,0.7330913,-0.808071,-1.034536,0.3080269,-0.51052237,-1.1648209,0.73536,0.0,0.0,0.10897343,-0.06338875,-0.9848095,0.98815876,-0.7175899,-0.8564057,0.96031743,0.13001345,-0.5143265,0.97790533,-0.7075626,-0.29902282,0.8060791,-0.30136475,-0.4438448,0.95495856,-0.6828273,-0.25877923,0.78362453,0.2685745,-0.02775592,0.99530053,-0.2685745,0.027755523,0.99055874,0.5462736,0.8433669,0.991746,-0.7205366,0.8890016,0.9798421,0.84570724,1.775051,0.97614497,-0.8729935,1.8139237,0.9557345
81,2.8179395604395605,1,501.3423156738281,450.10247802734375,144.1444334038406,0.8396843075752258,True,0.17256594,-1.2094105,0.9553847,0.19841003,-1.2751253,0.7966011,0.11038305,-1.2751168,0.9585722,0.0,0.0,0.26149946,-0.08360551,-1.2920303,0.8868897,0.27155724,-0.9890245,0.99016213,-0.3705966,-1.008522,0.99722844,0.41839913,-0.512818,0.9035845,-0.53912383,-0.5734035,0.9854301,0.44613722,-0.3361848,0.8785133,-0.12819763,-0.54318327,0.9667967,0.21014243,-0.0080843475,0.99670535,-0.21014243,0.00808456,0.9981603,0.30479145,0.76131076,0.98898345,-0.1482098,0.7727231,0.9939668,0.261256,1.5387301,0.95823634,-0.12443692,1.5605639,0.9726783
81,2.8179395604395605,3,1212.076171875,448.0927429199219,75.19336658477278,0.7903303503990173,True,-0.74650633,-0.9904887,0.75967956,-0.71910465,-1.0982959,0.8097314,-0.7942511,-1.0671769,0.34360945,-0.45859304,-1.1981763,0.8165969,0.0,0.0,0.10309482,0.010105781,-1.010932,0.99221766,-0.6894123,-0.87016946,0.96657014,0.22676398,-0.5253407,0.98413545,-0.68626773,-0.28155032,0.79150295,-0.2409283,-0.4189183,0.9652321,-0.6634441,-0.17685401,0.77373207,0.28447652,-0.028513724,0.9964108,-0.28447813,0.028513724,0.9917463,0.5992233,0.84556127,0.9937888,-0.7107181,0.89268744,0.9823752,0.8977245,1.8030884,0.9816143,-0.84864044,1.8487325,0.9618967
82,2.8527289377289375,1,500.13671875,452.8143615722656,141.7343674966253,0.8444265127182007,True,0.17401008,-1.2579176,0.9454214,0.20440097,-1.3229078,0.79402167,0.11178697,-1.3247926,0.9450584,0.0,0.0,0.28361928,-0.07336158,-1.3256828,0.84103185,0.29141116,-0.98766035,0.9890421,-0.3549281,-1.011331,0.99614453,0.4316904,-0.5264235,0.9136446,-0.5358662,-0.56895,0.98056555,0.45171168,-0.35843882,0.89344805,-0.14921328,-0.5024497,0.96127826,0.21330512,-0.006377424,0.9975539,-0.21330534,0.006377424,0.9984425,0.3106496,0.76723754,0.9950694,-0.1569162,0.779135,0.99685574,0.29038885,1.5604204,0.983515,-0.1340973,1.5815613,0.98802084
82,2.8527289377289375,3,1211.55517578125,447.657470703125,75.32827654902741,0.7830327749252319,True,-0.7094841,-1.0056658,0.7868209,-0.68352836,-1.1122787,0.82030964,-0.7657806,-1.0819784,0.40529662,-0.44845214,-1.2029245,0.8083854,0.0,0.0,0.13520293,-0.021722952,-0.99681,0.99255556,-0.6731539,-0.8785962,0.972321,0.13298562,-0.4766928,0.98280644,-0.6683701,-0.30318993,0.8161239,-0.3351752,-0.3313536,0.96250486,-0.6350783,-0.22629222,0.7919174,0.27041146,-0.024984635,0.99627954,-0.27040982,0.024984231,0.99204683,0.606358,0.8529763,0.9933048,-0.7043471,0.89532024,0.98248845,0.9211423,1.8056173,0.9801782,-0.85934246,1.8393499,0.96122557
83,2.887518315018315,1,500.1012878417969,452.59173583984375,141.7177507778773,0.837993323802948,True,0.18239279,-1.2607541,0.9444432,0.20976818,-1.3256708,0.783591,0.120811865,-1.327385,0.9453639,0.0,0.0,0.2667113,-0.069590956,-1.327449,0.84524137,0.2856852,-0.9874811,0.98841304,-0.35637116,-1.0112691,0.9961242,0.42932424,-0.5219883,0.90839875,-0.54620916,-0.570455,0.980994,0.45358622,-0.34236607,0.8879998,-0.17157969,-0.5008576,0.96160626,0.21205164,-0.006758894,0.99737984,-0.21205164,0.006758894,0.9983778,0.30894113,0.76692027,0.99464947,-0.16416745,0.77914864,0.99668103,0.29412353,1.5586789,0.9821914,-0.14478013,1.5813172,0.98731285
83,2.887518315018315,3,1211.422607421875,450.8216552734375,77.9193574642382,0.7941769957542419,True,-0.6864397,-1.020561,0.7982685,-0.6661425,-1.1155235,0.79619956,-0.7394511,-1.0904425,0.4866604,-0.46331486,-1.1868377,0.7333538,0.0,0.0,0.19664568,-0.06333546,-0.9817639,0.9912917,-0.69691885,-0.8681046,0.97738314,0.14100553,-0.4962073,0.98056525,-0.6768958,-0.28161117,0.8855287,-0.30515322,-0.3589229,0.96013606,-0.6435878,-0.123863146,0.8558339,0.2620272,-0.026628686,0.99602145,-0.26202878,0.026629077,0.9930032,0.6284182,0.77967614,0.9918041,-0.67876476,0.82576895,0.9829936,0.9624568,1.7095876,0.9750973,-0.8258598,1.7493429,0.95882124
84,2.9223076923076925,1,499.4349670410156,453.3713073730469,141.6872817262358,0.8390939235687256,True,0.17726661,-1.2594752,0.94706786,0.20669751,-1.3243201,0.80074006,0.11527009,-1.3260065,0.946517,0.0,0.0,0.28749332,-0.07241694,-1.3260434,0.84036523,0.28566006,-0.98721683,0.9886851,-0.35594553,-1.0115478,0.99588335,0.42720023,-0.53343314,0.91116077,-0.54343635,-0.5826796,0.9788866,0.456579,-0.40155798,0.8891269,-0.16254342,-0.5636545,0.95801866,0.21266846,-0.00658093,0.9971806,-0.21266846,0.00658093,0.998176,0.31684119,0.76024,0.99418384,-0.16894536,0.7724748,0.99621457,0.30689418,1.5523691,0.98060983,-0.15280814,1.5736402,0.985688
84,2.9223076923076925,3,1211.575439453125,450.0690307617187,77.5372888125403,0.7948918342590332,True,-0.67957157,-1.0223387,0.8109384,-0.65676093,-1.1188642,0.79867697,-0.73774517,-1.0929902,0.5306306,-0.45712632,-1.1895707,0.71338403,0.0,0.0,0.22781771,-0.074696295,-0.9812929,0.9908025,-0.70235074,-0.8615854,0.9792477,0.14479235,-0.4968781,0.9778096,-0.67396694,-0.25894445,0.8961538,-0.23115295,-0.3242982,0.9559859,-0.6315053,-0.053101026,0.8645233,0.25944233,-0.028599914,0.9957508,-0.25944233,0.028599521,0.9930692,0.6238304,0.78761053,0.99118704,-0.66944385,0.83786786,0.9832146,0.95931983,1.7193176,0.97386646,-0.82127035,1.7660967,0.95935273
85,2.9570970695970695,1,498.9300537109375,454.691650390625,141.3495160394044,0.8460140824317932,True,0.18351328,-1.2605798,0.9464525,0.21143411,-1.3249143,0.8000203,0.12188462,-1.3267092,0.944783,0.0,0.0,0.29238626,-0.06699317,-1.326354,0.83667874,0.29320854,-0.985936,0.9901513,-0.35540092,-1.0130968,0.9961506,0.46411878,-0.5313136,0.9258699,-0.54209465,-0.5946371,0.9804567,0.5068923,-0.38999224,0.9045599,-0.1690753,-0.58991987,0.9612093,0.21424212,-0.0061305244,0.99767524,-0.21424212,0.0061305244,0.99843365,0.32234877,0.75487685,0.9950446,-0.16756032,0.76662105,0.9966338,0.31366736,1.5428531,0.9827073,-0.15152705,1.562552,0.986821
85,2.9570970695970695,3,1212.629638671875,449.7176208496094,77.35958410164783,0.7978042960166931,True,-0.67800987,-1.0082011,0.84753275,-0.6528288,-1.1075305,0.8319188,-0.7433942,-1.0786188,0.605528,-0.45331156,-1.1849381,0.72963864,0.0,0.0,0.27153733,-0.07641428,-0.98554593,0.9918938,-0.7138501,-0.85170263,0.982722,0.17335151,-0.5081094,0.9778863,-0.67163175,-0.24635541,0.90525806,-0.18365401,-0.32834977,0.9561213,-0.6322364,-0.040412735,0.87258035,0.26224113,-0.031942245,0.9957247,-0.2622427,0.031942245,0.99323046,0.6231647,0.77854013,0.9906743,-0.6704846,0.8345786,0.98283434,0.9550696,1.7109948,0.9721596,-0.81966805,1.7668546,0.9577564
86,2.991886446886447,1,498.4144592285156,454.89111328125,141.43852334889834,0.8440695405006409,True,0.20625106,-1.2564048,0.9506306,0.23147018,-1.321787,0.8005604,0.14450108,-1.3235385,0.9495657,0.0,0.0,0.28199667,-0.054574907,-1.3250358,0.84997326,0.29174086,-0.987326,0.9909961,-0.35249078,-1.0117512,0.99657947,0.47564098,-0.5349908,0.9297599,-0.5388234,-0.5958311,0.9823414,0.54367405,-0.3875432,0.9102482,-0.15746148,-0.5961047,0.96457404,0.21334845,-0.007722685,0.99788123,-0.21334845,0.007722469,0.998588,0.32943168,0.7540182,0.995432,-0.16022651,0.76833856,0.99693394,0.32432666,1.5378263,0.9837781,-0.14557235,1.5633125,0.9877386
86,2.991886446886447,3,1213.078857421875,449.0648193359375,77.0236725700584,0.7969967722892761,True,-0.7191472,-1.0140129,0.8566064,-0.69179124,-1.1119609,0.8522509,-0.77840126,-1.085985,0.5889084,-0.47543976,-1.1846361,0.7739087,0.0,0.0,0.23900543,-0.08933435,-0.9711449,0.99262094,-0.71079504,-0.8618293,0.98209363,0.12196306,-0.47529674,0.9798019,-0.6924442,-0.2790466,0.8920907,-0.25047785,-0.31375146,0.95859367,-0.66941804,-0.12513472,0.8601528,0.25837514,-0.025912158,0.9957503,-0.25837514,0.025912158,0.9928018,0.61269814,0.7986349,0.9909389,-0.68096995,0.84350574,0.98192674,0.9580256,1.7353951,0.9727595,-0.83395946,1.7725968,0.9562668
87,3.026675824175824,1,500.0846557617187,455.0485229492187,140.8534494152587,0.8408446311950684,True,0.1836396,-1.2531792,0.9544062,0.21338773,-1.3170531,0.8167623,0.12083668,-1.3202697,0.95374167,0.0,0.0,0.29499593,-0.07142823,-1.3209916,0.85685116,0.2866186,-0.98640364,0.9914847,-0.3614848,-1.0121946,0.996956,0.47614315,-0.5633394,0.93077844,-0.5254361,-0.61193514,0.98406225,0.5210169,-0.5135052,0.9122572,-0.12674917,-0.6825951,0.9674636,0.21617919,-0.007174109,0.9980989,-0.21617942,0.007174326,0.99877447,0.33634162,0.76139116,0.9959781,-0.17670687,0.77503693,0.99739337,0.33600795,1.5534482,0.9857971,-0.16733623,1.5759304,0.98954713
87,3.026675824175824,3,1212.8304443359375,449.27593994140625,76.86275457252745,0.7968450784683228,True,-0.711848,-1.0207394,0.8726269,-0.6821018,-1.1189024,0.86516905,-0.7721536,-1.0931373,0.6267723,-0.4657627,-1.1893187,0.78107923,0.0,0.0,0.2633447,-0.09094119,-0.97407496,0.9931948,-0.70583683,-0.8603592,0.9843137,0.11669637,-0.49204478,0.9798712,-0.68107903,-0.27447444,0.900161,-0.23470615,-0.34087223,0.959009,-0.6399822,-0.10886992,0.8679187,0.25651318,-0.027143631,0.9959416,-0.25651318,0.027143234,0.99329716,0.6194203,0.80309415,0.9912915,-0.6724887,0.8503649,0.9831178,0.9642796,1.7369486,0.973868,-0.82974184,1.7789642,0.9588799
88,3.0614652014652015,1,500.333251953125,453.6725158691406,141.13153833696853,0.8435436487197876,True,0.18926531,-1.2427635,0.9469447,0.22005588,-1.3058544,0.7751004,0.12907629,-1.3097901,0.9502593,0.0,0.0,0.23939395,-0.060186848,-1.3135831,0.8606778,0.28157517,-0.99107766,0.9882045,-0.35740554,-1.0074844,0.9967012,0.43836457,-0.59277475,0.90153545,-0.50822943,-0.5951977,0.98437935,0.45409435,-0.6428165,0.88621014,-0.07787898,-0.69709665,0.9673022,0.21536142,-0.009306106,0.99773765,-0.21536162,0.009306106,0.99872166,0.3430992,0.764765,0.9958075,-0.18206576,0.78113705,0.9976427,0.35076994,1.5597154,0.98678386,-0.17157815,1.5892211,0.99124616
88,3.0614652014652015,3,1212.37548828125,447.668701171875,76.37906844079396,0.7939682602882385,True,-0.70540655,-1.0095748,0.87921464,-0.67412144,-1.1095709,0.87209946,-0.76789844,-1.0830504,0.640303,-0.4546751,-1.1857278,0.787712,0.0,0.0,0.26987466,-0.08180313,-0.9775094,0.9934069,-0.7004617,-0.86316013,0.98478764,0.10418935,-0.48755923,0.9800396,-0.67649484,-0.27289712,0.90042377,-0.26858515,-0.33562395,0.95946604,-0.6251473,-0.11088309,0.8687943,0.25914288,-0.026985092,0.9959913,-0.25914288,0.026984692,0.993367,0.6287561,0.8153123,0.9914746,-0.6717561,0.86251765,0.98343855,0.96561545,1.7654958,0.9743723,-0.83643156,1.807154,0.9595996
89,3.0962545787545785,1,502.14898681640625,453.417724609375,140.78053451213975,0.8296986222267151,True,0.16331632,-1.2442762,0.95242596,0.19795728,-1.3062315,0.8233443,0.101337574,-1.3118098,0.94985205,0.21688902,-1.2919147,0.31935245,-0.08191569,-1.3159558,0.8451235,0.2866296,-0.9867747,0.9926322,-0.36761555,-1.011585,0.9970772,0.48558792,-0.5835588,0.94474113,-0.51340544,-0.6023314,0.98482716,0.521973,-0.6036329,0.926281,-0.096802875,-0.6992017,0.9688456,0.22071509,-0.0071637346,0.9984964,-0.2207153,0.0071637346,0.9989693,0.3569741,0.76588815,0.99673826,-0.20150478,0.78114384,0.99773824,0.37213224,1.5586845,0.9878406,-0.19973482,1.5811297,0.99062425
89,3.0962545787545785,3,1210.98486328125,446.913330078125,75.86078027558975,0.7801854610443115,True,-0.69757813,-1.010051,0.8731115,-0.6634468,-1.1094675,0.87124825,-0.75678146,-1.0854877,0.62200475,-0.44236758,-1.1855378,0.79210967,0.0,0.0,0.24967566,-0.08013658,-0.9777267,0.9930929,-0.6854565,-0.86993796,0.9827916,0.099129215,-0.4950354,0.98009765,-0.68119556,-0.2777055,0.8878303,-0.21725267,-0.3381929,0.9594506,-0.64058095,-0.09436738,0.8564224,0.25486138,-0.02544929,0.9958723,-0.254863,0.025448889,0.9928685,0.62872,0.83608896,0.991653,-0.66936517,0.8817792,0.9829686,0.98387885,1.7983077,0.97532475,-0.83807665,1.8371072,0.95967597
90,3.131043956043956,1,503.2035217285156,454.9309387207031,141.09677007950663,0.8279145956039429,True,0.16240805,-1.2432355,0.9607074,0.19672133,-1.3057613,0.851548,0.099806875,-1.3111593,0.9570506,0.21432243,-1.2926675,0.35981524,-0.085234456,-1.3165948,0.85773814,0.28402868,-0.9849747,0.99420244,-0.36913553,-1.0132139,0.9974806,0.5010887,-0.5766421,0.9549642,-0.5083553,-0.6141627,0.9856741,0.55383056,-0.5507876,0.93643606,-0.093346566,-0.70015633,0.9702196,0.22054549,-0.006814379,0.9985977,-0.22054549,0.006814379,0.99898595,0.37016508,0.74921805,0.996572,-0.20413223,0.7640918,0.99748564,0.3969675,1.5320964,0.9862228,-0.20196135,1.5526148,0.9889292
90,3.131043956043956,3,1212.5986328125,447.5143127441406,76.20165027570043,0.7702093720436096,True,-0.72753775,-1.043387,0.9053658,-0.6831576,-1.1452366,0.9134944,-0.7978115,-1.1192592,0.66423905,-0.45404208,-1.2070237,0.846038,0.0,0.0,0.23419683,-0.08610096,-0.9778085,0.9943949,-0.696167,-0.8628594,0.9809862,0.08061272,-0.4933304,0.98163134,-0.6985475,-0.26560092,0.84468436,-0.25959244,-0.39369026,0.9612514,-0.61143726,-0.1704426,0.821633,0.2546905,-0.026407545,0.99566287,-0.25468892,0.026407545,0.9915236,0.566724,0.81552297,0.9924257,-0.6655059,0.8632551,0.9823308,0.9103541,1.7636708,0.97934246,-0.7672754,1.8070705,0.96238214
91,3.1658333333333335,1,503.7457580566406,444.507080078125,138.7432204435177,0.8351637125015259,True,0.21569163,-1.1757257,0.9886382,0.24826774,-1.2465134,0.87567466,0.16608378,-1.2580317,0.97988373,0.24433842,-1.2769631,0.3093253,-0.049270425,-1.331466,0.9413304,0.22378121,-0.9754724,0.9970049,-0.332223,-1.0215856,0.9984894,0.49180046,-0.5027506,0.97867405,-0.4734395,-0.58303916,0.99250436,0.72202754,-0.27618426,0.97046643,-0.08229261,-0.66117543,0.98642844,0.19117914,-0.0046083243,0.99908113,-0.19117914,0.0046083243,0.9993082,0.2922605,0.81249964,0.9974356,-0.18143152,0.8420571,0.9980386,0.407724,1.655749,0.98425275,-0.19472024,1.6240513,0.98571545
91,3.1658333333333335,3,1213.110107421875,448.23138427734375,76.31137995411505,0.7718144655227661,True,-0.70343447,-1.0473194,0.91406363,-0.65791523,-1.1512365,0.91729105,-0.781551,-1.1229674,0.70112693,-0.43489742,-1.2124557,0.841294,0.0,0.0,0.26859757,-0.083889626,-0.98166126,0.9944975,-0.6943373,-0.86071813,0.9831534,0.06856673,-0.49442822,0.9805987,-0.6832055,-0.26810715,0.8597563,-0.27976808,-0.3859838,0.9595318,-0.57789993,-0.1872732,0.83395034,0.25568396,-0.02817996,0.9954972,-0.25568557,0.02818036,0.9916631,0.5750126,0.8043518,0.991723,-0.6638291,0.8550702,0.9818718,0.9087491,1.7492507,0.97720623,-0.7717564,1.7976876,0.96037215
92,3.2006227106227105,1,507.9030456542969,444.0838012695313,139.15966121279354,0.8475335240364075,True,0.24896339,-1.1769321,0.9752134,0.26288274,-1.2471992,0.7435791,0.2080707,-1.2545073,0.95840824,0.0,0.0,0.2339051,-0.0063002417,-1.3164909,0.93631434,0.22234531,-0.99060833,0.99677545,-0.33609945,-1.0061541,0.99837816,0.5126591,-0.5165784,0.9796449,-0.49199343,-0.5328453,0.99285394,0.71850276,-0.25756538,0.96931916,-0.092408,-0.60647017,0.9860152,0.19274828,-0.011739077,0.9992323,-0.19274828,0.011738857,0.999421,0.2938881,0.802998,0.99763036,-0.20427354,0.8590298,0.9981779,0.4287798,1.6545656,0.9842524,-0.19307415,1.6470984,0.98551047
92,3.2006227106227105,3,1211.720947265625,446.23828125,75.4362410390519,0.7797518372535706,True,-0.6892543,-1.0039214,0.8926273,-0.6542625,-1.1066964,0.8870457,-0.7556082,-1.0789185,0.6756927,-0.43530333,-1.1876097,0.800489,0.0,0.0,0.2910804,-0.07706315,-0.9841774,0.99386406,-0.6939907,-0.86121505,0.98544645,0.11923647,-0.5112305,0.9805094,-0.6627774,-0.27650326,0.89822197,-0.21165788,-0.3433079,0.96031564,-0.6066569,-0.10018873,0.8665017,0.25888482,-0.029048568,0.99603844,-0.25888643,0.029048972,0.993327,0.63707083,0.8430395,0.99159837,-0.6651626,0.8947792,0.9833771,0.98298687,1.7967002,0.9747678,-0.83019876,1.8449669,0.9596485
93,3.235412087912088,1,508.10650634765625,444.6329956054687,138.16646903890285,0.8495087027549744,True,0.23958756,-1.1913736,0.9791612,0.26442012,-1.261198,0.8286351,0.1955768,-1.2688571,0.9530828,0.2511027,-1.2845958,0.33566928,-0.009651815,-1.3255006,0.89427376,0.26862913,-0.9861297,0.9977011,-0.32386324,-1.0131074,0.99749845,0.55934536,-0.49343836,0.9879523,-0.47920847,-0.55682516,0.98803675,0.7909726,-0.15436387,0.980316,-0.08219724,-0.6172357,0.98094225,0.20235503,-0.009177374,0.9993851,-0.2023548,0.009177595,0.9992986,0.29033634,0.8140024,0.99819094,-0.20149714,0.87164116,0.99794084,0.42138085,1.675558,0.98747325,-0.18681003,1.6683428,0.9852646
93,3.235412087912088,3,1215.678466796875,445.95654296875,75.06816248269311,0.7717278599739075,True,-0.7714359,-1.0132645,0.90877354,-0.725532,-1.1200188,0.9170282,-0.83989745,-1.0925015,0.6592649,-0.47578666,-1.196479,0.85608435,0.0,0.0,0.22353429,-0.09587153,-0.98130256,0.9945245,-0.69595766,-0.8552721,0.9819104,0.06088054,-0.47767827,0.9819166,-0.69920176,-0.225549,0.8521872,-0.29373044,-0.3083847,0.9619787,-0.6582673,-0.030263836,0.82861066,0.2538741,-0.027396163,0.9956454,-0.2538757,0.027396163,0.99164397,0.562108,0.8423822,0.9921152,-0.68831486,0.8909009,0.9819083,0.8994202,1.8010983,0.9779588,-0.8171285,1.8478462,0.9604877
94,3.270201465201465,1,511.0382690429687,447.7117004394531,139.13732590584783,0.8500857353210449,True,0.2296732,-1.2049655,0.9833335,0.26390162,-1.2762973,0.8436977,0.17924914,-1.284072,0.96962076,0.26923496,-1.2982326,0.3294986,-0.01921675,-1.3385849,0.92075133,0.2700864,-0.98956144,0.9961855,-0.3239845,-1.0097121,0.998487,0.5251686,-0.4961246,0.9775313,-0.4699999,-0.56291956,0.9937158,0.7446564,-0.14857459,0.97091025,-0.064060725,-0.5855693,0.9881052,0.20528236,-0.010662714,0.99911374,-0.20528214,0.010662714,0.99939716,0.3222511,0.81708205,0.99775237,-0.19898878,0.8734672,0.9984438,0.4646793,1.6593883,0.9873217,-0.18598007,1.6561847,0.98944736
94,3.270201465201465,3,1215.8751220703125,446.5452880859375,75.08190927822557,0.7758243083953857,True,-0.8180828,-1.0106789,0.8863735,-0.7758893,-1.1143217,0.90114784,-0.8744925,-1.089371,0.58182764,-0.5116759,-1.1884059,0.85164386,0.0,0.0,0.17844124,-0.1018354,-0.97161585,0.99397004,-0.6994201,-0.86086565,0.97844464,0.06547862,-0.46844715,0.98249245,-0.71135527,-0.24655609,0.8394395,-0.29757702,-0.3184864,0.9628974,-0.678468,-0.07313302,0.81913704,0.25302607,-0.023447294,0.9957262,-0.25302607,0.023447294,0.9914863,0.5610767,0.8462482,0.9924799,-0.6914844,0.88734794,0.9819816,0.8981223,1.8002954,0.9789079,-0.8249422,1.8351784,0.9610096
95,3.3049908424908425,1,514.9743041992188,448.63238525390625,137.63198719881817,0.8399111032485962,True,0.2559497,-1.2366862,0.98398685,0.2913503,-1.3050916,0.8469875,0.2060664,-1.3157674,0.9719499,0.28942123,-1.313111,0.32431972,7.671968e-05,-1.3599737,0.92660266,0.2742294,-0.98719823,0.99593735,-0.3237196,-1.0121891,0.99850225,0.49837682,-0.50004226,0.9752898,-0.50010854,-0.5620477,0.9936807,0.7455822,-0.16993454,0.9682294,-0.1056175,-0.58640134,0.98787105,0.20645842,-0.010335648,0.9989945,-0.20645842,0.01033587,0.9993395,0.31814986,0.8309194,0.99740416,-0.21144122,0.8881571,0.9982539,0.43964812,1.6699284,0.9855291,-0.21383128,1.6689883,0.98815316
95,3.3049908424908425,3,1213.4163818359375,448.149169921875,76.29057565520081,0.7784311175346375,True,-0.7516108,-1.0162873,0.8321098,-0.7200158,-1.1124575,0.84347725,-0.79126054,-1.0920135,0.4933723,-0.46776947,-1.1883293,0.8002719,0.0,0.0,0.16653715,-0.048363738,-0.9775632,0.99196106,-0.68053085,-0.8848855,0.9768521,0.13959657,-0.47912595,0.9807648,-0.69339544,-0.29483742,0.8652703,-0.26337165,-0.32448554,0.9602019,-0.6860255,-0.09029919,0.8364521,0.26228037,-0.019511662,0.9955419,-0.26228037,0.019512061,0.9917481,0.60495794,0.8184686,0.99101967,-0.69180495,0.85065114,0.98016113,0.9452993,1.7863501,0.9728864,-0.8468774,1.8086679,0.9533135
96,3.33978021978022,1,516.1292724609375,449.6958312988281,137.62783454185978,0.8470779657363892,True,0.28845918,-1.2277668,0.9796652,0.31715366,-1.2945781,0.77517146,0.24364333,-1.3066938,0.970074,0.0,0.0,0.22647797,0.024014428,-1.3547264,0.93847024,0.26430815,-0.98581535,0.99459356,-0.3245152,-1.0132782,0.9986879,0.48821974,-0.4940229,0.9672764,-0.46267864,-0.55485743,0.9952744,0.74108124,-0.15897396,0.96065205,-0.060789764,-0.5721545,0.9901063,0.20595865,-0.009981842,0.99893457,-0.20595908,0.009981842,0.99943966,0.33496335,0.82663536,0.99725384,-0.21216714,0.8823821,0.9985044,0.44053724,1.6714071,0.9850284,-0.22066598,1.6650941,0.98922837
96,3.33978021978022,3,1213.085693359375,449.1370239257813,75.6866999715244,0.7871121168136597,True,-0.6937119,-1.0443515,0.87435216,-0.6562795,-1.1426563,0.87314564,-0.7456129,-1.1204673,0.61035705,-0.41783768,-1.2112656,0.8037282,0.0,0.0,0.2362702,-0.03732911,-0.98272943,0.99289274,-0.66850644,-0.88857925,0.9826215,0.11462433,-0.47431278,0.9789209,-0.6779657,-0.29467985,0.8844374,-0.27405328,-0.32014492,0.9571291,-0.6336869,-0.10923786,0.8516641,0.2631537,-0.020526174,0.99539006,-0.26315534,0.020526174,0.9921262,0.6181569,0.81976837,0.9903714,-0.6863815,0.8550157,0.980571,0.9590703,1.7939191,0.9713766,-0.84422666,1.8203858,0.9537396
97,3.374569597069597,1,519.7156982421875,451.49505615234375,137.8796072284395,0.8625813722610474,True,0.33901477,-1.2181942,0.9790891,0.36367813,-1.2808881,0.73458254,0.30336303,-1.2983837,0.97227955,0.0,0.0,0.185586,0.08155219,-1.3544903,0.95181346,0.28051862,-0.98546004,0.99447376,-0.30383226,-1.0144043,0.9990301,0.5084352,-0.50107515,0.96515155,-0.43494734,-0.5437782,0.996716,0.7180584,-0.16777146,0.9596563,-0.033135615,-0.5544195,0.9925092,0.20602877,-0.007902101,0.9990508,-0.20602833,0.007902322,0.99957603,0.33528528,0.8299822,0.99742883,-0.2269655,0.8743032,0.99879754,0.4346771,1.6757513,0.98546404,-0.2319285,1.6379886,0.9904783
97,3.374569597069597,3,1211.49658203125,449.5280151367187,74.18637852839966,0.7964247465133667,True,-0.63392454,-1.0733008,0.89815885,-0.5906277,-1.1742318,0.8852713,-0.69854647,-1.1497564,0.7069287,-0.36511979,-1.2340139,0.7840111,-0.72998124,-1.1722317,0.32630476,-0.0150427455,-0.9913781,0.9930948,-0.6747515,-0.8859028,0.9865947,0.15187216,-0.4903619,0.97525024,-0.6774336,-0.28805986,0.9058806,-0.209417,-0.34509706,0.95166695,-0.59923667,-0.11271487,0.8704459,0.27293977,-0.024416078,0.9952739,-0.27293813,0.024416078,0.99282634,0.65672886,0.83212197,0.98984575,-0.67434514,0.875344,0.98209596,1.0028305,1.8186592,0.97071284,-0.82390374,1.8576837,0.9569064
98,3.4093589743589745,1,524.6358642578125,451.7311401367187,138.24164499126266,0.8619551658630371,True,0.32684767,-1.2176212,0.9817498,0.36231333,-1.2850282,0.82482046,0.2788612,-1.2965869,0.97431946,0.0,0.0,0.28009087,0.06544777,-1.3446833,0.9328911,0.31809428,-1.0032563,0.99238163,-0.2897727,-0.99654335,0.9984622,0.5397136,-0.5580635,0.9569813,-0.46663567,-0.5600209,0.9945957,0.7123156,-0.19769543,0.95414317,-0.045876488,-0.58012027,0.9890203,0.20886235,-0.015394813,0.9983088,-0.2088619,0.015394813,0.9991678,0.28479996,0.82974064,0.996101,-0.23296419,0.8972489,0.99798775,0.368849,1.6635287,0.98321563,-0.25915703,1.6527787,0.98849374
98,3.4093589743589745,3,1211.535888671875,450.1027221679687,74.71624631802896,0.7947830557823181,True,-0.639792,-1.066219,0.8914194,-0.59837556,-1.1667042,0.8783007,-0.7027205,-1.14219,0.6897469,-0.37151626,-1.2293075,0.777362,-0.7303266,-1.1670485,0.31253225,-0.0076248767,-0.99362254,0.9928364,-0.6783314,-0.88506484,0.9859378,0.18246932,-0.49395216,0.975256,-0.67185664,-0.28104255,0.9049358,-0.18542157,-0.34835654,0.95180494,-0.58684915,-0.09770854,0.86981565,0.27543333,-0.02493565,0.99525476,-0.27543172,0.02493565,0.9927718,0.6543098,0.8088455,0.98985744,-0.6718175,0.85247326,0.9820732,0.98488176,1.7979645,0.97082144,-0.82081866,1.8382937,0.95700127
99,3.4441483516483515,1,528.819580078125,454.12591552734375,138.73206113784934,0.8645536303520203,True,0.35286182,-1.2035868,0.977715,0.38770145,-1.2700806,0.7868856,0.3048369,-1.2830071,0.9694838,0.0,0.0,0.24781977,0.089944676,-1.3317362,0.9263501,0.34820187,-0.99498916,0.9908568,-0.2715822,-1.0035427,0.99841976,0.57633746,-0.5287883,0.9528561,-0.4321993,-0.56715065,0.9951748,0.7011653,-0.20166291,0.9531255,0.058631685,-0.5914689,0.9901461,0.2146014,-0.010601473,0.99821067,-0.2146014,0.010601252,0.9991867,0.26626822,0.8287684,0.99586856,-0.25718063,0.8783164,0.9980192,0.3470241,1.6665803,0.98206824,-0.28992984,1.6423286,0.9883187
99,3.4441483516483515,3,1211.806396484375,449.5593872070313,74.50865575474317,0.7889294624328613,True,-0.6670572,-1.0412506,0.8796778,-0.6269262,-1.1424937,0.87018293,-0.7263683,-1.1180747,0.652165,-0.3902634,-1.2141595,0.77822596,0.0,0.0,0.27745625,-0.006440304,-0.9933743,0.99242824,-0.68545574,-0.8831335,0.98406005,0.20141555,-0.49389726,0.9757573,-0.67400545,-0.27419376,0.8965826,-0.17177148,-0.33402956,0.9527481,-0.5919657,-0.07043212,0.8625623,0.27782434,-0.024816304,0.995227,-0.27782598,0.024815897,0.9924752,0.64834744,0.8140857,0.99002975,-0.6734943,0.8568512,0.98170197,0.9696188,1.8088309,0.9712948,-0.82202923,1.8483353,0.95656925
100,3.478937728937729,1,529.96923828125,453.26171875,135.90285822452253,0.8663061857223511,True,0.36843082,-1.1614672,0.98493356,0.4112511,-1.232494,0.8534264,0.31289852,-1.2463851,0.9785043,0.0,0.0,0.28627476,0.08568365,-1.318605,0.93018425,0.38958967,-0.99344033,0.99207956,-0.26674116,-1.002783,0.9983303,0.6266104,-0.5345723,0.95566535,-0.4042396,-0.5564441,0.9941367,0.72806585,-0.19633752,0.955152,0.078940734,-0.534246,0.9886514,0.22661306,-0.008570117,0.99808,-0.22661284,0.008570117,0.9990289,0.2703091,0.8502023,0.99574286,-0.26667514,0.8927895,0.9977417,0.34996706,1.709997,0.9820164,-0.28820923,1.6790162,0.98744047
100,3.478937728937729,3,1212.86962890625,449.6497802734375,75.04852740052556,0.7959542274475098,True,-0.6627011,-1.0166229,0.8740118,-0.63021725,-1.1171645,0.85528207,-0.7284821,-1.0905573,0.66482943,-0.4203335,-1.1924886,0.74354804,-0.7585668,-1.1257604,0.3110333,-0.043876234,-0.98189116,0.99206346,-0.7136235,-0.86910766,0.9852271,0.14737047,-0.48058707,0.9745234,-0.7051931,-0.26310328,0.91048265,-0.22755134,-0.29759106,0.95125973,-0.6022161,-0.06066794,0.8770901,0.27394548,-0.026872668,0.9953858,-0.27394548,0.026872668,0.99317014,0.64060277,0.81211287,0.9901495,-0.6819221,0.8580247,0.9831389,0.9661294,1.789133,0.9714357,-0.8254604,1.8315469,0.9588483
101,3.513727106227106,1,532.2796020507812,456.0934143066406,139.72086868738648,0.8676748275756836,True,0.36230466,-1.1264713,0.9813176,0.41555545,-1.1946987,0.8365276,0.31782815,-1.2165792,0.9679461,0.44825003,-1.2348689,0.31183597,0.12458311,-1.3101883,0.91162837,0.42936295,-0.9725679,0.99452776,-0.23275602,-1.017745,0.9979225,0.634362,-0.4390376,0.9695714,-0.32956967,-0.501745,0.99195963,0.70199955,-0.08822107,0.9644015,0.15742883,-0.48330396,0.9858791,0.23093355,-0.00032959305,0.9985475,-0.23093376,0.00032959305,0.9990632,0.30727595,0.82048464,0.9964181,-0.3062249,0.84327567,0.9976127,0.34383434,1.6528802,0.9813409,-0.31619787,1.585552,0.9847621
101,3.513727106227106,3,1212.76171875,449.9992065429687,75.29819390449353,0.8077192902565002,True,-0.6271306,-1.0148942,0.8806795,-0.59694785,-1.1170082,0.8470019,-0.7056806,-1.086695,0.7184618,-0.4087265,-1.1911795,0.6939613,-0.76220876,-1.1158009,0.3884278,-0.044917442,-0.9831751,0.9917624,-0.7395628,-0.8565517,0.9877666,0.17573845,-0.48972404,0.9712133,-0.7195269,-0.24533479,0.9302232,-0.16170408,-0.30313194,0.9471391,-0.570617,-0.053293966,0.89750725,0.2807052,-0.031670142,0.9954958,-0.2807052,0.03166974,0.99407923,0.6530092,0.79420155,0.99008244,-0.67407125,0.84901613,0.9851854,0.9600323,1.7748387,0.97152764,-0.8165014,1.8306974,0.9627199
102,3.5485164835164835,1,534.3446044921875,458.4641723632813,139.704317522831,0.8698931336402893,True,0.42879432,-1.1474296,0.9694568,0.46399397,-1.2163693,0.6928506,0.3859072,-1.2289087,0.9588495,0.0,0.0,0.19783579,0.17347997,-1.3019238,0.93407,0.43125576,-0.9794394,0.9928566,-0.21232042,-1.0085413,0.99847776,0.6507029,-0.45127746,0.9595093,-0.29829848,-0.50820047,0.9951054,0.7085801,-0.0703309,0.9548781,0.17490554,-0.4745033,0.9898449,0.22515684,-0.003010596,0.9986749,-0.22515684,0.003010596,0.99937075,0.30382466,0.7948236,0.9965809,-0.3173256,0.83272666,0.99829656,0.31922323,1.6317046,0.9820854,-0.3483097,1.5973294,0.9877622
102,3.5485164835164835,3,1212.8408203125,450.8722534179687,74.88306134848719,0.8075574636459351,True,-0.63603073,-1.0242227,0.90698177,-0.5979522,-1.1302772,0.88236964,-0.7190671,-1.0983719,0.76218283,-0.39243805,-1.2055324,0.74346,-0.77808815,-1.1252017,0.41134065,-0.023108948,-0.98941904,0.99293584,-0.7437638,-0.8577159,0.98905283,0.19741718,-0.4820912,0.97192264,-0.71219116,-0.23957072,0.92686504,-0.18095107,-0.31802067,0.9473285,-0.555125,-0.07695389,0.8922681,0.2907186,-0.031763393,0.99513394,-0.29071695,0.031763393,0.993471,0.6500419,0.7795394,0.9888574,-0.6917002,0.83364683,0.98295456,0.9497132,1.7741187,0.9678542,-0.82267594,1.830309,0.9572353
103,3.583305860805861,1,534.2926025390625,460.1331787109375,139.67579491270345,0.8684263825416565,True,0.44243824,-1.1389017,0.9719135,0.4835447,-1.2044998,0.7403536,0.4029805,-1.2228926,0.95993465,0.0,0.0,0.25259677,0.21600051,-1.3006346,0.9287598,0.46590522,-0.9610353,0.99317145,-0.16369215,-1.0159994,0.99841595,0.6944422,-0.43523094,0.95832175,-0.28851187,-0.5302198,0.9942985,0.7677657,-0.09081285,0.9517722,0.17587769,-0.4879704,0.98795646,0.21962611,0.0041692005,0.9985844,-0.21962568,-0.0041694194,0.99929595,0.30554724,0.79883474,0.9964708,-0.31525075,0.8110653,0.9981711,0.34527588,1.6169327,0.9825476,-0.34925434,1.559569,0.9878803
103,3.583305860805861,3,1212.6339111328125,450.2711181640625,75.45330773258576,0.8044870495796204,True,-0.6427832,-1.0060531,0.8901728,-0.6081585,-1.1106893,0.8650256,-0.7209841,-1.0799526,0.71903396,-0.40127096,-1.1918277,0.7307497,-0.7713292,-1.1144556,0.36776188,-0.019805424,-0.98854053,0.9924833,-0.7397331,-0.8616209,0.9876667,0.20314878,-0.4790508,0.9733551,-0.71283513,-0.24359402,0.9241569,-0.18187922,-0.31187597,0.9499269,-0.5603469,-0.07657372,0.8910759,0.28992733,-0.030508151,0.99544454,-0.28992733,0.030507747,0.9937063,0.64743125,0.7805638,0.98987526,-0.68663925,0.8324418,0.98399866,0.938449,1.7787194,0.9704573,-0.82262564,1.8310326,0.9597628
104,3.618095238095238,1,537.06005859375,459.9954833984375,137.86936551097207,0.8700017929077148,True,0.43699592,-1.1381367,0.98125124,0.48530146,-1.2044332,0.81742513,0.3934964,-1.2241116,0.9705832,0.0,0.0,0.29825073,0.20274195,-1.3047231,0.927801,0.4843802,-0.9589842,0.99453306,-0.15898167,-1.014367,0.99860066,0.72367877,-0.4208094,0.96689224,-0.27020144,-0.5285606,0.99483466,0.8111489,-0.0356378,0.9627432,0.17704085,-0.49102426,0.98969704,0.22487576,0.0061907563,0.99880874,-0.22487576,-0.0061909775,0.999373,0.29272175,0.8049227,0.9970552,-0.34379327,0.8136028,0.9983889,0.32443166,1.6460594,0.9848904,-0.4010002,1.5751282,0.989198
104,3.618095238095238,3,1212.694580078125,451.5189208984375,76.50096725485261,0.8130320906639099,True,-0.62372833,-1.003296,0.89891094,-0.5893289,-1.1067529,0.87036026,-0.70081997,-1.0758312,0.7457518,-0.38830155,-1.1908079,0.7260027,-0.75539184,-1.1118438,0.39817184,-0.014948239,-0.99685025,0.9928396,-0.731894,-0.85847294,0.98912853,0.24715973,-0.5135102,0.9732694,-0.71396667,-0.2437817,0.93288,-0.10282658,-0.33961168,0.9499929,-0.59918374,-0.04100234,0.8999541,0.28560582,-0.033089813,0.9955942,-0.28560582,0.033089414,0.99415475,0.64215994,0.75731623,0.98972243,-0.67223513,0.8133314,0.9844862,0.927145,1.7264202,0.9697806,-0.80884045,1.7873302,0.9601949
105,3.652884615384615,1,536.9808959960938,462.3243713378906,139.14411236725263,0.8700542449951172,True,0.4974183,-1.0837548,0.9731856,0.5305085,-1.149497,0.7050818,0.46115756,-1.1690532,0.9638276,0.0,0.0,0.19416127,0.25758892,-1.2683733,0.9380282,0.4927305,-0.94501156,0.99348724,-0.12908813,-1.0216514,0.9987539,0.78461456,-0.40326008,0.96178114,-0.24038824,-0.5665993,0.99610823,0.87279713,0.013414047,0.9586027,0.20917456,-0.5114252,0.9916483,0.21825981,0.011692137,0.9989391,-0.21826003,-0.011692137,0.9995229,0.28014722,0.79868615,0.99737716,-0.3561709,0.7933553,0.99876404,0.32592443,1.6453474,0.98628104,-0.4261544,1.564778,0.9909763
105,3.652884615384615,3,1212.291015625,451.6025085449219,76.94793657235147,0.811549961566925,True,-0.6225832,-0.9834832,0.86454594,-0.5944865,-1.0834146,0.82596403,-0.6933034,-1.0549172,0.6836976,-0.40103275,-1.1706948,0.6745144,-0.7426484,-1.0987674,0.35962275,-0.02465585,-0.9901683,0.9913304,-0.7328635,-0.86082184,0.98728323,0.23788406,-0.52427316,0.9721977,-0.72520596,-0.26431113,0.93458503,-0.09157978,-0.33994955,0.94915587,-0.6095065,-0.047419917,0.9033264,0.28117377,-0.03196559,0.995799,-0.28117537,0.03196559,0.9945358,0.6507672,0.77292645,0.9904213,-0.6532293,0.827001,0.98588735,0.93218374,1.7192613,0.97174215,-0.7991624,1.7762599,0.9634071
106,3.687673992673993,1,536.8726196289062,465.13531494140625,140.60820955684383,0.8665711283683777,True,0.5324733,-1.0502816,0.9623702,0.55825067,-1.1148838,0.6093194,0.49924538,-1.1329079,0.9525282,0.0,0.0,0.15596972,0.29641733,-1.2368041,0.9346097,0.5100097,-0.9390997,0.99206597,-0.09541721,-1.0174565,0.9987483,0.80808043,-0.41516393,0.95688325,-0.18427482,-0.5771171,0.99659616,0.8941428,-0.001897362,0.9545851,0.2707246,-0.48637232,0.99229455,0.21603057,0.014267328,0.99897975,-0.21603057,-0.014267111,0.9995851,0.26989594,0.7748373,0.99748105,-0.39435548,0.7623002,0.9989197,0.33927965,1.5948844,0.98708516,-0.46133026,1.5192018,0.9920007
106,3.687673992673993,3,1209.195556640625,450.7299499511719,76.13411169798705,0.8076574206352234,True,-0.5755257,-0.98109335,0.8429413,-0.5476754,-1.0786201,0.7936457,-0.642684,-1.0538758,0.6583505,-0.35945225,-1.1662982,0.63446367,-0.69950384,-1.1048346,0.3577148,0.014011755,-0.9893354,0.9908676,-0.7244601,-0.88022727,0.98732775,0.25986922,-0.50672436,0.9727864,-0.74818504,-0.2916939,0.9416025,-0.099398635,-0.29916114,0.950746,-0.6200061,-0.06812111,0.9127364,0.2902096,-0.028433567,0.99632925,-0.29021117,0.028433567,0.9953489,0.6969321,0.7952464,0.9916148,-0.6292238,0.84388274,0.98804003,0.9777155,1.7568386,0.97470176,-0.76643926,1.8035709,0.9679147
107,3.72246336996337,1,534.421875,460.9324035644531,136.6845600847863,0.8721295595169067,True,0.53647524,-1.0176388,0.98095506,0.5870946,-1.0858414,0.8710407,0.48434657,-1.1035275,0.9681667,0.6255913,-1.155104,0.38805506,0.28025222,-1.2089835,0.89103615,0.6185913,-0.9210631,0.9929904,-0.0549307,-0.99786514,0.9972464,0.8459955,-0.43766147,0.9623111,-0.16088845,-0.5199066,0.9901314,1.0250992,0.027436102,0.950118,0.33390716,-0.43805978,0.9809398,0.23319492,0.018606663,0.9982937,-0.23319514,-0.018606663,0.99891484,0.26065403,0.82570314,0.9948502,-0.39205676,0.8187045,0.9966432,0.21656531,1.6107262,0.975194,-0.53111273,1.5841968,0.9801927
107,3.72246336996337,3,1209.1068115234375,450.908935546875,75.28279828098695,0.7922998070716858,True,-0.57748395,-1.0068537,0.82942736,-0.54700804,-1.1039988,0.79000974,-0.6398222,-1.0810393,0.61934936,-0.35114503,-1.1827668,0.64931697,-0.68790746,-1.1249294,0.31127143,0.012021728,-0.99354494,0.9898608,-0.6909478,-0.88769287,0.9843129,0.25363997,-0.53341836,0.9714878,-0.712079,-0.3226445,0.92643064,-0.092107125,-0.32635325,0.94876176,-0.64676374,-0.090106614,0.8963597,0.2798173,-0.026764316,0.99598217,-0.2798173,0.026764316,0.9945967,0.6941129,0.81587625,0.99166673,-0.6215642,0.8624827,0.9872673,1.0010804,1.7787755,0.9761801,-0.76963544,1.8218017,0.96824855
108,3.757252747252747,1,532.2364501953125,463.094482421875,135.13640279370458,0.8738250732421875,True,0.6172836,-1.0223094,0.9690123,0.6467071,-1.0892366,0.76968557,0.5717526,-1.1015755,0.95264316,0.0,0.0,0.289208,0.356866,-1.1926895,0.8986652,0.6315568,-0.91983294,0.9927551,-0.01358039,-0.98229903,0.9975827,0.90486825,-0.4495049,0.9647382,-0.15185417,-0.5064149,0.99270415,1.1166099,0.0020021908,0.95346373,0.34216097,-0.45589086,0.9851081,0.22496936,0.015031109,0.99867225,-0.22496936,-0.015030883,0.9992225,0.2844484,0.80918676,0.9957094,-0.38811246,0.8163979,0.9974183,0.24364759,1.593625,0.977539,-0.5775733,1.589472,0.9828022
108,3.757252747252747,3,1209.872314453125,451.7540893554687,70.05645910696083,0.7754079103469849,True,-0.62298036,-1.0729475,0.87726283,-0.5666224,-1.1786776,0.8704295,-0.6888522,-1.1569387,0.6455518,-0.32087156,-1.2346052,0.779322,0.0,0.0,0.2647148,0.050282057,-0.9930345,0.9932853,-0.69314384,-0.9008316,0.98484695,0.23552607,-0.4644064,0.97452265,-0.7818331,-0.31877932,0.8853985,-0.1327682,-0.3685979,0.9501163,-0.69962925,-0.25729108,0.8525493,0.29453608,-0.021356415,0.9959065,-0.29453784,0.021356415,0.99360704,0.65986645,0.8479824,0.99249506,-0.6595406,0.8842669,0.9862394,1.0013965,1.8659232,0.98028094,-0.7220442,1.8949159,0.9696389
109,3.792042124542125,1,531.6162719726562,459.267578125,129.13401900729565,0.846653163433075,True,0.681576,-1.019746,0.967347,0.71379745,-1.0898147,0.763306,0.63209385,-1.100299,0.9542992,0.0,0.0,0.27947968,0.403148,-1.1875471,0.9014399,0.67152935,-0.91269225,0.99046737,0.017827874,-0.9647494,0.9973219,0.92724466,-0.42164183,0.9522676,-0.12300661,-0.46139544,0.9919505,1.1489788,0.06385758,0.9396279,0.392874,-0.40903908,0.9832322,0.22887117,0.013592697,0.9981597,-0.22887117,-0.013592933,0.99901307,0.29405853,0.83746153,0.99456894,-0.4102824,0.8532339,0.99698883,0.25956127,1.6697286,0.97430915,-0.612308,1.676255,0.98136073
109,3.792042124542125,3,1209.1636962890625,453.5552978515625,70.12412431092811,0.7848069667816162,True,-0.60170054,-1.1090825,0.9048031,-0.53676444,-1.2176546,0.897181,-0.6736294,-1.1953018,0.7134796,-0.28491783,-1.2646394,0.80401695,-0.7088818,-1.2097515,0.3121914,0.066887535,-1.0046682,0.994255,-0.67960024,-0.8991646,0.9874605,0.27037367,-0.47612846,0.97433233,-0.7170373,-0.28935856,0.8903142,-0.08964642,-0.3844249,0.949366,-0.5871042,-0.20612384,0.85465735,0.29640347,-0.02452186,0.9957806,-0.29640347,0.024521425,0.9935184,0.6770256,0.81985927,0.9919831,-0.6462696,0.8622389,0.9856388,1.0128368,1.8383653,0.97910756,-0.701769,1.8784997,0.9683744
110,3.826831501831502,1,533.4771118164062,456.2568664550781,126.2551772809861,0.8483796119689941,True,0.68868184,-0.996955,0.9747629,0.7325451,-1.0695038,0.8320352,0.6358781,-1.0830833,0.96095604,0.74277925,-1.1405466,0.35661557,0.41399235,-1.1807822,0.89232403,0.7139525,-0.8964002,0.9917931,0.03829418,-0.9567392,0.9970673,0.9499828,-0.3862782,0.9570884,-0.10187015,-0.43318707,0.98993695,1.1780598,0.10080709,0.9434764,0.4000972,-0.36054513,0.9799044,0.2352317,0.016919218,0.99812216,-0.23523144,-0.016919218,0.99885297,0.27507284,0.86160773,0.99481684,-0.43646663,0.87007016,0.9967474,0.24222639,1.7304232,0.9762161,-0.62751746,1.7308447,0.981429
110,3.826831501831502,3,1208.788818359375,452.23138427734375,73.000863774379,0.7842522263526917,True,-0.56922215,-1.0744134,0.8876428,-0.5243811,-1.174759,0.87540674,-0.636835,-1.1519915,0.70161486,-0.311896,-1.2356259,0.7673279,-0.68582803,-1.1759049,0.33666095,0.031727873,-1.0042886,0.9925742,-0.66222024,-0.8937314,0.9848594,0.2332803,-0.51789474,0.97419024,-0.64690316,-0.2965826,0.8940672,-0.16801023,-0.3023558,0.9501267,-0.559358,-0.05863235,0.8590516,0.28149414,-0.026619375,0.99523276,-0.28149414,0.026619375,0.99250305,0.7132099,0.81711686,0.99031186,-0.6292299,0.8659532,0.98240006,1.067009,1.8070908,0.97326726,-0.7478959,1.8512597,0.9596645
111,3.861620879120879,1,533.296630859375,459.0107421875,129.42590697330215,0.8594279289245605,True,0.69978315,-0.9478735,0.96981835,0.7368751,-1.0198638,0.7960834,0.65188247,-1.0310516,0.95446503,0.7391642,-1.1051245,0.32215446,0.4400334,-1.1388191,0.8885653,0.7200287,-0.89925414,0.9910607,0.057406835,-0.9434597,0.99714714,0.96627605,-0.42528486,0.95715064,-0.083724506,-0.43986246,0.9913696,1.225574,0.06692953,0.9448209,0.42951518,-0.37827265,0.9824008,0.23095721,0.013495076,0.9982388,-0.23095767,-0.013494841,0.9989845,0.2813912,0.8423821,0.99482524,-0.41943225,0.86299783,0.9969381,0.2253397,1.68651,0.97541046,-0.62840164,1.6997341,0.98151267
111,3.861620879120879,3,1208.775390625,452.3076171875,72.34190363899138,0.7841684818267822,True,-0.576859,-1.070811,0.8924121,-0.53104585,-1.1718547,0.88177633,-0.6467042,-1.1495273,0.71030015,-0.3175533,-1.2326275,0.7748703,-0.6948291,-1.1742955,0.34080863,0.024145123,-1.0003386,0.99278176,-0.66416216,-0.89449036,0.9849406,0.22525547,-0.5110252,0.97438705,-0.63925767,-0.3014546,0.8903674,-0.1739667,-0.29455733,0.950464,-0.54858816,-0.07844423,0.85586137,0.2807982,-0.025826203,0.99525994,-0.2807999,0.02582578,0.9924408,0.7162305,0.8299002,0.9906178,-0.6309033,0.8780276,0.9826801,1.0759166,1.8307003,0.9743998,-0.7546038,1.8717642,0.9608922
112,3.896410256410257,1,531.6915893554688,459.2668151855469,126.61551359981348,0.8625372648239136,True,0.737237,-0.9373099,0.9670561,0.775576,-1.0091423,0.7890459,0.6877559,-1.019952,0.94859076,0.777818,-1.0877998,0.32696322,0.47410986,-1.1185281,0.8750753,0.7652639,-0.8851759,0.9907774,0.085930444,-0.9246496,0.9967158,1.0412493,-0.41227883,0.95925695,-0.032858055,-0.4106442,0.9905377,1.3166138,0.043124057,0.9484369,0.49933222,-0.3889013,0.9816821,0.23459502,0.013601797,0.99807537,-0.23459478,-0.013601797,0.9988262,0.28068537,0.844604,0.9942674,-0.40634358,0.8669278,0.99643373,0.20386715,1.7303658,0.97209984,-0.6152284,1.7476006,0.97835666
112,3.896410256410257,3,1209.3243408203125,451.9559631347656,72.2793602464012,0.7811203598976135,True,-0.59849095,-1.0559936,0.8787912,-0.55168736,-1.1585234,0.8700204,-0.66743904,-1.1359003,0.67546946,-0.32497033,-1.2252119,0.76391983,-0.70507205,-1.165955,0.30431286,0.031980406,-0.9997403,0.99140054,-0.6710633,-0.89540327,0.9821054,0.22474614,-0.50658697,0.9713723,-0.6760759,-0.29929236,0.8792572,-0.16855411,-0.30156854,0.9459464,-0.6108535,-0.07815153,0.8450172,0.2852583,-0.024608498,0.9945866,-0.2852583,0.024608498,0.9914136,0.705013,0.8276438,0.98971725,-0.6349655,0.8731495,0.9811109,1.0469074,1.8463082,0.9727075,-0.7698858,1.8840976,0.95852005
113,3.9311996336996335,1,536.1116333007812,459.970947265625,122.24678509063511,0.8250362277030945,True,0.71534884,-0.9537073,0.95252156,0.7554808,-1.0254093,0.72923976,0.665794,-1.0378618,0.93908626,0.7448442,-1.1064594,0.3234596,0.45056963,-1.1303517,0.8835307,0.70895606,-0.9185396,0.98289204,0.061912496,-0.92693096,0.9970311,0.9484803,-0.41401723,0.9243751,-0.06900275,-0.4004119,0.9918881,1.1106584,-0.011620451,0.9151645,0.4625688,-0.35864303,0.98167074,0.23386042,0.0066608707,0.9968002,-0.23386042,-0.0066611203,0.99854183,0.2867774,0.9094632,0.99070615,-0.41275406,0.9220066,0.99561137,0.30475792,1.7946925,0.96001023,-0.61111176,1.7788619,0.9747244
113,3.9311996336996335,3,1209.6805419921875,451.1794738769531,71.69120132950349,0.7784738540649414,True,-0.6195054,-1.0471964,0.8596567,-0.5740478,-1.1497408,0.8579517,-0.68629134,-1.1282235,0.622113,-0.33962187,-1.220417,0.7644262,0.0,0.0,0.2589719,0.03296984,-0.99542254,0.9902593,-0.675966,-0.8983979,0.97737974,0.20237553,-0.48966163,0.9709448,-0.6988336,-0.2962995,0.8558548,-0.20725554,-0.27374563,0.9448094,-0.6418911,-0.07183196,0.82383955,0.2870571,-0.022597272,0.9939414,-0.2870571,0.022597272,0.9898179,0.6993785,0.84956765,0.98872524,-0.6319642,0.8920336,0.9779829,1.03615,1.870652,0.9700043,-0.7698814,1.9016074,0.9524731
114,3.965989010989011,1,527.0428466796875,461.5556640625,124.38248047966458,0.7930471301078796,True,0.83308184,-0.91217303,0.93746316,0.8591393,-0.9842792,0.6520655,0.7898527,-0.9927564,0.91840374,0.0,0.0,0.26429155,0.58014435,-1.0830946,0.8719396,0.79648995,-0.86585116,0.9835385,0.14499314,-0.89869136,0.9958443,1.048843,-0.39971095,0.9306596,-0.038139097,-0.3832679,0.9894132,1.3094769,0.0075575993,0.9173873,0.5624289,-0.36235896,0.97802335,0.22418563,0.010071728,0.99649507,-0.22418588,-0.010071728,0.99821883,0.30411616,0.8272199,0.98948264,-0.366633,0.8584136,0.9944917,0.24314994,1.726281,0.9536265,-0.5610463,1.7729304,0.9676651
114,3.965989010989011,3,1208.0960693359375,451.0895385742187,71.06587544138122,0.7770271301269531,True,-0.6183314,-1.0478851,0.8423507,-0.5735834,-1.1493986,0.8389111,-0.6829515,-1.1283536,0.59410685,-0.334422,-1.2174627,0.7463898,0.0,0.0,0.24980079,0.047223184,-0.99334663,0.9902802,-0.6930258,-0.8995186,0.9778061,0.22481513,-0.4688149,0.9724665,-0.71469474,-0.28515473,0.86760896,-0.20443799,-0.29106322,0.9472118,-0.6180325,-0.09828373,0.8350435,0.29944432,-0.022787953,0.99466586,-0.29944432,0.022787953,0.9911419,0.74473053,0.84595066,0.9900136,-0.63542944,0.8884244,0.9807554,1.083232,1.8870362,0.9730526,-0.76697826,1.918947,0.95762956
115,4.0007783882783885,1,532.3616333007812,466.97650146484375,120.87018050386152,0.8351314663887024,True,0.81270206,-0.97305304,0.95798737,0.8487929,-1.0394617,0.62458706,0.778774,-1.0545096,0.957198,0.0,0.0,0.17782469,0.54679734,-1.1448895,0.9350514,0.7125373,-0.90615886,0.9839125,0.08360193,-0.92855155,0.9987373,0.958855,-0.43213832,0.9120992,-0.04587704,-0.43927246,0.9967681,1.0358307,-0.12293867,0.913754,0.5353139,-0.3683219,0.9911213,0.23514634,0.01071964,0.9982438,-0.23514609,-0.010719893,0.9994665,0.25050938,0.8839571,0.9960337,-0.47478762,0.87044275,0.9987123,0.34016433,1.825057,0.9833614,-0.6188343,1.7530925,0.9916517
115,4.0007783882783885,3,1211.7633056640625,446.6295166015625,68.62955712051523,0.771135151386261,True,-0.6847525,-1.0095065,0.87902147,-0.6322724,-1.1211158,0.88938403,-0.76494807,-1.0944796,0.6277098,-0.380658,-1.2003895,0.8080424,0.0,0.0,0.2226034,0.014812882,-0.98765445,0.9923366,-0.73250306,-0.87914,0.9756924,0.13410212,-0.4312091,0.97733486,-0.82210606,-0.23657434,0.83122313,-0.2969211,-0.27119687,0.9546134,-0.7170303,-0.112621844,0.8106067,0.30533785,-0.024866005,0.9947476,-0.30533785,0.024866005,0.9900587,0.6705017,0.8870236,0.99121547,-0.7055916,0.9330915,0.98031116,0.99780095,1.9741038,0.9769182,-0.8132874,2.013756,0.95912355
116,4.035567765567766,1,531.2020263671875,469.6430969238281,120.41095821426414,0.8133965134620667,True,0.8384778,-0.9778628,0.9627933,0.874248,-1.0453975,0.6500481,0.80291486,-1.0591862,0.962037,0.0,0.0,0.18426073,0.5656116,-1.1460668,0.94065565,0.72917396,-0.8969116,0.98557425,0.10522842,-0.92071694,0.9987821,1.0162752,-0.410825,0.9178835,-0.009681607,-0.4211324,0.99671066,1.1262304,-0.10008956,0.9183171,0.5519144,-0.37011135,0.9910693,0.2318243,0.011611084,0.9982322,-0.2318243,-0.011611084,0.9994418,0.25122705,0.8862895,0.995886,-0.46110526,0.8727372,0.998616,0.34200197,1.8177716,0.9823116,-0.60910606,1.7458686,0.990871
116,4.035567765567766,3,1211.5125732421875,446.26904296875,67.58378056400038,0.7672945261001587,True,-0.6696152,-0.9958636,0.8694982,-0.6163556,-1.1089222,0.8693103,-0.74911183,-1.0816774,0.6282707,-0.36365452,-1.1925424,0.77038974,0.0,0.0,0.24048623,0.03527523,-0.9897248,0.9917005,-0.74821955,-0.8788878,0.9786002,0.16247375,-0.42343098,0.97562927,-0.86537194,-0.23139004,0.86841416,-0.29576463,-0.2729888,0.95286316,-0.78160363,-0.09743043,0.8434277,0.31847408,-0.025005132,0.9949987,-0.31847408,0.025005585,0.99155855,0.68738645,0.90006465,0.99106455,-0.73859066,0.9453165,0.9822955,1.0245006,2.0026865,0.97585267,-0.84014827,2.0436647,0.9608597
117,4.070357142857143,1,532.0911865234375,469.9345703125,120.17620653314046,0.8304229378700256,True,0.83157617,-0.9650812,0.9696223,0.8745099,-1.0333756,0.7088602,0.7937401,-1.0490143,0.96702987,0.0,0.0,0.20814295,0.5565431,-1.1442988,0.9368937,0.73786,-0.8982436,0.98667645,0.108975925,-0.9136253,0.9987606,1.0132989,-0.4163894,0.92561316,0.029266616,-0.40508577,0.99656856,1.1290712,-0.09518443,0.9270686,0.5587859,-0.35324463,0.9911282,0.23395973,0.010581945,0.99828905,-0.23395923,-0.010582199,0.99942774,0.25192145,0.8901175,0.99609584,-0.4606451,0.87959933,0.9986118,0.3258775,1.8249006,0.98311114,-0.60466075,1.7454138,0.9910046
117,4.070357142857143,3,1210.97607421875,447.0138854980469,66.47139070760265,0.773105800151825,True,-0.64963114,-1.0173743,0.87708825,-0.59521943,-1.1332064,0.8725062,-0.7374751,-1.1036655,0.66310275,-0.35132816,-1.211124,0.761134,0.0,0.0,0.27422196,0.04653156,-0.99932027,0.9916372,-0.76293725,-0.8679666,0.97980094,0.19993256,-0.42550218,0.9735771,-0.8347143,-0.17160694,0.87240386,-0.26545468,-0.26321286,0.94970024,-0.68189543,0.005871079,0.8449099,0.3279779,-0.030152867,0.99464464,-0.3279779,0.030152867,0.99126035,0.6973931,0.88299596,0.99043113,-0.754497,0.9379265,0.98181045,1.0306435,2.0209978,0.9747389,-0.8443721,2.0782623,0.96023464
118,4.10514652014652,1,533.9840087890625,468.9111328125,119.10780108682287,0.7893191576004028,True,0.8398467,-0.9601267,0.96204805,0.87946105,-1.0300822,0.6676374,0.80079645,-1.0407276,0.9596203,0.0,0.0,0.19982743,0.5650076,-1.1294223,0.9314739,0.75258386,-0.9035069,0.9847965,0.11037979,-0.90073663,0.998596,1.0457789,-0.4243016,0.91757077,0.02256513,-0.38126796,0.9961786,1.1947252,-0.051651012,0.916951,0.5209068,-0.28971943,0.9898246,0.23683779,0.0071292697,0.998104,-0.23683779,-0.007129013,0.99936956,0.2546142,0.8888089,0.9957099,-0.47018665,0.8935725,0.998486,0.318186,1.8296295,0.98212504,-0.61215484,1.7734369,0.9905297
118,4.10514652014652,3,1212.9422607421875,448.0672607421875,67.6903984163379,0.770217776298523,True,-0.6554681,-1.0063186,0.8763101,-0.6049,-1.1200936,0.87373054,-0.74259937,-1.0901302,0.651537,-0.3667011,-1.1999916,0.76969594,0.0,0.0,0.26388237,0.031539004,-0.996469,0.99174505,-0.7478399,-0.87085944,0.97906905,0.16873881,-0.42280504,0.9744006,-0.8018668,-0.19686134,0.8656094,-0.32707942,-0.29777163,0.95056254,-0.64916176,-0.095616974,0.8391166,0.31761357,-0.028472386,0.9944569,-0.31761357,0.028472837,0.99069923,0.6661404,0.8386135,0.9900547,-0.757102,0.88978344,0.9805108,0.98685575,1.961977,0.97367305,-0.854388,2.0122106,0.95769405
119,4.1399358974358975,1,534.822509765625,469.19775390625,117.51935380528327,0.850583553314209,True,0.8074904,-0.8834441,0.95976454,0.85533875,-0.95213526,0.6835434,0.7734005,-0.97212577,0.95473987,0.0,0.0,0.20656419,0.5514234,-1.099477,0.9070988,0.74585867,-0.91428226,0.9803208,0.09649861,-0.8996731,0.9981121,0.9979033,-0.46863514,0.90775436,0.0313212,-0.36877862,0.9953739,1.1318214,-0.16114782,0.9127378,0.570377,-0.3141274,0.9885932,0.24371713,0.0043675797,0.9976615,-0.24371687,-0.0043678395,0.9992042,0.26728997,0.9066539,0.9950852,-0.47761518,0.9091115,0.9982249,0.32460576,1.8645408,0.98065716,-0.6199304,1.7781599,0.98970103
119,4.1399358974358975,3,1214.203369140625,447.87554931640625,67.42404073947614,0.7643609642982483,True,-0.6765208,-1.0111521,0.88365394,-0.6264356,-1.1234626,0.8860264,-0.7616698,-1.0952728,0.6524165,-0.38805968,-1.1990521,0.79350203,0.0,0.0,0.25262445,0.011979989,-0.9882015,0.9922571,-0.7446748,-0.8727545,0.9786531,0.12287591,-0.4053919,0.9758021,-0.81754506,-0.19796719,0.8531478,-0.3794472,-0.2738302,0.9523364,-0.69122744,-0.09410818,0.8282471,0.31076276,-0.025803506,0.99438465,-0.31076458,0.025803054,0.9901101,0.6417722,0.84332186,0.9901524,-0.7743215,0.8899374,0.9795558,0.9766216,1.9778315,0.9740045,-0.87520546,2.0201046,0.9565008
120,4.174725274725275,1,531.6368408203125,470.00970458984375,117.91738016378632,0.8813058733940125,True,0.8519454,-0.90884125,0.9408617,0.8878778,-0.9728059,0.5992228,0.8240488,-0.99896485,0.93155396,0.0,0.0,0.17376111,0.6183689,-1.1223681,0.8810382,0.7550411,-0.8778872,0.9748917,0.15111816,-0.9050529,0.996693,0.8783968,-0.3779028,0.8894009,0.041513316,-0.31678194,0.9923753,0.9826102,-0.1729147,0.8939744,0.64915687,-0.31934848,0.98320055,0.2239365,0.01017025,0.99621576,-0.2239365,-0.01017025,0.99861014,0.28527167,0.870805,0.9922551,-0.45808208,0.8732461,0.99697757,0.29561195,1.8219249,0.97075784,-0.59970236,1.7693999,0.98327476
120,4.174725274725275,3,1213.618896484375,448.80670166015625,67.43520820436622,0.7732911109924316,True,-0.6701438,-1.0167651,0.8699111,-0.62080896,-1.1293188,0.8704018,-0.75554657,-1.0999979,0.6330497,-0.38279834,-1.2032465,0.77178776,0.0,0.0,0.25003192,0.03316624,-0.9904255,0.9915712,-0.770687,-0.8686235,0.9776119,0.15559459,-0.4035449,0.97481924,-0.8438022,-0.18228443,0.85755974,-0.37470502,-0.28702816,0.95076597,-0.6732627,-0.08739762,0.83152574,0.32574308,-0.027626162,0.99421376,-0.32574126,0.027626615,0.9900304,0.65981483,0.8184415,0.9896187,-0.7875036,0.86746585,0.9790219,0.99082375,1.959881,0.9724468,-0.86450714,2.0069666,0.9547855
121,4.209514652014652,1,534.9840087890625,471.5294189453125,115.9707438252692,0.8618131279945374,True,0.83303744,-0.9255693,0.96278644,0.8823884,-0.9954122,0.7013602,0.7944635,-1.0121906,0.9594257,0.0,0.0,0.22689347,0.56690705,-1.1173828,0.9199049,0.7685517,-0.9073328,0.9818532,0.1115462,-0.88861424,0.99830925,1.0318575,-0.46991718,0.9049104,0.04783574,-0.3626453,0.99539894,1.1394149,-0.18722731,0.90777814,0.5844312,-0.29308793,0.98816675,0.24474482,0.004447217,0.997556,-0.24474482,-0.004447217,0.9991811,0.26575252,0.90608865,0.99472874,-0.47499332,0.9071233,0.9981262,0.31207147,1.8644897,0.97944266,-0.6195623,1.7863587,0.98915696
121,4.209514652014652,3,1214.323974609375,449.0177917480469,67.25223729912744,0.7772237658500671,True,-0.69010544,-1.0143437,0.8517188,-0.6416982,-1.1256169,0.85527736,-0.769698,-1.0982038,0.58814704,-0.39826635,-1.1986402,0.764213,0.0,0.0,0.22276013,0.026669433,-0.98932153,0.99098855,-0.7661731,-0.8689388,0.97513086,0.15925425,-0.39566574,0.97509694,-0.8250481,-0.16324387,0.8505234,-0.38659152,-0.27368024,0.95138854,-0.671486,-0.034389555,0.8262073,0.3227722,-0.026769718,0.9942515,-0.3227722,0.026769718,0.9898878,0.6457114,0.8071792,0.99001545,-0.79742754,0.85475737,0.97931355,0.98723733,1.9573759,0.97377,-0.8697107,2.0023046,0.9561784
122,4.244304029304029,1,534.4556884765625,472.3377380371094,114.96126889276002,0.8047967553138733,True,0.8675646,-0.9161936,0.96231955,0.9113076,-0.98655635,0.67825335,0.831091,-1.0025349,0.95998496,0.0,0.0,0.19855966,0.58999044,-1.11189,0.92604274,0.7766787,-0.9071117,0.9825739,0.11657979,-0.8823263,0.998382,1.1347704,-0.48067972,0.91141284,0.046556845,-0.34893954,0.9958061,1.3292961,-0.13796045,0.915275,0.58095896,-0.2648974,0.98935145,0.24325448,0.0026753023,0.9976857,-0.24325395,-0.0026753023,0.99922645,0.27280334,0.9137665,0.9947937,-0.45767286,0.9209265,0.9981572,0.3279425,1.8749046,0.9786957,-0.60916775,1.7919713,0.98870265
122,4.244304029304029,3,1213.8463134765625,449.3707885742187,67.1889060820337,0.7734417915344238,True,-0.6839864,-1.0244417,0.85110015,-0.63384753,-1.1355441,0.8564559,-0.7632217,-1.1093204,0.585593,-0.3904188,-1.2055975,0.76758003,0.0,0.0,0.21974415,0.021284075,-0.98972857,0.9908516,-0.7520664,-0.87197983,0.9741245,0.15686627,-0.3983833,0.9746362,-0.7975015,-0.16974844,0.84225816,-0.37052095,-0.26353556,0.9504117,-0.65998256,-0.030344568,0.81818783,0.31687927,-0.026337113,0.99408674,-0.31687927,0.026336659,0.9894587,0.6495449,0.81523865,0.9899268,-0.78796136,0.8628281,0.9788204,1.0055131,1.9536337,0.97399175,-0.8640353,1.9973465,0.9560642
123,4.2790934065934065,1,536.09423828125,473.33648681640625,113.95700519830709,0.7953813672065735,True,0.8534172,-0.9306089,0.9674366,0.9027158,-1.0018754,0.7177709,0.8126132,-1.0181512,0.9633012,0.0,0.0,0.22108077,0.5681346,-1.1225097,0.9237731,0.797609,-0.90853804,0.984704,0.09802891,-0.8797108,0.9984485,1.2198654,-0.4702072,0.9227349,0.04130961,-0.32655418,0.99589276,1.4336681,-0.13061658,0.92686546,0.5920566,-0.27064174,0.9899318,0.25457513,0.0030847774,0.9978345,-0.2545746,-0.0030847774,0.9992404,0.2645244,0.92005366,0.9950067,-0.47579777,0.92366356,0.9981511,0.32933554,1.8927903,0.9787288,-0.6150345,1.7959038,0.988424
123,4.2790934065934065,3,1213.04443359375,449.1349792480469,66.8927137741395,0.7782998085021973,True,-0.6576292,-1.0297009,0.8386859,-0.609064,-1.1411432,0.8411719,-0.73956937,-1.113777,0.57776994,-0.37331307,-1.2101766,0.74266607,0.0,0.0,0.22365625,0.03611412,-0.9903837,0.99023974,-0.75692385,-0.875209,0.97358656,0.1863609,-0.39336333,0.97372955,-0.80768985,-0.18441148,0.84848106,-0.3197751,-0.24646199,0.9494228,-0.65897775,-0.064792365,0.8243247,0.32230073,-0.02643092,0.99432087,-0.32230073,0.02643092,0.9901113,0.6615636,0.82759047,0.9905115,-0.7795011,0.87587506,0.98057693,1.0146297,1.9713606,0.97573197,-0.852202,2.0150752,0.9596747
124,4.313882783882784,1,533.5178833007812,473.2020263671875,115.25738525974027,0.8076662421226501,True,0.8508757,-0.8715087,0.9649702,0.8941059,-0.9392023,0.7196442,0.8153642,-0.9625043,0.95255435,0.0,0.0,0.21681952,0.59812635,-1.0944793,0.8901588,0.8487246,-0.8672328,0.98712397,0.13147058,-0.8761021,0.99741805,1.2453578,-0.40698758,0.94255716,0.020526092,-0.26274547,0.99347043,1.4615068,-0.087756045,0.9424899,0.60551363,-0.21127349,0.9868947,0.25230238,0.011646774,0.99784636,-0.25230238,-0.011646509,0.99900764,0.28925157,0.8910424,0.9951853,-0.46359652,0.88494617,0.99769056,0.31618688,1.8606772,0.97854346,-0.60595846,1.77199,0.9859242
124,4.313882783882784,3,1214.774658203125,449.8036193847656,67.53938065957107,0.7780665755271912,True,-0.6792008,-1.0333232,0.8360732,-0.63412803,-1.1429693,0.8380277,-0.75827974,-1.1161538,0.5616812,-0.3969671,-1.2086821,0.7465994,0.0,0.0,0.21462938,0.022146007,-0.98486376,0.99069047,-0.75229365,-0.8770938,0.9747559,0.15839463,-0.38392946,0.9755037,-0.80339956,-0.19571191,0.85623586,-0.3769249,-0.25208637,0.9523671,-0.67291653,-0.09899507,0.83294636,0.31657058,-0.024226317,0.9947305,-0.3165688,0.024226317,0.99080604,0.6421691,0.8181402,0.9910255,-0.78763,0.86211413,0.98155266,0.98510414,1.9490569,0.9764247,-0.87513506,1.9860913,0.9607589
125,4.3486721611721615,1,533.7535400390625,473.13433837890625,114.92384236215923,0.8438406586647034,True,0.89746296,-0.8684627,0.93265647,0.92329425,-0.9355367,0.5372651,0.8697729,-0.9532154,0.91565144,0.0,0.0,0.14798482,0.64293015,-1.0733647,0.877124,0.8479163,-0.86548084,0.9843156,0.14011912,-0.8734228,0.9969234,1.2781148,-0.41128153,0.939459,0.022199122,-0.27089977,0.99346006,1.4943787,-0.09800696,0.93834007,0.6169709,-0.20849484,0.9865464,0.24968609,0.010644415,0.998018,-0.24968636,-0.01064415,0.99910176,0.2939314,0.886421,0.9954892,-0.46784896,0.88652563,0.9978677,0.33101863,1.848435,0.97939014,-0.6104079,1.7809997,0.9864709
125,4.3486721611721615,3,1215.944580078125,449.43646240234375,67.6313843850362,0.7813891768455505,True,-0.69922316,-1.0242957,0.82537335,-0.65692806,-1.1336378,0.82672805,-0.77674514,-1.1071396,0.5375323,-0.41839677,-1.200989,0.73835516,0.0,0.0,0.20288259,0.005120603,-0.97733444,0.99027026,-0.75364554,-0.87731075,0.9742596,0.11187354,-0.36892936,0.9752764,-0.8261191,-0.19961238,0.8592137,-0.42476097,-0.22886272,0.952349,-0.71600723,-0.09846377,0.83696246,0.31213298,-0.022286898,0.9948803,-0.31213117,0.022286445,0.9911767,0.63164634,0.838413,0.99140745,-0.7911846,0.8787457,0.98252976,0.968025,1.9632757,0.9773261,-0.89684194,1.9945327,0.9625839
126,4.383461538461538,1,533.9576416015625,472.7752075195313,114.15019837130824,0.8393984436988831,True,0.88582206,-0.85126865,0.94863474,0.92200196,-0.91669804,0.6278194,0.8565215,-0.9400141,0.93131083,0.0,0.0,0.17797762,0.63728505,-1.0704217,0.8689854,0.85492164,-0.8551476,0.98477596,0.1494399,-0.8743777,0.9969368,1.2510458,-0.3982394,0.9419562,0.037439644,-0.2757565,0.9934155,1.5083908,-0.1099318,0.94340414,0.6449221,-0.25091422,0.9871292,0.24927644,0.012984986,0.9979468,-0.24927671,-0.012984986,0.99905294,0.28523126,0.89659125,0.9955004,-0.4675662,0.8901434,0.9978377,0.31096488,1.8724859,0.9797044,-0.61723036,1.7928189,0.98665863
126,4.383461538461538,3,1216.026611328125,449.2985229492187,67.67358265642639,0.7850266098976135,True,-0.71007174,-1.0159515,0.8104755,-0.66950405,-1.1255412,0.8149827,-0.7866886,-1.098796,0.5080115,-0.43053707,-1.1951885,0.7334656,0.0,0.0,0.18903421,0.007714897,-0.97615004,0.9898921,-0.76610714,-0.87448144,0.97216254,0.1141361,-0.35805815,0.97587967,-0.8373829,-0.18324323,0.8540279,-0.4494753,-0.20935339,0.9531424,-0.712377,-0.07124781,0.832907,0.317651,-0.022403326,0.9948019,-0.317651,0.022403777,0.9908462,0.62788296,0.82569015,0.9912271,-0.81363213,0.8658051,0.98173195,0.96550214,1.9636054,0.9765376,-0.9099502,1.9948511,0.9606457
127,4.4182509157509156,1,537.7178955078125,473.3664855957031,110.97943374613402,0.7911058664321899,True,0.9076845,-0.8880894,0.95189476,0.95222646,-0.95742804,0.63944304,0.8721599,-0.9761193,0.9459497,0.0,0.0,0.19718742,0.6257824,-1.0877771,0.9059401,0.8257332,-0.8958638,0.98119545,0.11687814,-0.8680761,0.99809843,1.2303734,-0.46492276,0.9172325,0.033312123,-0.3162127,0.9955603,1.5033474,-0.13334528,0.9224594,0.61392945,-0.2746343,0.989247,0.25884637,0.0016738281,0.9977944,-0.2588461,-0.0016738281,0.99922633,0.27268413,0.94143194,0.9951507,-0.49208072,0.9543034,0.9982041,0.33076406,1.94534,0.9798019,-0.63477683,1.8627936,0.98904467
127,4.4182509157509156,3,1215.813720703125,449.040283203125,67.06422636126693,0.781818151473999,True,-0.70960504,-1.0202736,0.80757356,-0.6686032,-1.130933,0.81360734,-0.78832686,-1.1038376,0.5054441,-0.42997858,-1.198169,0.73148227,0.0,0.0,0.18766968,0.012422866,-0.9770684,0.98969114,-0.7702523,-0.8737943,0.9711355,0.12732482,-0.34499845,0.9757539,-0.8346364,-0.1657679,0.8497031,-0.447134,-0.18346433,0.9528053,-0.7069421,-0.041971993,0.8287536,0.322352,-0.022725653,0.994609,-0.322352,0.022725653,0.9904123,0.63671875,0.8134315,0.99100894,-0.83210814,0.8546795,0.98106784,0.9843169,1.9873773,0.9761386,-0.92671305,2.019837,0.959645
128,4.453040293040293,3,1215.49560546875,448.06097412109375,66.27033082373991,0.781192421913147,True,-0.70684564,-1.0167364,0.8037725,-0.6666955,-1.1281123,0.808541,-0.7885165,-1.1008248,0.5081477,-0.43314022,-1.1949826,0.7216841,0.0,0.0,0.19331338,0.0125127435,-0.9750384,0.9892313,-0.78348595,-0.8703872,0.9702645,0.13522714,-0.33337307,0.97469735,-0.8372744,-0.14679126,0.8475198,-0.44137767,-0.16266704,0.9510748,-0.6774104,-0.017050063,0.8261707,0.32751963,-0.023740226,0.9943311,-0.32752147,0.023740226,0.98998463,0.6517844,0.8140614,0.99060917,-0.83604944,0.85747105,0.98042256,1.0035448,2.014886,0.9753171,-0.9246647,2.049802,0.9585436
128,4.453040293040293,1,536.2948608398438,474.37353515625,112.04299675464962,0.7790842652320862,True,0.9404191,-0.88694584,0.93844724,0.9738813,-0.9556551,0.55790067,0.9095689,-0.9715541,0.93569297,0.0,0.0,0.1675348,0.6616951,-1.0778507,0.91232574,0.81727725,-0.89572114,0.97950405,0.13854621,-0.861094,0.99812907,1.2264241,-0.47024193,0.9090108,0.056350872,-0.31275296,0.9957552,1.4949352,-0.14278461,0.91297156,0.62715375,-0.2735216,0.9891172,0.24956468,-0.00013782115,0.99777895,-0.24956496,0.00013754878,0.999263,0.27883452,0.9158008,0.99507034,-0.48568118,0.9359701,0.99826777,0.3491941,1.9081731,0.9796467,-0.6242979,1.8391197,0.9892609
129,4.4878296703296705,3,1214.9921875,448.247802734375,66.27892409141545,0.7829245924949646,True,-0.6902481,-1.0180963,0.80749357,-0.649941,-1.1291935,0.81245947,-0.77307236,-1.1020238,0.5186619,-0.42203346,-1.1964309,0.72273827,0.0,0.0,0.19925483,0.02056885,-0.97682375,0.98914987,-0.78203624,-0.87254614,0.96960396,0.1511501,-0.33305404,0.97421277,-0.8316497,-0.14919047,0.8423069,-0.4243725,-0.15642953,0.94995403,-0.6604704,-0.024202656,0.82049185,0.328503,-0.023965988,0.99395293,-0.32850486,0.023965528,0.98923314,0.65489537,0.7962284,0.9898747,-0.82889813,0.8400841,0.978766,1.006927,2.0015168,0.9735292,-0.9074679,2.036377,0.95535
129,4.4878296703296705,1,536.1705322265625,473.6326904296875,110.97265649519122,0.7728312611579895,True,0.9270758,-0.8785453,0.93681335,0.9637351,-0.9466424,0.57426804,0.89766556,-0.9644369,0.93149626,0.0,0.0,0.18890902,0.66790456,-1.0724405,0.90254384,0.82100964,-0.888334,0.9783958,0.15253803,-0.8587227,0.9979995,1.2036728,-0.45734158,0.9055645,0.057234284,-0.30918595,0.9954341,1.4878576,-0.14814298,0.91012365,0.63608474,-0.28306088,0.98839915,0.24606803,0.000936653,0.9975969,-0.24606776,-0.000936928,0.9991967,0.27611077,0.92728317,0.9947855,-0.48400924,0.94510984,0.9981577,0.34063533,1.9341081,0.9789972,-0.6298645,1.8657507,0.9889663
130,4.522619047619048,1,534.5137939453125,473.75885009765625,111.1363976001876,0.8215965628623962,True,0.9334497,-0.87106895,0.94319737,0.9728047,-0.93980163,0.59981984,0.90208864,-0.95808506,0.93991184,0.0,0.0,0.19438888,0.6707901,-1.0688812,0.9097988,0.82358176,-0.88032037,0.97848547,0.16662194,-0.8573499,0.9980647,1.1797681,-0.45057037,0.9001495,0.09295888,-0.3126849,0.99537486,1.4323599,-0.19007707,0.9047881,0.6773277,-0.29559872,0.9880844,0.24422543,0.0026718162,0.9975031,-0.2442257,-0.002672091,0.9991786,0.2857075,0.929222,0.99472153,-0.48162523,0.9400812,0.99816316,0.35517034,1.9350611,0.9793226,-0.6329725,1.8657258,0.98923117
130,4.522619047619048,3,1215.0233154296875,448.90966796875,66.88173243356044,0.7799734473228455,True,-0.68777394,-1.016596,0.7919158,-0.64986885,-1.1263068,0.7979346,-0.7681287,-1.0992007,0.49247465,-0.4231996,-1.1940196,0.7123673,0.0,0.0,0.1881596,0.022104595,-0.97701037,0.988897,-0.77790433,-0.87468284,0.9685574,0.15546222,-0.34246698,0.9748908,-0.8309966,-0.16649581,0.84357005,-0.41647202,-0.17779452,0.9512565,-0.6649995,-0.060062587,0.8228588,0.32685634,-0.023514992,0.9943348,-0.32685634,0.023514992,0.98985475,0.6527088,0.7974044,0.99063486,-0.8215422,0.8404569,0.98021644,0.99654835,1.9839635,0.975422,-0.9060803,2.0174599,0.95828974
131,4.557408424908425,1,532.8275146484375,473.65423583984375,111.805339595607,0.8519699573516846,True,0.9698383,-0.8552926,0.9372499,1.0064986,-0.924297,0.56370276,0.9414049,-0.94432247,0.9387779,0.0,0.0,0.17345183,0.706601,-1.0616335,0.9158317,0.8125919,-0.8751286,0.97412586,0.19270521,-0.85385305,0.997951,1.0973772,-0.42899415,0.8768262,0.12380701,-0.29783106,0.9951197,1.3360695,-0.19250159,0.8826393,0.70879614,-0.2964532,0.9869631,0.23416619,0.001543275,0.99692696,-0.23416674,-0.001543548,0.9990552,0.2993637,0.91615397,0.99370027,-0.46101996,0.932286,0.9979405,0.35608765,1.9200612,0.97668546,-0.6193372,1.860503,0.98827994
131,4.557408424908425,3,1214.7220458984375,449.3477478027344,66.87999347835107,0.7761489152908325,True,-0.6782843,-1.0211507,0.78924096,-0.6402815,-1.131552,0.788751,-0.7593767,-1.1034797,0.4985229,-0.4140608,-1.1984407,0.6949774,0.0,0.0,0.19666523,0.028400332,-0.98065835,0.98868227,-0.77761424,-0.8737095,0.97033024,0.16681363,-0.35076326,0.9741184,-0.8299687,-0.16316639,0.8570876,-0.39402723,-0.19099087,0.9505761,-0.65648574,-0.04907362,0.83477473,0.3292285,-0.02458381,0.99456596,-0.3292285,0.02458381,0.9906709,0.6623994,0.8035665,0.9909813,-0.82025856,0.84861827,0.9818139,1.0025171,1.9920702,0.9762975,-0.90984553,2.029905,0.9610691
132,4.592197802197802,1,533.0345458984375,472.9601440429687,111.35262963312836,0.8636558651924133,True,0.98757154,-0.8486463,0.9287252,1.0224668,-0.9158132,0.53301466,0.9627415,-0.93760335,0.9315815,0.0,0.0,0.16919963,0.73277295,-1.0541098,0.91403705,0.8212436,-0.85895044,0.97269225,0.20859225,-0.85552853,0.9978428,1.0628138,-0.39812043,0.86948586,0.1310512,-0.30321863,0.99483854,1.2679161,-0.17703505,0.8730606,0.6998498,-0.27044788,0.9859102,0.2328972,0.0052225348,0.99685436,-0.2328972,-0.0052225348,0.99903655,0.30897915,0.9217801,0.993707,-0.46406782,0.92796296,0.9979504,0.35480073,1.9329928,0.97730017,-0.62588555,1.8752967,0.9886191
132,4.592197802197802,3,1214.5042724609375,449.0416870117187,66.48104227120716,0.7755571603775024,True,-0.6822941,-1.0228113,0.7918619,-0.6430827,-1.1340486,0.79192483,-0.7634838,-1.1059161,0.50109893,-0.41212592,-1.2008731,0.6987568,0.0,0.0,0.19650865,0.033627566,-0.98192716,0.9888532,-0.77942914,-0.8738145,0.97069865,0.17391808,-0.34767368,0.97441036,-0.8312458,-0.1555812,0.85792106,-0.39074925,-0.18424745,0.9510281,-0.6564114,-0.031661034,0.83547044,0.33276674,-0.024723992,0.9946227,-0.33276674,0.024723992,0.99075645,0.67475104,0.81296855,0.99105483,-0.826659,0.8585422,0.9819324,1.0197228,2.0145464,0.9763741,-0.9189026,2.0533152,0.9611551
133,4.6269871794871795,1,533.440673828125,472.43646240234375,110.71297868483036,0.8719322085380554,True,0.98728585,-0.8434241,0.93051475,1.0259595,-0.9111577,0.55230534,0.95992523,-0.9333406,0.93229795,0.0,0.0,0.18053047,0.7312726,-1.0500066,0.9101615,0.8288198,-0.8507119,0.9718014,0.21343206,-0.85624737,0.99772614,1.0186064,-0.3752147,0.86597294,0.13283376,-0.30508378,0.99449676,1.2041674,-0.16284636,0.8696706,0.6899665,-0.2585148,0.98513436,0.23473398,0.006949033,0.9966072,-0.23473425,-0.006949309,0.9989498,0.31013748,0.9263455,0.9932955,-0.47069347,0.9301632,0.9977919,0.34806302,1.9422572,0.9762704,-0.6299766,1.8943329,0.98805296
133,4.6269871794871795,3,1214.807861328125,449.0668640136719,66.50358897678242,0.7753511071205139,True,-0.6993866,-1.0187861,0.77846855,-0.66071534,-1.1294047,0.78174263,-0.77651435,-1.1021918,0.4726975,-0.423451,-1.1974695,0.69767994,0.0,0.0,0.18087457,0.026604386,-0.979817,0.98842245,-0.77584803,-0.8745384,0.96886134,0.15570559,-0.35166925,0.9745728,-0.8387632,-0.16018845,0.85360426,-0.40592888,-0.19364263,0.9513167,-0.6827382,-0.027806668,0.83227,0.32952434,-0.023645947,0.99464345,-0.3295225,0.023645947,0.9906853,0.66840625,0.82549495,0.9911617,-0.8273699,0.86908543,0.98189604,1.0124112,2.0123558,0.9766059,-0.92851216,2.0483923,0.9611767
134,4.661776556776557,1,534.9486694335938,472.130615234375,110.07326526126757,0.8509644865989685,True,0.9692092,-0.8390189,0.9427278,1.015376,-0.9074722,0.61809826,0.9369625,-0.9294222,0.94050545,0.0,0.0,0.20681071,0.70869213,-1.0473831,0.90521955,0.8546171,-0.84886616,0.9747088,0.19934455,-0.85088784,0.9977181,1.0920345,-0.38834304,0.880686,0.10474369,-0.3007463,0.9943177,1.3032241,-0.14126998,0.8852421,0.6499622,-0.21828723,0.9853527,0.2449618,0.0074174893,0.99674183,-0.2449618,-0.0074174893,0.998928,0.3012054,0.9431252,0.99350435,-0.47711474,0.9438083,0.99773693,0.33069295,1.9597803,0.9765411,-0.63545793,1.9036753,0.9878055
134,4.661776556776557,3,1215.076171875,450.067138671875,66.63047144683397,0.77419513463974,True,-0.7082831,-1.0436553,0.8095766,-0.66352797,-1.1549262,0.8145567,-0.7849049,-1.1284215,0.50980806,-0.41431063,-1.2152506,0.73126864,0.0,0.0,0.1885535,0.027189445,-0.9839328,0.98975134,-0.76167816,-0.87631595,0.972012,0.16325758,-0.3573971,0.9754268,-0.8129847,-0.15768495,0.85407627,-0.39544785,-0.20469442,0.9524371,-0.68588996,-0.011329393,0.83166844,0.32597288,-0.023292676,0.9946867,-0.3259747,0.023292217,0.9907024,0.6561137,0.81196105,0.99121183,-0.83603007,0.85491484,0.98180413,1.0113975,2.000967,0.97693425,-0.93746334,2.0374055,0.9614367
135,4.6965659340659345,1,535.3099975585938,473.63092041015625,111.48219817535146,0.8611832857131958,True,0.9599713,-0.8538285,0.93454397,1.0024892,-0.9212919,0.58620936,0.9291385,-0.9420381,0.932149,0.0,0.0,0.20513171,0.7076648,-1.0507509,0.90331876,0.84804946,-0.84717077,0.97471017,0.20172137,-0.8551748,0.9976665,1.0693506,-0.38070804,0.88000345,0.1145843,-0.31341055,0.9941455,1.2463326,-0.16205095,0.88123053,0.6540504,-0.24156098,0.9845643,0.24278352,0.008920768,0.9967914,-0.24278378,-0.008920768,0.9989343,0.30044276,0.91688186,0.9935134,-0.485241,0.9145758,0.99771947,0.32973117,1.9186238,0.9765961,-0.64054966,1.869201,0.98775315
135,4.6965659340659345,3,1215.322265625,450.1082153320313,66.7856634526779,0.7807227373123169,True,-0.71631724,-1.0405415,0.827188,-0.6676961,-1.1519984,0.8360455,-0.79215413,-1.1266072,0.5251873,-0.41240108,-1.2138203,0.75996864,0.0,0.0,0.18704295,0.021346785,-0.98355323,0.99060947,-0.7517673,-0.8782966,0.9727519,0.14145832,-0.35723925,0.97663707,-0.80509675,-0.16269453,0.8462172,-0.42706183,-0.20686449,0.9540517,-0.6993206,-0.016839448,0.8249335,0.32074645,-0.022209046,0.9946403,-0.32074827,0.022209046,0.9903003,0.6381937,0.8047038,0.99109685,-0.8365969,0.8452995,0.9808358,1.0020651,1.981451,0.9765978,-0.9295657,2.0143466,0.95980066
136,4.731355311355311,1,534.0756225585938,472.9360656738281,110.55726780027815,0.8466947674751282,True,1.0057237,-0.86809945,0.9309081,1.0416821,-0.93555695,0.5462666,0.9757017,-0.9547068,0.9321296,0.0,0.0,0.17969655,0.73819476,-1.0555428,0.9141604,0.84260464,-0.84408695,0.9746027,0.2173581,-0.851931,0.99787045,1.0734807,-0.37796497,0.8792574,0.122771144,-0.31441474,0.99484813,1.2798173,-0.1497209,0.88229364,0.6674765,-0.24238887,0.98618317,0.23561831,0.007831364,0.9969014,-0.23561831,-0.007831364,0.9990208,0.29748803,0.9306013,0.99354833,-0.47170752,0.9336255,0.9978325,0.3340521,1.9353092,0.97597516,-0.6319603,1.8961306,0.9877137
136,4.731355311355311,3,1215.328857421875,450.8347473144531,66.7088144679175,0.7773919701576233,True,-0.72079855,-1.0615329,0.8407375,-0.6704654,-1.1729054,0.84767175,-0.79729193,-1.1477156,0.54884607,-0.41195026,-1.2267085,0.7693946,0.0,0.0,0.19660676,0.01774269,-0.98414785,0.9912162,-0.74919677,-0.87729603,0.9751364,0.14414836,-0.3634845,0.9767903,-0.79382795,-0.16280189,0.8520823,-0.41943088,-0.22447036,0.9544268,-0.6931781,-0.018730376,0.82982814,0.31939584,-0.022511402,0.99487805,-0.31939402,0.022511402,0.99086046,0.63796824,0.81110036,0.991569,-0.8382542,0.85241807,0.9820916,1.0043284,1.9870535,0.97802895,-0.9373981,2.0217566,0.96259683
137,4.7661446886446885,1,533.6336669921875,473.159423828125,110.62459279595946,0.8360945582389832,True,1.0087686,-0.8705179,0.93284273,1.0445726,-0.9381716,0.5551963,0.97803205,-0.9566271,0.9335947,0.0,0.0,0.18543316,0.7422101,-1.0540833,0.91555524,0.84084934,-0.8433771,0.97539943,0.22645685,-0.84802985,0.99792176,1.0820231,-0.38753563,0.8823028,0.13144304,-0.3184447,0.9949351,1.3216647,-0.14309894,0.88491064,0.68400675,-0.2521044,0.9864189,0.23210272,0.006708237,0.9969399,-0.232103,-0.0067079607,0.99902797,0.30266762,0.9209912,0.9935634,-0.46577787,0.9296126,0.99782974,0.34219152,1.9324759,0.97588867,-0.6360088,1.8989322,0.9876429
137,4.7661446886446885,3,1214.7974853515625,450.9957885742187,66.7511783126225,0.7825610637664795,True,-0.7128707,-1.0630857,0.8595551,-0.65917355,-1.1754578,0.8667414,-0.7918136,-1.1499995,0.5830187,-0.40018788,-1.2305604,0.7885259,0.0,0.0,0.20937242,0.02625517,-0.986425,0.9918669,-0.75014585,-0.8779741,0.97630835,0.14925598,-0.36174327,0.97722614,-0.79545647,-0.16137502,0.8483416,-0.42789507,-0.2201378,0.954655,-0.68996763,-0.021269577,0.8253948,0.32184663,-0.022688676,0.9945628,-0.32184663,0.022689134,0.9901461,0.63537073,0.7924203,0.990739,-0.8408073,0.83362997,0.9800208,1.005794,1.9698828,0.9756624,-0.9235082,2.0044103,0.95814115
138,4.800934065934066,1,536.0521240234375,471.85650634765625,109.10474702018249,0.8504793643951416,True,0.9681019,-0.84022456,0.93680006,1.0139792,-0.9073723,0.602809,0.9375918,-0.93131876,0.931212,0.0,0.0,0.21391805,0.7157691,-1.0458899,0.89380145,0.8559744,-0.8419895,0.9749029,0.20547478,-0.8530995,0.9976307,1.0793338,-0.36993164,0.8893583,0.113681,-0.30353683,0.9944125,1.2971202,-0.13450395,0.89483947,0.6960105,-0.23590544,0.98597056,0.24482815,0.00899628,0.9968953,-0.24482815,-0.00899628,0.9989519,0.2934774,0.95170313,0.9936945,-0.48679125,0.9488266,0.99774677,0.323131,1.9847294,0.9764678,-0.65052843,1.9276234,0.9876203
138,4.800934065934066,3,1213.7457275390625,451.5007019042969,66.48525422957158,0.7786011099815369,True,-0.7011107,-1.073808,0.85396385,-0.6455867,-1.1864226,0.8644845,-0.77888584,-1.1613164,0.5715313,-0.382846,-1.2389218,0.78869665,0.0,0.0,0.20123231,0.046281334,-0.9916612,0.9917892,-0.7451117,-0.8822748,0.97489333,0.18498214,-0.3655986,0.97767264,-0.7845868,-0.1600605,0.84036976,-0.38950536,-0.21657689,0.9552861,-0.6696904,-0.009960576,0.81837827,0.32752028,-0.022868015,0.994628,-0.32752028,0.022868015,0.9900039,0.6537516,0.79043967,0.9910783,-0.84290713,0.83275235,0.9801845,1.0331862,1.9881874,0.9767502,-0.9191822,2.0241988,0.95911044
139,4.8357234432234435,1,536.6644897460938,471.8245239257813,108.94674255094868,0.852340579032898,True,0.9551613,-0.81367534,0.9370712,1.0038878,-0.8809914,0.6123089,0.9256814,-0.90768963,0.92967355,0.0,0.0,0.21659419,0.70760655,-1.036206,0.88415265,0.86278224,-0.8456143,0.97391945,0.19423373,-0.8522421,0.9974704,1.0937687,-0.37249142,0.88976014,0.10666766,-0.28952873,0.9941947,1.3145612,-0.1284925,0.8967073,0.69714147,-0.23319852,0.98578435,0.25114408,0.008421927,0.99683845,-0.25114378,-0.008421646,0.9989165,0.29445034,0.9501517,0.9937317,-0.4990091,0.94741553,0.9977276,0.32236153,1.9929367,0.9768223,-0.6563414,1.9233686,0.9877295
139,4.8357234432234435,3,1213.7672119140625,450.7463684082031,66.02861829293428,0.7837727665901184,True,-0.70803374,-1.0674572,0.852415,-0.6543054,-1.1803192,0.8620915,-0.78675526,-1.1546923,0.56984013,-0.3936041,-1.2344363,0.78560483,0.0,0.0,0.2026547,0.040056836,-0.9883234,0.99171853,-0.7536941,-0.8800247,0.9749833,0.17251967,-0.36190826,0.9775589,-0.79833955,-0.16312386,0.84240025,-0.40836823,-0.20770597,0.9552245,-0.67923945,-0.018309543,0.8208297,0.32829523,-0.022752086,0.9946877,-0.32829523,0.022752086,0.99017626,0.6525269,0.81236506,0.99113375,-0.8445065,0.85433257,0.98045474,1.0300987,2.0066543,0.9767308,-0.92179525,2.0418193,0.9593007
140,4.87051282051282,1,538.293701171875,469.8079833984375,106.91278152208888,0.8588710427284241,True,0.95834404,-0.7832455,0.9534638,1.019928,-0.8542228,0.6939392,0.9196236,-0.88232386,0.9467222,0.0,0.0,0.2385204,0.6832083,-1.0252432,0.8859945,0.901289,-0.83727825,0.97549486,0.17845368,-0.8462169,0.9973755,1.1519103,-0.37298268,0.8923882,0.10732169,-0.28300428,0.99355847,1.3465486,-0.14032611,0.90077484,0.6996824,-0.21181348,0.9849904,0.269122,0.01059624,0.9967368,-0.2691223,-0.01059624,0.9988205,0.2902357,0.99372137,0.9938771,-0.5237112,0.9805236,0.997663,0.3132402,2.0601132,0.97789705,-0.6794179,1.9739915,0.9879083
140,4.87051282051282,3,1213.8677978515625,451.654296875,66.27284774073236,0.7801526188850403,True,-0.7134148,-1.0743687,0.84957135,-0.6584072,-1.1870598,0.8636491,-0.79091054,-1.1617295,0.5572168,-0.39325693,-1.2386869,0.79350734,0.0,0.0,0.19206905,0.042856313,-0.98968714,0.9917459,-0.7522575,-0.8802739,0.9734398,0.18441643,-0.36394483,0.978118,-0.785871,-0.16297169,0.8310108,-0.40442273,-0.208351,0.95576775,-0.67000955,-0.018038996,0.8105768,0.32906914,-0.022827568,0.99457234,-0.32906914,0.022828028,0.9896231,0.65071714,0.79719704,0.9910149,-0.8499482,0.8393198,0.97943807,1.036494,1.9920818,0.976518,-0.91854376,2.0272527,0.95781654
141,4.905302197802198,1,537.797607421875,468.8830261230469,105.9448156035774,0.8647782206535339,True,0.9958711,-0.7752063,0.951101,1.0525113,-0.84628075,0.66811633,0.9581318,-0.873143,0.94691527,0.0,0.0,0.21968485,0.71296585,-1.0143656,0.8966644,0.905813,-0.8239691,0.9746401,0.1970014,-0.84450376,0.9975176,1.1327902,-0.35218778,0.8866435,0.115918316,-0.2922062,0.9940024,1.3142143,-0.1341229,0.89585453,0.69674045,-0.20487788,0.98564225,0.2655139,0.012603699,0.996644,-0.26551333,-0.012603699,0.99884546,0.29319856,1.0029184,0.9936051,-0.52546495,0.9860852,0.99766797,0.31696972,2.076102,0.9768117,-0.68742025,2.00151,0.98763055
141,4.905302197802198,3,1212.9847412109375,450.775146484375,65.69938784652588,0.7818925976753235,True,-0.7060821,-1.0656805,0.85596174,-0.6493997,-1.1801323,0.86925155,-0.7855363,-1.1541642,0.5713853,-0.38384688,-1.2369471,0.79738563,0.0,0.0,0.19797672,0.04742578,-0.99230105,0.9919207,-0.7496023,-0.8803837,0.9739424,0.18616918,-0.36448315,0.978209,-0.7882917,-0.16055833,0.83110976,-0.39593512,-0.19976148,0.9559311,-0.6789607,-0.008893844,0.8106288,0.33040673,-0.023363119,0.994551,-0.33040673,0.023363119,0.9895628,0.66304123,0.8188342,0.99091154,-0.84773326,0.86232144,0.9791778,1.0565665,2.0186706,0.97610646,-0.9173976,2.0553598,0.9570362
142,4.940091575091575,1,537.6295166015625,470.04052734375,106.08990856859938,0.859660267829895,True,0.9910216,-0.76917195,0.9503839,1.0465683,-0.83946484,0.66737074,0.9564762,-0.86888444,0.94598764,0.0,0.0,0.22214736,0.71672845,-1.0171536,0.8963277,0.89861387,-0.82277495,0.97472,0.1961952,-0.8509613,0.9974464,1.1204503,-0.3484176,0.8857849,0.11861565,-0.29857028,0.9937271,1.3124751,-0.15000802,0.89382756,0.71042013,-0.22139056,0.9849637,0.2637821,0.0136134,0.99653745,-0.2637821,-0.013613112,0.99878997,0.29594627,0.9978713,0.9933767,-0.5218234,0.9774154,0.9975495,0.31690443,2.0636861,0.97608125,-0.6826606,1.9838716,0.9871062
142,4.940091575091575,3,1212.618408203125,451.59674072265625,65.9051882392703,0.7822675108909607,True,-0.7003006,-1.0710183,0.8486019,-0.6434062,-1.184915,0.8632781,-0.77706915,-1.159159,0.55671084,-0.37541908,-1.2406702,0.7929237,0.0,0.0,0.19082126,0.057283327,-0.99631494,0.99164504,-0.7418253,-0.8828888,0.97276795,0.2066697,-0.37305105,0.97810274,-0.77756745,-0.16267228,0.8285667,-0.3700162,-0.21627156,0.95567614,-0.66935754,-0.009148533,0.80794185,0.33088824,-0.023457788,0.99446565,-0.33088636,0.023457788,0.9893534,0.6679314,0.8056595,0.99077386,-0.8454621,0.8494749,0.97877306,1.0621133,2.008168,0.9757849,-0.9142532,2.0459523,0.956324
143,4.9748809523809525,1,538.20068359375,469.81500244140625,104.359151992254,0.8402190208435059,True,0.9659617,-0.7531183,0.9575795,1.0304059,-0.82265633,0.7201916,0.93215466,-0.8576442,0.9506487,0.0,0.0,0.2588088,0.70526534,-1.018087,0.8898562,0.9121175,-0.81724256,0.97684026,0.19064401,-0.8512646,0.997447,1.1661242,-0.34905186,0.8945324,0.10388226,-0.28703424,0.993453,1.3960022,-0.13630088,0.9020817,0.68201435,-0.1897597,0.98474413,0.26858377,0.01578002,0.99664426,-0.26858407,-0.015780313,0.9987708,0.29830328,1.0174625,0.9937099,-0.5289629,0.98659253,0.9975737,0.32032254,2.1073723,0.9773562,-0.6889449,2.0024016,0.98754907
143,4.9748809523809525,3,1212.64794921875,451.6710815429687,65.89679488773137,0.781426727771759,True,-0.702822,-1.0760994,0.8462251,-0.6460353,-1.1900902,0.86019516,-0.779819,-1.1639062,0.5550273,-0.37737492,-1.2432053,0.7878538,0.0,0.0,0.1911762,0.05692569,-0.996189,0.99145156,-0.74587476,-0.8814035,0.9727613,0.20964326,-0.37289572,0.97763526,-0.78187895,-0.1595003,0.8312374,-0.36401507,-0.21911436,0.954998,-0.6704635,-0.005488337,0.8100148,0.33241603,-0.023713635,0.99443334,-0.33241788,0.023713635,0.98943055,0.6658694,0.8020516,0.99076086,-0.8527443,0.8462686,0.97903043,1.0602962,2.0131068,0.97585946,-0.9213274,2.0522306,0.9568752
144,5.00967032967033,1,535.5165405273438,471.2396240234375,105.54764834728807,0.8483067154884338,True,0.99526185,-0.75397676,0.95787275,1.0519347,-0.82515734,0.70186883,0.9611334,-0.8553532,0.953484,0.0,0.0,0.23958656,0.7257777,-1.0122213,0.9055076,0.89997375,-0.82355756,0.9779945,0.21323979,-0.83799493,0.99776137,1.1632762,-0.3697295,0.8957426,0.14202511,-0.27386805,0.9942267,1.3950096,-0.14236428,0.90274906,0.7121091,-0.17855595,0.9860951,0.25700855,0.010946383,0.9968369,-0.25700885,-0.010946672,0.9988865,0.31183907,0.9938775,0.9938543,-0.48983178,0.97905,0.997719,0.33702046,2.0604765,0.9773556,-0.65517277,1.9736861,0.9877751
144,5.00967032967033,3,1214.04833984375,451.4929809570313,66.21896722045959,0.784260630607605,True,-0.71914214,-1.0669507,0.85285896,-0.66483825,-1.1803823,0.8646259,-0.7962622,-1.1539848,0.56485474,-0.3977965,-1.2358309,0.7925344,0.0,0.0,0.1965242,0.038859595,-0.9902035,0.99183524,-0.75121236,-0.87863284,0.9745959,0.1836337,-0.36989614,0.97810966,-0.7928371,-0.1687558,0.8396483,-0.38908812,-0.21738008,0.955804,-0.69181323,-0.026359266,0.81766284,0.327381,-0.023026798,0.9945852,-0.32737917,0.023026798,0.98985577,0.64943266,0.80639696,0.9907617,-0.8521496,0.8487641,0.97932535,1.0311267,1.992193,0.97549725,-0.93309665,2.0282257,0.9567162
145,5.044459706959707,1,534.23095703125,471.5867919921875,106.43396159289205,0.8658578395843506,True,1.0287278,-0.7617905,0.95172995,1.0764588,-0.8342587,0.6566274,0.9945871,-0.8592298,0.95047045,0.0,0.0,0.21643007,0.7515589,-1.0063634,0.91525275,0.88517636,-0.8222626,0.97648776,0.23363386,-0.8355263,0.9978131,1.0717794,-0.35365498,0.88472766,0.14454293,-0.27540752,0.9943228,1.2431538,-0.15422831,0.89006925,0.6963237,-0.17204529,0.9856601,0.24734576,0.009342166,0.99662375,-0.24734604,-0.0093424525,0.9988673,0.32055023,0.96676075,0.9933694,-0.47874513,0.96098036,0.99764204,0.35151914,2.0196598,0.975963,-0.646394,1.966977,0.98729485
145,5.044459706959707,3,1214.40185546875,451.2747192382813,66.12099687350371,0.7828285694122314,True,-0.72446865,-1.0669818,0.8557266,-0.6704166,-1.1800866,0.8662212,-0.80128574,-1.1541069,0.5703256,-0.4043195,-1.2345933,0.793223,0.0,0.0,0.1993668,0.030085115,-0.98778033,0.9918773,-0.7505771,-0.8779339,0.97526973,0.17414697,-0.3660102,0.9778501,-0.79188323,-0.16801584,0.84264594,-0.39757547,-0.21400937,0.95542645,-0.7031565,-0.02314538,0.8200864,0.32451347,-0.022561068,0.9945756,-0.3245153,0.022561068,0.9899574,0.6413893,0.81121486,0.9907404,-0.85834515,0.85261697,0.979514,1.0284047,1.9957272,0.9755062,-0.94240665,2.030364,0.9570934
146,5.079249084249084,1,525.9152221679688,477.8102111816406,107.19460535905684,0.7892747521400452,True,1.1125282,-0.8226524,0.9511315,1.2122449,-0.90580416,0.74386215,1.0584234,-0.943737,0.9599206,0.0,0.0,0.21075648,0.7986938,-1.0514828,0.89065915,1.0051761,-0.70756376,0.9844562,0.27487472,-0.82914424,0.99627614,1.0216672,-0.24739671,0.8823578,0.116410494,-0.33829555,0.9847403,1.0519853,-0.25454506,0.87961966,0.7061406,-0.16746596,0.96712095,0.2888224,0.025058413,0.99449474,-0.28882214,-0.025058413,0.9968863,0.49074224,0.91828114,0.9887412,-0.47658727,0.89189917,0.9937528,0.521197,1.9134326,0.96154755,-0.6815895,1.9078236,0.974349
146,5.079249084249084,3,1214.7159423828125,451.9180603027344,66.32801695479708,0.7806037664413452,True,-0.7408894,-1.0755787,0.84856886,-0.6870042,-1.1884203,0.86079067,-0.8147503,-1.1623698,0.5498136,-0.41381657,-1.2394942,0.7918199,0.0,0.0,0.1869631,0.024994519,-0.987561,0.9916614,-0.7482473,-0.8770857,0.97451246,0.16306342,-0.3702703,0.9778675,-0.79487395,-0.16879168,0.8416334,-0.4050544,-0.22410777,0.95559776,-0.72047013,-0.017205471,0.8197586,0.32267794,-0.022157997,0.9946707,-0.32267794,0.022157997,0.9901281,0.6330123,0.8117458,0.99105173,-0.8653798,0.8522789,0.980139,1.0198798,1.9922869,0.97643346,-0.95640796,2.026825,0.958631
147,5.1140384615384615,3,1214.5927734375,452.7348327636719,66.6680580559493,0.7813951373100281,True,-0.7379619,-1.0881287,0.8578309,-0.68263954,-1.2007953,0.8693954,-0.8118489,-1.174787,0.56688696,-0.40824527,-1.2481371,0.80044335,0.0,0.0,0.19343075,0.028016383,-0.988829,0.99207944,-0.7453848,-0.87808824,0.97576195,0.1676149,-0.37351683,0.97816545,-0.7884778,-0.1728571,0.84309316,-0.40056598,-0.22493397,0.9559004,-0.7114268,-0.020207098,0.8203342,0.3225958,-0.022133328,0.9946898,-0.322594,0.022133328,0.9901614,0.6339968,0.80121297,0.99098504,-0.8671548,0.84152466,0.9799774,1.02287,1.9736202,0.9762477,-0.9558474,2.0083692,0.95828974
147,5.1140384615384615,1,530.7042846679688,477.1419677734375,111.41564785541132,0.7706261873245239,True,1.0605149,-0.794467,0.960722,1.0973637,-0.8712183,0.63377947,1.0179514,-0.8778408,0.95701253,0.0,0.0,0.1749186,0.76025426,-0.9896822,0.93468225,0.9392172,-0.8001771,0.9880563,0.24808183,-0.80927056,0.99863225,1.35374,-0.36721733,0.93662965,0.22430119,-0.3109466,0.9962131,1.5999806,-0.16198148,0.9382565,0.7200792,-0.20364773,0.99042964,0.2557118,0.008647258,0.9985239,-0.2557118,-0.008647533,0.99944216,0.36812013,0.8960401,0.9969791,-0.43597385,0.9086497,0.99880826,0.4344249,1.8834568,0.987328,-0.57925594,1.8682177,0.9926703
148,5.148827838827839,1,539.6591796875,475.2233276367187,102.6760460562309,0.8429120182991028,True,1.0201877,-0.80858856,0.9576964,1.0680505,-0.87903637,0.69658464,0.9817165,-0.90024436,0.9461281,0.0,0.0,0.25720674,0.7210778,-1.0205756,0.903175,0.95335317,-0.8158209,0.9876604,0.18115918,-0.8312615,0.9980823,1.4592357,-0.41046417,0.94628924,0.0920009,-0.32183316,0.99505496,1.851948,-0.076134,0.946097,0.66748625,-0.18006213,0.98878175,0.278585,0.0113188075,0.9983119,-0.2785844,-0.01131851,0.9992562,0.3024097,1.0130098,0.99608314,-0.5203673,1.0060436,0.99821067,0.34972802,2.07139,0.9821218,-0.6811805,2.0000567,0.98889357
148,5.148827838827839,3,1214.4403076171875,452.9153442382813,66.66893024621402,0.7747442722320557,True,-0.7438297,-1.0896447,0.8569511,-0.68770796,-1.2026412,0.87128025,-0.8168955,-1.1764365,0.5607379,-0.40968457,-1.2501522,0.80539757,0.0,0.0,0.18671496,0.027439253,-0.99007124,0.99198675,-0.7430241,-0.8775311,0.97454256,0.16544116,-0.37686494,0.97814375,-0.786761,-0.17098036,0.83397096,-0.40072003,-0.22745642,0.95561826,-0.717782,-0.013318182,0.81188124,0.32238287,-0.022294622,0.994507,-0.32238287,0.022294166,0.98961747,0.6371616,0.7995001,0.99078524,-0.8727481,0.8402745,0.9790645,1.0332639,1.972628,0.9759217,-0.9631332,2.0080514,0.9570353
149,5.1836172161172165,1,531.4310302734375,479.6170043945313,111.07013711531778,0.8249598145484924,True,1.0582802,-0.79649323,0.9738937,1.0970736,-0.8691924,0.71024966,1.0139912,-0.8833516,0.9670779,0.0,0.0,0.17944156,0.7567372,-1.0029825,0.93361133,0.96740687,-0.7607157,0.9922381,0.26630628,-0.81343573,0.99850535,1.4489262,-0.30959052,0.9598426,0.1953183,-0.29356983,0.9958538,1.7754972,-0.0934644,0.9611015,0.6994449,-0.2391441,0.99143094,0.2496509,0.020632243,0.99875677,-0.2496509,-0.020632243,0.99942774,0.35446838,0.8902714,0.99731773,-0.44109428,0.8769033,0.9987206,0.47380686,1.877977,0.98731333,-0.56057346,1.8348529,0.99151456
149,5.1836172161172165,3,1214.251953125,453.93756103515625,67.13000491535954,0.7719076871871948,True,-0.7464782,-1.0959361,0.8504952,-0.6905219,-1.2081314,0.86777973,-0.8168709,-1.1818862,0.5447696,-0.41013294,-1.2535722,0.8053154,0.0,0.0,0.17763561,0.03308245,-0.99193853,0.99180835,-0.7444161,-0.8772869,0.9730886,0.18193258,-0.38411412,0.978216,-0.7848104,-0.17250545,0.82677555,-0.38484967,-0.23837441,0.9555895,-0.7089588,-0.014757359,0.8053853,0.32377815,-0.0226111,0.9944484,-0.32377633,0.022611555,0.98933405,0.63256896,0.781765,0.9908063,-0.87348366,0.82276803,0.97871816,1.0290256,1.9520974,0.9761747,-0.9527721,1.9884776,0.9568966
150,5.218406593406593,1,529.6455688476562,480.205078125,108.9989918784202,0.8593701720237732,True,1.0655767,-0.7623538,0.9651281,1.1069887,-0.84002316,0.66197044,1.0227005,-0.84965503,0.9589588,0.0,0.0,0.17740873,0.757656,-0.97540766,0.92866546,0.9748026,-0.79369706,0.98940104,0.23562028,-0.79843205,0.9986407,1.4854605,-0.35637245,0.9491216,0.22261575,-0.2690155,0.99648607,1.776205,-0.115447104,0.95267314,0.72593254,-0.15522504,0.99180335,0.27070573,0.009023488,0.99868864,-0.27070603,-0.009023207,0.99947387,0.38322538,0.888693,0.99723536,-0.45078182,0.89655316,0.998847,0.45843315,1.8927642,0.98765904,-0.5915761,1.8501842,0.9926099
150,5.218406593406593,3,1213.7454833984375,453.2362060546875,66.5461810905626,0.776419997215271,True,-0.7476415,-1.0927424,0.8473011,-0.69129145,-1.2061235,0.8643793,-0.818793,-1.1795856,0.5402762,-0.4076612,-1.2532557,0.80100083,0.0,0.0,0.17658976,0.043876294,-0.99248034,0.9917305,-0.75149,-0.878156,0.9730612,0.19027369,-0.37273663,0.9783003,-0.7989543,-0.16135669,0.8296301,-0.38626328,-0.21972771,0.95597357,-0.71036524,0.0044180797,0.8087513,0.33026913,-0.022443974,0.9945826,-0.33026913,0.022444433,0.98963493,0.64193225,0.79324347,0.99108094,-0.87852377,0.8341274,0.97945774,1.0337206,1.9855367,0.9767567,-0.9568165,2.0218773,0.95808345
151,5.2531959706959706,1,529.063232421875,481.3557739257813,109.89250957019402,0.8551644086837769,True,1.0948926,-0.7637957,0.95634776,1.1286303,-0.8408418,0.59546,1.0547155,-0.8482113,0.95205724,0.0,0.0,0.1488227,0.7835721,-0.9673899,0.9284829,0.9561034,-0.79494715,0.9871431,0.25616908,-0.7957744,0.9984944,1.440384,-0.358541,0.94045484,0.26565766,-0.25886142,0.996354,1.7246495,-0.17172237,0.9452646,0.77859396,-0.15050551,0.991319,0.2595754,0.007858187,0.99847525,-0.25957593,-0.007858187,0.99941707,0.36457357,0.8695181,0.9968054,-0.45229995,0.8791889,0.9987213,0.45498952,1.8591688,0.98609716,-0.58200544,1.8300576,0.9918465
151,5.2531959706959706,3,1213.462158203125,453.2520751953125,66.27835339018286,0.774260401725769,True,-0.75995076,-1.0951022,0.8363049,-0.7047286,-1.2088305,0.8558088,-0.8299661,-1.1818539,0.5186525,-0.41736266,-1.2552484,0.79472667,0.0,0.0,0.16734302,0.04328189,-0.9926743,0.99115694,-0.75537395,-0.87626255,0.97084326,0.1936008,-0.37186465,0.9776504,-0.8022418,-0.15346561,0.82289195,-0.38471338,-0.21660928,0.9547795,-0.7146153,0.021099921,0.8026061,0.33200523,-0.022781009,0.99430853,-0.3320034,0.022780547,0.9890564,0.6518971,0.792147,0.99069107,-0.87866473,0.8338551,0.978475,1.0415262,1.9895349,0.9758995,-0.9627163,2.0270114,0.95644045
152,5.287985347985348,1,529.5061645507812,482.174072265625,110.3987273930751,0.8437079191207886,True,1.0724244,-0.7481849,0.9615966,1.1155674,-0.82404107,0.65989345,1.0292083,-0.8341576,0.9532848,0.0,0.0,0.1895723,0.77422553,-0.95207125,0.9168647,0.9910283,-0.77209395,0.98854864,0.26336697,-0.7856266,0.9983944,1.4840499,-0.33000442,0.94774395,0.27304813,-0.25464338,0.9959124,1.749175,-0.18275623,0.95181906,0.8076835,-0.16228518,0.9907382,0.26762733,0.011934611,0.9985298,-0.2676276,-0.011934611,0.9993808,0.36120293,0.85793585,0.9969863,-0.45995855,0.8529579,0.99868137,0.4447546,1.8504492,0.9868831,-0.58762217,1.8072569,0.9919254
152,5.287985347985348,3,1213.021240234375,453.75927734375,66.53741481877435,0.7786281704902649,True,-0.7451807,-1.0958937,0.83021075,-0.68950206,-1.2095838,0.8511914,-0.8152757,-1.1824334,0.5085327,-0.4021817,-1.2569218,0.79140013,0.0,0.0,0.16385193,0.06273821,-0.9954332,0.99116325,-0.7555848,-0.8807241,0.9701268,0.21654838,-0.36987054,0.97834456,-0.80378,-0.16067345,0.8219265,-0.372938,-0.21759823,0.95596474,-0.6983265,-0.0031729608,0.80266225,0.33743092,-0.02249188,0.9944587,-0.33743277,0.022492338,0.9891907,0.65834486,0.7773382,0.99090695,-0.8697417,0.81851333,0.97867876,1.0399165,1.97777,0.9762472,-0.9410126,2.0140338,0.95660293
153,5.3227747252747255,1,527.8685302734375,481.14605712890625,110.80172016797329,0.8285089731216431,True,1.141397,-0.7426569,0.945714,1.1702142,-0.81009084,0.5796521,1.1113911,-0.83034784,0.94006836,0.0,0.0,0.14391345,0.8430521,-0.95599896,0.9041655,0.982139,-0.72588843,0.98326844,0.32333478,-0.78928113,0.9968079,1.4071343,-0.28352648,0.9296321,0.32086918,-0.22328523,0.9928706,1.7381253,-0.16268371,0.93126273,0.92992336,-0.16308749,0.98542446,0.23549014,0.024969492,0.9973917,-0.23548986,-0.024969216,0.9988342,0.29014274,0.84560364,0.9946742,-0.45869935,0.80987495,0.99751663,0.37746903,1.8134779,0.9777344,-0.5489319,1.7690358,0.9853382
153,5.3227747252747255,3,1213.00439453125,453.57476806640625,66.39682356364425,0.7844964265823364,True,-0.74005175,-1.0978373,0.83104753,-0.68535465,-1.2113338,0.849197,-0.8113652,-1.1838459,0.5166288,-0.40210488,-1.2577176,0.7856082,0.0,0.0,0.1711188,0.06328288,-0.9944082,0.9911733,-0.7624538,-0.87940013,0.9711567,0.22145239,-0.3685422,0.9780759,-0.811025,-0.16093369,0.82922405,-0.36528715,-0.21400234,0.95563084,-0.6929035,-0.0069490564,0.8088314,0.33878154,-0.02302165,0.9945127,-0.33878154,0.02302165,0.98949134,0.6632339,0.77696276,0.9908642,-0.8584417,0.8189012,0.97905385,1.038585,1.9726412,0.97605455,-0.9249199,2.0098882,0.9569397
154,5.357564102564103,1,530.59716796875,481.4489135742187,109.88998198031663,0.7917970418930054,True,1.1011301,-0.742276,0.95886123,1.1426746,-0.8111434,0.6814584,1.0650212,-0.8357216,0.9509024,0.0,0.0,0.18565173,0.8028482,-0.97194934,0.89527094,1.0015438,-0.7292511,0.984064,0.2957598,-0.7929195,0.9964792,1.3945483,-0.26665685,0.9302054,0.32005388,-0.19926406,0.9913317,1.7228652,-0.1716258,0.9315278,0.97086626,-0.17777401,0.98313636,0.2517738,0.025303017,0.99699306,-0.2517738,-0.025303017,0.99854636,0.28675696,0.8534259,0.9940697,-0.48805138,0.8183844,0.99702305,0.33597836,1.8349463,0.97608817,-0.5838473,1.7826217,0.9836013
154,5.357564102564103,3,1213.23388671875,453.6594848632813,66.54077043140764,0.7839476466178894,True,-0.74167585,-1.0955124,0.82242346,-0.68905455,-1.2080405,0.84204483,-0.8111803,-1.1810157,0.49903116,-0.40703207,-1.2543589,0.78170604,0.0,0.0,0.16439351,0.061915018,-0.9932178,0.9910731,-0.75874424,-0.8814621,0.970456,0.21729694,-0.36764497,0.97853583,-0.80729663,-0.16514386,0.82891876,-0.3668341,-0.21766844,0.95647097,-0.68036807,-0.018788228,0.80937016,0.33743593,-0.022343066,0.99470806,-0.33743593,0.022343066,0.9897865,0.6658552,0.77942204,0.9912937,-0.857689,0.8203997,0.979862,1.0374022,1.9776363,0.9770841,-0.93274474,2.0132241,0.95852005
155,5.39235347985348,3,1213.0333251953125,453.47125244140625,66.33985970162314,0.7854538559913635,True,-0.73830616,-1.0875164,0.81428075,-0.6874373,-1.2000983,0.83221513,-0.80794376,-1.1725951,0.49098763,-0.40812495,-1.2491454,0.77025396,0.0,0.0,0.16564515,0.06974436,-0.99248123,0.9908409,-0.7714183,-0.88039076,0.97047126,0.2194915,-0.36323494,0.97851896,-0.8312851,-0.16018634,0.8356106,-0.3798706,-0.21499528,0.95657676,-0.68239176,-0.01671708,0.81556416,0.34385297,-0.022608541,0.9947731,-0.34385297,0.02260808,0.9900462,0.67317116,0.7801439,0.99121875,-0.8645371,0.82122314,0.9800188,1.038036,1.9822428,0.9765127,-0.9338325,2.0183792,0.95799756
155,5.39235347985348,1,542.20751953125,483.2279052734375,104.20459805193748,0.7383357882499695,True,1.0635996,-0.8055207,0.9669951,1.1084579,-0.8766142,0.76038927,1.0123739,-0.9120968,0.96074086,0.0,0.0,0.2368692,0.74131775,-1.035756,0.8978747,0.96707517,-0.773636,0.9770874,0.23692134,-0.82335925,0.99612397,1.4204586,-0.32765207,0.90393287,0.2828632,-0.21788618,0.9896735,1.6825361,-0.31111035,0.91977525,0.83874714,-0.15129344,0.98041695,0.2740258,0.017784052,0.9931623,-0.2740252,-0.01778376,0.99681526,0.3636047,0.892844,0.98718876,-0.5471317,0.8664384,0.9936575,0.31343216,1.9674155,0.9645361,-0.80469865,1.8910804,0.97610176
156,5.427142857142857,1,540.5309448242188,482.6903076171875,102.31045078892218,0.7901046872138977,True,1.1093352,-0.81481785,0.9694992,1.1601114,-0.8855601,0.77070296,1.0565526,-0.92455536,0.9661887,0.0,0.0,0.23622444,0.7728827,-1.0442499,0.91051584,0.9797439,-0.75728035,0.9751561,0.24805781,-0.8214863,0.99635625,1.2897941,-0.28138182,0.8871819,0.22853154,-0.21144135,0.98973596,1.4285463,-0.25997156,0.90521127,0.75553924,-0.123216674,0.9798534,0.27644193,0.020693457,0.9922808,-0.27644193,-0.020693757,0.9966588,0.36973503,0.9157166,0.98603654,-0.5524042,0.8818494,0.9935137,0.3013922,2.0064962,0.9634312,-0.82550925,1.9307231,0.97634107
156,5.427142857142857,3,1212.531982421875,452.8193054199219,65.64826100444414,0.7840957641601562,True,-0.7331609,-1.0825883,0.8026125,-0.68258727,-1.1956146,0.82249755,-0.8027549,-1.1681982,0.4760948,-0.40309745,-1.2461181,0.7610109,0.0,0.0,0.16101062,0.080642916,-0.992054,0.99034715,-0.7761739,-0.88310915,0.9685581,0.2354783,-0.3532244,0.97817695,-0.83768296,-0.15822005,0.83113843,-0.36205918,-0.20265976,0.9560007,-0.66932374,-0.023471499,0.81174827,0.3499857,-0.02214059,0.994695,-0.3499857,0.02214059,0.9898347,0.6908954,0.7924391,0.9912191,-0.87108076,0.8332254,0.9799004,1.0633061,2.0210056,0.9765677,-0.93744487,2.0557878,0.9578851
157,5.4619322344322345,1,531.2815551757812,481.98297119140625,106.58235231639183,0.8242647051811218,True,1.1290613,-0.7265509,0.97099453,1.1901828,-0.80397815,0.738886,1.0807457,-0.8258559,0.96768004,0.0,0.0,0.22631155,0.8143226,-0.9528467,0.9301405,1.0258307,-0.7322359,0.9860371,0.2933723,-0.7709951,0.9982868,1.285616,-0.271857,0.9218829,0.2985199,-0.2299173,0.9947967,1.3898282,-0.23646335,0.9262635,0.8817032,-0.1562438,0.98763335,0.27805772,0.017194893,0.9975479,-0.27805802,-0.017194606,0.9990374,0.39624217,0.88070333,0.9954529,-0.4989156,0.85769624,0.99812716,0.4141652,1.9427122,0.98314416,-0.66754055,1.8888401,0.9900455
157,5.4619322344322345,3,1213.1768798828125,452.4599304199219,65.4208426718934,0.7845624089241028,True,-0.74600196,-1.0724137,0.80341583,-0.6967845,-1.1853025,0.8240039,-0.8151568,-1.1582545,0.47337237,-0.41771504,-1.238528,0.7654179,0.0,0.0,0.15963838,0.07200227,-0.98794234,0.9905104,-0.78480756,-0.8807226,0.96872,0.22058392,-0.3484762,0.97862005,-0.85025114,-0.15662286,0.8307151,-0.39126745,-0.19723141,0.95664734,-0.6831726,-0.022594005,0.81170017,0.35024884,-0.02177813,0.9947397,-0.35024884,0.02177813,0.9898511,0.6858446,0.80776453,0.9911814,-0.8819084,0.8475278,0.9796467,1.0604848,2.0294092,0.97616506,-0.9489417,2.062283,0.9569464
158,5.496721611721612,1,541.8377685546875,483.3617248535156,101.52473680209052,0.7976875305175781,True,1.1114271,-0.821511,0.968508,1.1651676,-0.8908183,0.7691488,1.0587765,-0.9321459,0.9643021,0.0,0.0,0.2370188,0.7701151,-1.050203,0.90390867,0.99559253,-0.7583634,0.97504765,0.2224006,-0.82798153,0.99622166,1.3072217,-0.29038382,0.8911987,0.14796607,-0.22451647,0.9896472,1.4431857,-0.26124316,0.9096038,0.6938181,-0.12314855,0.98017657,0.28979284,0.021465013,0.9925364,-0.28979284,-0.021465013,0.99671125,0.3676788,0.92312056,0.98650175,-0.58045113,0.8850241,0.99361295,0.30233297,2.0244298,0.9642648,-0.8557653,1.9413477,0.9766569
158,5.496721611721612,3,1213.2408447265625,452.6312561035156,65.46720368607225,0.7847445011138916,True,-0.7340157,-1.0717455,0.81756383,-0.6839791,-1.1850696,0.8337106,-0.8058458,-1.1572944,0.5018187,-0.40940145,-1.2389016,0.76804084,0.0,0.0,0.17259504,0.07072064,-0.99018365,0.9909661,-0.7816078,-0.8792123,0.97127444,0.22229046,-0.353634,0.97859734,-0.8442305,-0.15609659,0.839109,-0.37960324,-0.20781322,0.9567968,-0.679271,-0.028118672,0.81873363,0.34829655,-0.022737429,0.99484926,-0.34829655,0.022737429,0.9902491,0.68111694,0.79924417,0.99132603,-0.8780656,0.84062576,0.98038495,1.054567,2.0210757,0.9766633,-0.944988,2.0567,0.9584298
159,5.531510989010989,1,534.7667236328125,481.3006286621094,105.17929264883632,0.784243106842041,True,1.1086283,-0.67606115,0.9676225,1.1719763,-0.7504183,0.7550832,1.0620444,-0.76817364,0.95452356,0.0,0.0,0.25628737,0.8006418,-0.8972501,0.8877697,1.0979049,-0.7181132,0.98920155,0.25627396,-0.7536877,0.99758613,1.5396439,-0.30932638,0.95348257,0.18084818,-0.25785553,0.9930988,1.7320237,-0.15359892,0.954952,0.6444527,-0.08527948,0.98629874,0.30531538,0.0186632,0.9983083,-0.30531564,-0.0186632,0.9990877,0.37986138,0.8890375,0.9968425,-0.5352688,0.86414623,0.998248,0.42568275,1.9532267,0.9871329,-0.66877526,1.889199,0.9908298
159,5.531510989010989,3,1213.138671875,452.75592041015625,65.53592090226111,0.7790842652320862,True,-0.7273117,-1.0734712,0.81478345,-0.67712075,-1.1866149,0.8302014,-0.7997165,-1.1589053,0.5015241,-0.4053214,-1.2396231,0.761983,0.0,0.0,0.17384866,0.06631584,-0.9909056,0.9906393,-0.7769009,-0.8786047,0.9707727,0.21893372,-0.35959527,0.9777508,-0.8353992,-0.15610336,0.838015,-0.3630132,-0.21516743,0.9554818,-0.6704264,-0.024659123,0.8173014,0.34504053,-0.02331662,0.99474335,-0.34504238,0.023317086,0.9901446,0.682582,0.7982068,0.99129057,-0.86657435,0.84085536,0.9805243,1.0565662,2.0156398,0.9769479,-0.936133,2.0531116,0.95924544
160,5.566300366300366,1,532.7794189453125,483.8612060546875,106.63760430812206,0.8066306710243225,True,1.1583971,-0.6731378,0.970974,1.2217928,-0.75074786,0.74891365,1.109071,-0.77056897,0.9664856,0.0,0.0,0.22441909,0.8321973,-0.9055239,0.9210389,1.0828712,-0.7164483,0.9862136,0.28617224,-0.74153686,0.99796283,1.4327387,-0.29045522,0.92808044,0.2621995,-0.21162058,0.99384576,1.554692,-0.19747096,0.93181866,0.8007335,-0.0896949,0.98623776,0.29617023,0.015508109,0.99758077,-0.29616967,-0.015508109,0.9989496,0.41426024,0.86082226,0.99562836,-0.5080215,0.84060246,0.9980229,0.44468406,1.9132353,0.9839372,-0.6568773,1.8506792,0.98989993
160,5.566300366300366,3,1212.87548828125,452.5514526367187,65.28404246635947,0.7768049836158752,True,-0.72347796,-1.0735301,0.82255626,-0.6722632,-1.1874623,0.8371815,-0.7976805,-1.1592872,0.5174445,-0.40126073,-1.241026,0.7660285,0.0,0.0,0.18051864,0.067330845,-0.99190336,0.99075705,-0.77891856,-0.8772255,0.97129166,0.2207638,-0.36122292,0.9773934,-0.8378277,-0.15331422,0.8370667,-0.3561267,-0.21061762,0.9548039,-0.6697558,-0.016786901,0.81578285,0.34612682,-0.023930602,0.9946156,-0.34612682,0.023930602,0.98993593,0.6851221,0.8045142,0.9910517,-0.8681358,0.84830344,0.9800628,1.0621274,2.02595,0.97640514,-0.93555266,2.065238,0.95839435
161,5.6010897435897435,1,531.43310546875,483.38092041015625,106.62970824903766,0.8214017152786255,True,1.1685789,-0.607353,0.9685999,1.2272913,-0.6879367,0.7277362,1.1199905,-0.7063881,0.964152,0.0,0.0,0.19921668,0.8402486,-0.8656146,0.91564256,1.0862759,-0.7199661,0.9844922,0.29598153,-0.7254981,0.9977471,1.4445343,-0.2962517,0.92497075,0.2905746,-0.18018787,0.99371064,1.5627286,-0.1747795,0.93089527,0.8182975,-0.07010304,0.98631686,0.29539025,0.011442907,0.99742246,-0.29538968,-0.011442907,0.99888974,0.43042353,0.85588205,0.9954335,-0.49073648,0.8490641,0.99795216,0.4574724,1.9098264,0.98333836,-0.64468026,1.850724,0.989555
161,5.6010897435897435,3,1212.106201171875,452.728759765625,64.93381021681331,0.7746291160583496,True,-0.70684206,-1.0792663,0.83738565,-0.6525876,-1.1947746,0.84821147,-0.78440565,-1.1656114,0.55246305,-0.38190934,-1.2477484,0.76863986,0.0,0.0,0.1972473,0.07707668,-0.9977168,0.99121267,-0.77705705,-0.87578994,0.97378176,0.25560698,-0.37138978,0.97715294,-0.82898796,-0.14977504,0.84560823,-0.2981984,-0.21474504,0.954611,-0.6676627,-0.0016496291,0.82238835,0.34863475,-0.025638336,0.99473226,-0.34863287,0.025638336,0.9903791,0.69190425,0.8029069,0.9912355,-0.86678183,0.8500355,0.9809476,1.0725973,2.0347745,0.9771489,-0.9323346,2.0797808,0.96035165
162,5.635879120879121,1,530.5634765625,483.8096618652344,106.6788369307636,0.8253488540649414,True,1.1598648,-0.5806525,0.965752,1.2168465,-0.6581951,0.71852446,1.1174905,-0.6805663,0.960305,0.0,0.0,0.2041821,0.8529882,-0.8500408,0.91010696,1.077947,-0.7086701,0.98414224,0.31403068,-0.7274348,0.9975489,1.4356022,-0.305547,0.9235152,0.31578258,-0.2108814,0.99308056,1.5671456,-0.17773737,0.92750525,0.8374403,-0.08940106,0.9848446,0.28767964,0.014161878,0.997389,-0.28767908,-0.014161878,0.99884146,0.43848813,0.8563332,0.9954477,-0.48069543,0.8414244,0.9979061,0.46845508,1.9085798,0.9837707,-0.6407351,1.838352,0.98966753
162,5.635879120879121,3,1211.860595703125,452.6631774902344,64.79176451734764,0.7769798040390015,True,-0.7063701,-1.0693136,0.83483905,-0.65201366,-1.1858646,0.8466334,-0.7847858,-1.1557411,0.5476463,-0.3805988,-1.2435426,0.76751906,0.0,0.0,0.19442306,0.08154128,-0.999695,0.9910745,-0.7802283,-0.8742956,0.9729336,0.259504,-0.3706195,0.9771942,-0.83466387,-0.14446823,0.84249026,-0.29983,-0.2146982,0.9546397,-0.67176783,7.065152e-05,0.8197951,0.35114184,-0.026289431,0.9946142,-0.35114372,0.026289431,0.9900775,0.6944743,0.7987894,0.9910001,-0.867595,0.8469902,0.9802689,1.0745927,2.035873,0.97645664,-0.9283233,2.0822666,0.9589076
163,5.6706684981684985,1,528.8101196289062,484.5989379882813,107.93999360812984,0.8797998428344727,True,1.1771812,-0.56570786,0.95803595,1.2258381,-0.64616126,0.655571,1.134546,-0.6630257,0.95307535,0.0,0.0,0.17332113,0.86229044,-0.83096653,0.907709,1.0733616,-0.729252,0.98272115,0.3218437,-0.70371747,0.99765295,1.3876756,-0.32393277,0.92243123,0.35475487,-0.15349008,0.9940462,1.360906,-0.2017946,0.9287741,0.91918814,-0.06600155,0.98681134,0.2878435,0.0062149107,0.99761105,-0.28784376,-0.0062151933,0.999003,0.45139158,0.82265884,0.9958496,-0.4688941,0.8254957,0.99819225,0.48176837,1.8696177,0.98497295,-0.6296763,1.8037106,0.9907566
163,5.6706684981684985,3,1211.8944091796875,452.6368408203125,64.7770035617807,0.778911828994751,True,-0.7072359,-1.0649333,0.84029794,-0.6525373,-1.1823997,0.84957117,-0.78781205,-1.1514286,0.5604769,-0.38132626,-1.2420278,0.7671886,0.0,0.0,0.20236072,0.08064212,-0.99918973,0.9912714,-0.7877103,-0.8716531,0.974275,0.2540435,-0.36844447,0.9772094,-0.84604406,-0.14131404,0.84918493,-0.30820316,-0.21460342,0.95475173,-0.67872196,-0.0021106063,0.8257124,0.3532194,-0.026900336,0.9946607,-0.3532194,0.026899865,0.990315,0.69751954,0.79629785,0.9909051,-0.8672029,0.84525967,0.98041236,1.0726233,2.0288212,0.97602695,-0.92750406,2.0764804,0.958702
164,5.705457875457875,1,526.9735107421875,486.9674682617187,107.02890759379552,0.8459651470184326,True,1.1849678,-0.569674,0.9614337,1.2296038,-0.65134096,0.6668103,1.1418732,-0.6641104,0.95712703,0.0,0.0,0.1768833,0.8712052,-0.8307803,0.9165049,1.049378,-0.7400655,0.9840448,0.34141314,-0.6971885,0.99797946,1.4156252,-0.35054484,0.9270018,0.39164463,-0.1445923,0.99486864,1.561352,-0.19288373,0.9331664,0.9418027,-0.07149535,0.988325,0.27238107,0.00046847513,0.997809,-0.27238107,-0.00046876026,0.999116,0.45529053,0.8129341,0.9960503,-0.4506263,0.8402927,0.99833894,0.51368254,1.8483741,0.9853286,-0.61490285,1.8100624,0.99117774
164,5.705457875457875,3,1211.88134765625,453.3271789550781,65.11319138549293,0.7811605334281921,True,-0.71153134,-1.0724933,0.83429444,-0.6569652,-1.1881541,0.84592885,-0.7877789,-1.1587431,0.5444414,-0.38416988,-1.2438029,0.7681144,0.0,0.0,0.1923416,0.07948711,-0.9974339,0.9911329,-0.78333014,-0.8746244,0.97333074,0.25614575,-0.3672147,0.9773885,-0.844323,-0.14600101,0.8454157,-0.30840224,-0.2123415,0.9548745,-0.68974876,0.0026747854,0.82207996,0.3513938,-0.025557395,0.9946483,-0.3513938,0.025557395,0.9901944,0.68799025,0.7906117,0.990956,-0.88006675,0.8370391,0.98024714,1.0763165,2.0249588,0.97619075,-0.9349198,2.0693357,0.9585733
165,5.740247252747253,1,533.165771484375,480.90179443359375,103.03466495132648,0.8830546736717224,True,1.1744876,-0.5301235,0.93446225,1.2026533,-0.602844,0.5489372,1.136222,-0.63463974,0.92559785,0.0,0.0,0.12967029,0.8749088,-0.8319785,0.86115694,1.0692385,-0.7229113,0.97172415,0.3166167,-0.7191029,0.9956488,1.3241559,-0.3157471,0.9014073,0.2808284,-0.11670468,0.9914795,1.3353744,-0.16770875,0.9194493,0.86045957,-0.028367948,0.9842875,0.2831037,0.0130310645,0.9962196,-0.2831037,-0.013031361,0.998423,0.42549998,0.8749106,0.9938292,-0.5370578,0.8747062,0.9972849,0.47691575,1.9646726,0.9814004,-0.7072504,1.9051685,0.9883238
165,5.740247252747253,3,1210.71533203125,453.3893737792969,65.0738458022217,0.7833545207977295,True,-0.6848083,-1.072149,0.8385631,-0.62956196,-1.1888359,0.84655994,-0.7644523,-1.1578559,0.56553906,-0.3628596,-1.2471005,0.76031715,0.0,0.0,0.20852146,0.098468356,-1.0047522,0.9912237,-0.7904144,-0.87173676,0.97435445,0.2892447,-0.3824911,0.9771817,-0.85118145,-0.13713105,0.8522054,-0.26791415,-0.22732212,0.9545908,-0.66703814,0.018800475,0.82735395,0.3583275,-0.02847154,0.994595,-0.3583275,0.02847154,0.99024653,0.71063346,0.77274173,0.9905751,-0.85968477,0.8243682,0.9798666,1.0876147,2.0038762,0.97503245,-0.901271,2.0565817,0.95722514
166,5.77503663003663,1,528.4727172851562,486.568115234375,106.6012434222388,0.8344117403030396,True,1.2182069,-0.5648721,0.9662704,1.2692536,-0.6497652,0.693959,1.1677773,-0.66304904,0.96363276,0.0,0.0,0.17570862,0.8765336,-0.8284584,0.9226497,1.081508,-0.70920193,0.98381317,0.3399905,-0.6976884,0.997948,1.4209958,-0.26127896,0.9223877,0.3878722,-0.14320478,0.9946074,1.5620861,-0.10265066,0.92960274,0.9662428,-0.083665,0.98790854,0.2830504,0.0062402855,0.9975592,-0.2830504,-0.0062402855,0.99901605,0.4572522,0.81543046,0.9957558,-0.46055213,0.831805,0.9982146,0.4908973,1.8650076,0.9846355,-0.63353527,1.831646,0.9907307
166,5.77503663003663,3,1210.0028076171875,453.2350769042969,64.58310027649655,0.7783139944076538,True,-0.6831356,-1.0771497,0.83580524,-0.625706,-1.1949062,0.84766465,-0.7635776,-1.1641235,0.557999,-0.35530055,-1.2506621,0.76352406,0.0,0.0,0.20006144,0.10883923,-1.0064402,0.99098504,-0.7879867,-0.87471855,0.97254556,0.30527076,-0.36966836,0.9769791,-0.84563375,-0.127474,0.8411655,-0.26357076,-0.20383516,0.95411354,-0.66689944,0.036758732,0.817406,0.36326554,-0.027811341,0.9943989,-0.36326554,0.027811341,0.9896583,0.71873057,0.7704837,0.9906006,-0.881773,0.82158655,0.9793561,1.1139052,2.04768,0.97551095,-0.91839606,2.0993106,0.95716465
167,5.8098260073260075,3,1209.8336181640625,452.7124938964844,64.208868188209,0.7808730006217957,True,-0.6829708,-1.0774891,0.84048784,-0.6244536,-1.1962212,0.8509872,-0.7656934,-1.1649208,0.56984615,-0.35347784,-1.2519599,0.7636192,0.0,0.0,0.2065059,0.11180819,-1.0075973,0.9910178,-0.795414,-0.871946,0.973081,0.31062412,-0.3673576,0.97658175,-0.8531917,-0.11438471,0.8427542,-0.2635214,-0.2033977,0.9535293,-0.6687027,0.055938315,0.81852686,0.36680865,-0.028847486,0.99429435,-0.36680865,0.028847486,0.9895545,0.7271287,0.76690155,0.99040085,-0.8780396,0.8198095,0.97914267,1.1198138,2.054815,0.9751125,-0.910207,2.109341,0.9568049
167,5.8098260073260075,1,541.317626953125,485.8615417480469,99.7610441247707,0.7560526132583618,True,1.1426542,-0.63982326,0.95564026,1.1842886,-0.71199065,0.70936435,1.0990196,-0.75221556,0.9451162,0.0,0.0,0.20360228,0.82522815,-0.92339975,0.86022747,1.0213169,-0.7480931,0.9706697,0.2844052,-0.76686203,0.9949639,1.4596506,-0.31552202,0.9015946,0.2947387,-0.14255531,0.9889037,1.749482,-0.18651594,0.92238456,0.8470913,-0.080888174,0.9804975,0.28213352,0.010700924,0.9931647,-0.28213352,-0.010700924,0.99676126,0.42532298,0.86659014,0.98824453,-0.55757993,0.86645126,0.9940918,0.37659386,2.0067909,0.96884996,-0.8557439,1.9235867,0.9789419
168,5.844615384615385,3,1209.5614013671875,452.00982666015625,63.697328122847296,0.7829101085662842,True,-0.6780016,-1.0763292,0.83869463,-0.6199458,-1.1961337,0.8488105,-0.7638262,-1.1639668,0.5719405,-0.3508241,-1.2520609,0.7584716,0.0,0.0,0.21009539,0.117249906,-1.0083047,0.99088556,-0.8032659,-0.870359,0.9728546,0.32164672,-0.3660361,0.9763035,-0.8568852,-0.11056019,0.8427831,-0.25501117,-0.20222552,0.9531442,-0.6543856,0.05075473,0.8186469,0.37214226,-0.029760439,0.9943152,-0.37214226,0.029760439,0.98962224,0.74399704,0.7823555,0.9904951,-0.8790121,0.83731914,0.9794407,1.1348244,2.085721,0.97536784,-0.9136589,2.1428425,0.9573652
168,5.844615384615385,1,530.4891967773438,489.41156005859375,105.71520446052888,0.7395471334457397,True,1.193613,-0.59516567,0.9713236,1.245579,-0.67782146,0.7354031,1.1443843,-0.6930047,0.9658291,0.0,0.0,0.20099963,0.85702914,-0.8552128,0.9199086,1.0671418,-0.712476,0.9874534,0.3260968,-0.72240597,0.99808526,1.5084093,-0.2656544,0.9421587,0.37962794,-0.19751097,0.994928,1.8196571,-0.069211535,0.9474257,0.9763724,-0.1657178,0.98922926,0.27987725,0.008765974,0.9979844,-0.27987695,-0.008766263,0.9991019,0.43173188,0.8015916,0.9962495,-0.45909935,0.8165982,0.9982687,0.48356792,1.8488597,0.9852123,-0.6345028,1.8097924,0.9905425
169,5.879404761904762,3,1209.9404296875,451.4660034179687,63.435174781485316,0.7807104587554932,True,-0.68648416,-1.0779153,0.8344416,-0.629089,-1.1983819,0.8458342,-0.773564,-1.1657158,0.56286925,-0.35885513,-1.2533152,0.7567983,0.0,0.0,0.2050683,0.11528093,-1.0058024,0.99064094,-0.81148297,-0.8691119,0.9719277,0.31048322,-0.35718337,0.9760997,-0.8701173,-0.10918513,0.8395517,-0.28184724,-0.1936402,0.9527545,-0.67011964,0.043117538,0.81603706,0.37529856,-0.02932056,0.99421835,-0.37529662,0.029320078,0.9894023,0.740935,0.79459405,0.990373,-0.89663076,0.8487236,0.9790592,1.1339836,2.1045175,0.9750054,-0.93399554,2.1601362,0.95658267
169,5.879404761904762,1,541.755615234375,489.1934814453125,100.61755450484868,0.7495977282524109,True,1.1071823,-0.6714943,0.96121085,1.1536671,-0.7418712,0.7536174,1.0636833,-0.78369147,0.9491787,0.0,0.0,0.24637744,0.810013,-0.9445323,0.8603632,1.017853,-0.7415336,0.974447,0.2835474,-0.77713555,0.9951396,1.451124,-0.3021632,0.9088531,0.25470755,-0.17441301,0.9882046,1.7394854,-0.19225813,0.9255741,0.78543276,-0.13522358,0.97926235,0.2790943,0.014096297,0.9932069,-0.2790943,-0.014096601,0.9966023,0.41839397,0.83842456,0.98807377,-0.5549909,0.8291344,0.9937016,0.37486944,1.9612876,0.9682998,-0.8529206,1.8723642,0.97797716
170,5.914194139194139,3,1212.844970703125,450.17388916015625,64.47052773444393,0.7848226428031921,True,-0.7692128,-1.047888,0.7927266,-0.72153056,-1.1628721,0.8166223,-0.8404,-1.1333067,0.4533189,-0.4379575,-1.2239654,0.7596157,0.0,0.0,0.14853808,0.07049233,-0.98587775,0.9898352,-0.8088706,-0.8728316,0.9658698,0.20760114,-0.34333768,0.97829515,-0.9101141,-0.14787343,0.8242148,-0.42667645,-0.21777406,0.9563677,-0.7662022,-0.03954756,0.80782336,0.35821578,-0.022409195,0.9945193,-0.35821387,0.022409668,0.9893309,0.6771202,0.8173669,0.9909418,-0.9014593,0.8576444,0.9788609,1.0448467,2.065179,0.9755692,-0.96590775,2.0992439,0.9555378
170,5.914194139194139,1,542.5957641601562,487.1061401367187,99.78423912181644,0.7605213522911072,True,1.1081411,-0.65786505,0.9577155,1.1531386,-0.7278216,0.73973465,1.0667034,-0.77034616,0.94443154,0.0,0.0,0.24018805,0.81366783,-0.93705446,0.8514501,1.0140378,-0.7487845,0.97284365,0.28175294,-0.774675,0.9947849,1.4293761,-0.32337257,0.906214,0.25267714,-0.16875981,0.98761743,1.701524,-0.21299833,0.9231031,0.77838296,-0.12873356,0.97832024,0.27969834,0.012277161,0.9931318,-0.27969834,-0.012277161,0.9965448,0.41896608,0.86048573,0.9881919,-0.5626562,0.85555136,0.9937218,0.37759754,1.9979931,0.96899164,-0.85707754,1.9080933,0.9783836
171,5.9489835164835165,3,1210.203125,451.1060791015625,63.95861862676333,0.7868126034736633,True,-0.7016427,-1.058584,0.78928727,-0.6497388,-1.1762109,0.80495983,-0.7814596,-1.1445312,0.48641682,-0.37925446,-1.2358097,0.72381747,0.0,0.0,0.17369154,0.10801433,-1.0001413,0.9885988,-0.81464034,-0.8708691,0.9654998,0.29107413,-0.35147122,0.9747034,-0.8851415,-0.11674275,0.8301504,-0.30246836,-0.20999324,0.95064616,-0.6770315,0.013061386,0.8089735,0.3721889,-0.027675403,0.99387556,-0.3721889,0.027674926,0.98873657,0.73050046,0.78522575,0.9899771,-0.88161826,0.835932,0.97816944,1.1116005,2.083049,0.9740248,-0.9162762,2.1331122,0.95487636
171,5.9489835164835165,1,531.8272705078125,491.0953979492187,105.56435629656669,0.7695046663284302,True,1.1934685,-0.62879664,0.96874166,1.2428722,-0.7104593,0.7215313,1.1451477,-0.7241815,0.96255916,0.0,0.0,0.20376731,0.85970217,-0.87283814,0.917206,1.0553784,-0.7261074,0.98704755,0.32014614,-0.7257651,0.99807394,1.4786422,-0.28512463,0.9420207,0.3554255,-0.20033084,0.99500775,1.7918549,-0.11641299,0.9477044,0.95613384,-0.19419144,0.98939043,0.27748227,0.005911019,0.99791473,-0.27748197,-0.00591073,0.9990809,0.41367537,0.7827794,0.99601483,-0.4684518,0.80630845,0.99817336,0.47258607,1.827853,0.98409456,-0.6294508,1.8000038,0.98989713
172,5.983772893772894,3,1212.592529296875,449.4421997070313,63.8001101985349,0.7845166325569153,True,-0.7680142,-1.0496722,0.806587,-0.7153595,-1.1662899,0.8314077,-0.8412256,-1.1375283,0.47233653,-0.42750174,-1.2274001,0.77285546,0.0,0.0,0.15174812,0.070819795,-0.98728114,0.9897642,-0.8042219,-0.87339723,0.9650071,0.19417565,-0.33339918,0.977249,-0.9043902,-0.13083887,0.8114499,-0.4467957,-0.20927943,0.9542298,-0.77168775,-0.012435652,0.7951523,0.35865077,-0.022463864,0.99383837,-0.35865077,0.022463387,0.9878807,0.6871686,0.8169288,0.98986065,-0.9074496,0.85751855,0.9760776,1.0775825,2.0859072,0.9731208,-0.9642333,2.119842,0.950762
172,5.983772893772894,1,533.2832641601562,489.2694091796875,104.14537691665404,0.7627453207969666,True,1.1861137,-0.62333226,0.96864444,1.2375965,-0.70488477,0.72219384,1.1377405,-0.7205439,0.9617679,0.0,0.0,0.20116527,0.8481884,-0.8754485,0.9127637,1.055662,-0.73218507,0.9870904,0.30750132,-0.731299,0.99803716,1.498011,-0.2922023,0.94362074,0.35212374,-0.1961484,0.9950128,1.8192255,-0.10728745,0.9494012,0.9589491,-0.17701656,0.9895308,0.2825388,0.006182318,0.9980622,-0.2825385,-0.006182025,0.9991366,0.4174058,0.8001563,0.9964143,-0.48277554,0.8201936,0.99834,0.47566402,1.8685158,0.98578393,-0.6526372,1.8274561,0.9909288
173,6.0185622710622715,3,1210.2435302734375,451.4542846679687,64.68261709895019,0.7878999710083008,True,-0.701004,-1.0595026,0.790158,-0.65028495,-1.1749353,0.80421025,-0.776121,-1.1441671,0.48500922,-0.37949347,-1.2339185,0.7243604,0.0,0.0,0.17305215,0.10581264,-0.9990616,0.98891103,-0.8019967,-0.8758596,0.96693325,0.28624406,-0.3585128,0.97536874,-0.8841417,-0.13810392,0.8377085,-0.29471767,-0.22043481,0.95186883,-0.68872195,-0.012422624,0.8161671,0.36545068,-0.026130917,0.9941968,-0.36545068,0.026130445,0.9894198,0.7219767,0.7830009,0.9903841,-0.862835,0.8306513,0.9792489,1.0962917,2.0604439,0.9747704,-0.89929795,2.1065156,0.95645624
173,6.0185622710622715,1,540.4185180664062,490.3878784179687,101.35557871328996,0.7825616002082825,True,1.157102,-0.68121904,0.96466064,1.2042859,-0.7519325,0.7515536,1.1100543,-0.7923993,0.9581366,0.0,0.0,0.22866759,0.83523536,-0.94328,0.88757443,1.0153372,-0.7277143,0.9735834,0.307198,-0.77258605,0.9958806,1.3754272,-0.29224265,0.8970039,0.3143538,-0.190667,0.9897653,1.6039554,-0.23374787,0.91659355,0.85889053,-0.15148261,0.9808803,0.27345136,0.016053742,0.99291587,-0.27345136,-0.016054042,0.99680233,0.41640186,0.8178586,0.9876653,-0.5506748,0.80232334,0.994066,0.36657378,1.9288168,0.96814764,-0.84423715,1.8510073,0.9790562
174,6.053351648351648,3,1211.4697265625,450.4093627929687,64.6058513268099,0.785327672958374,True,-0.7318775,-1.0548462,0.8018903,-0.6797756,-1.1705166,0.8208902,-0.806037,-1.1411431,0.48350105,-0.39974973,-1.2305775,0.7514064,0.0,0.0,0.16383547,0.086873695,-0.99435544,0.9894711,-0.7977101,-0.8750586,0.9666078,0.23433866,-0.3522255,0.97629946,-0.88572127,-0.13405924,0.82636136,-0.37101102,-0.2300491,0.95305747,-0.71713215,-0.012017452,0.8070108,0.35963455,-0.024680154,0.99411005,-0.35963267,0.024680154,0.9888864,0.7091605,0.8074938,0.9902782,-0.86906946,0.85245687,0.9781692,1.0844871,2.0755174,0.9742755,-0.92080295,2.1170962,0.9544293
174,6.053351648351648,1,540.3699951171875,490.95745849609375,101.63806087573262,0.7795014977455139,True,1.1513604,-0.6898416,0.9658432,1.1990743,-0.7612684,0.75778496,1.1026682,-0.79985297,0.95921123,0.0,0.0,0.23182797,0.8264086,-0.9470064,0.8879559,1.0173038,-0.7348619,0.97438025,0.30079544,-0.7693375,0.99598086,1.391526,-0.3065826,0.90035903,0.3199747,-0.18557107,0.99000645,1.6153084,-0.24713284,0.9197369,0.86998856,-0.15647162,0.98142517,0.27579963,0.014165242,0.99313617,-0.27580023,-0.014164942,0.9968874,0.41474313,0.8136855,0.9879667,-0.549329,0.80332303,0.9941857,0.36789995,1.9228507,0.9685477,-0.8336118,1.8469793,0.9792686
175,6.0881410256410255,3,1211.481201171875,450.0625305175781,64.02941650433937,0.7824524641036987,True,-0.7206332,-1.0600964,0.8097864,-0.66579735,-1.1771518,0.82649,-0.7985469,-1.147805,0.50142604,-0.38705012,-1.2356768,0.75167924,0.0,0.0,0.17227496,0.08831924,-0.99556845,0.9894922,-0.7971285,-0.87461567,0.9674823,0.22890632,-0.3508805,0.9755973,-0.8829827,-0.12937607,0.8274543,-0.38247457,-0.22947732,0.9520001,-0.72582453,-0.0053376458,0.80746853,0.36128414,-0.025189742,0.9939832,-0.36128414,0.025189742,0.9887764,0.71363646,0.8195524,0.99010813,-0.8767924,0.86580014,0.9780514,1.1009191,2.09376,0.9740796,-0.92766845,2.1368425,0.9544619
175,6.0881410256410255,1,541.5751953125,491.1467895507813,101.5327892030171,0.7752166986465454,True,1.1368374,-0.69310963,0.96592605,1.1847036,-0.76381296,0.7610529,1.0888275,-0.8034306,0.95887864,0.0,0.0,0.2368292,0.8147479,-0.95385593,0.8872072,1.015107,-0.73915434,0.9751618,0.28452975,-0.78102416,0.995959,1.392753,-0.3187032,0.9022616,0.27571768,-0.20631276,0.9897497,1.6205775,-0.25032923,0.9200967,0.8229661,-0.15089661,0.9809317,0.27988598,0.01571824,0.9933072,-0.27988657,-0.015717939,0.9969104,0.40757537,0.82254654,0.98817843,-0.56602377,0.8069055,0.9941907,0.36079666,1.9236511,0.969011,-0.8549968,1.8448793,0.97935075
176,6.122930402930403,3,1210.778564453125,450.77239990234375,64.65124535585502,0.7843261361122131,True,-0.6842981,-1.0622896,0.80460846,-0.63229316,-1.1783165,0.81400114,-0.7661242,-1.1480666,0.51162535,-0.37233087,-1.235576,0.727386,0.0,0.0,0.18803898,0.09169541,-0.99664617,0.98914766,-0.8017042,-0.87308425,0.96883863,0.2294179,-0.35553685,0.9746946,-0.88442343,-0.13295873,0.840652,-0.38549498,-0.22151606,0.950854,-0.7008457,-0.009586064,0.81881666,0.3621897,-0.026692571,0.994046,-0.3621897,0.026692571,0.9893056,0.7132356,0.7956089,0.99002624,-0.87047577,0.844234,0.9788231,1.0949109,2.0547237,0.97384226,-0.9092354,2.101576,0.9554305
176,6.122930402930403,1,541.893310546875,491.0874938964844,101.49727407863703,0.7599889039993286,True,1.1270905,-0.69416606,0.9646216,1.1743798,-0.76417345,0.75718397,1.0809875,-0.8046186,0.9563241,0.0,0.0,0.23846222,0.81097156,-0.95661825,0.88125825,1.0119966,-0.740493,0.9755702,0.2811872,-0.78517914,0.9958333,1.4100672,-0.32640374,0.90619206,0.28092802,-0.21691275,0.9895635,1.663456,-0.2503143,0.92310005,0.83436096,-0.15454066,0.98078454,0.28023285,0.016162423,0.99359846,-0.28023347,-0.016162423,0.99697125,0.40700057,0.8258847,0.98869365,-0.5735901,0.80891764,0.99431664,0.36767182,1.9284059,0.97008014,-0.8601218,1.8459015,0.97978926
177,6.1577197802197805,3,1210.5853271484375,451.1603088378906,64.96751472675452,0.7866523861885071,True,-0.66234463,-1.0627621,0.7897369,-0.61194944,-1.1776111,0.7971747,-0.74453527,-1.14782,0.49828264,-0.36163658,-1.2339274,0.70602214,0.0,0.0,0.18743582,0.096100464,-0.99737066,0.9883024,-0.8009487,-0.87430966,0.96727407,0.23928913,-0.3581563,0.9736843,-0.8838383,-0.13620746,0.8416005,-0.37776354,-0.22739214,0.94933563,-0.7041305,-0.01644029,0.81927377,0.36269066,-0.027043639,0.9938904,-0.36269066,0.027043639,0.9891685,0.714506,0.7821,0.9897976,-0.8692145,0.83144724,0.9786563,1.1004429,2.0400488,0.9734292,-0.9016187,2.087556,0.955179
177,6.1577197802197805,1,543.165771484375,489.8621520996094,100.31245092104535,0.757808268070221,True,1.1310388,-0.68907624,0.96451646,1.1798536,-0.76024604,0.7579407,1.082841,-0.8014452,0.95601314,0.0,0.0,0.23832875,0.8063088,-0.9561519,0.8799413,1.0287023,-0.73307264,0.9756585,0.267417,-0.79010665,0.99573404,1.4380386,-0.3038197,0.90670425,0.25177923,-0.22051613,0.98928857,1.6928862,-0.22278383,0.92361283,0.8109817,-0.141009,0.9804898,0.2896644,0.018707113,0.9935689,-0.2896638,-0.018707113,0.99691975,0.40511605,0.84372395,0.9886979,-0.5934762,0.82030284,0.99425054,0.36228967,1.9655052,0.9700134,-0.8796873,1.8820964,0.97958434
178,6.192509157509157,3,1210.5557861328125,451.6325378417969,65.2360854410672,0.7836495637893677,True,-0.6694585,-1.0688123,0.78706664,-0.6178842,-1.1830542,0.79987687,-0.7481447,-1.1539925,0.48360074,-0.3604041,-1.2377614,0.7171705,0.0,0.0,0.17494914,0.09747686,-0.99916166,0.9883456,-0.7843058,-0.8792065,0.9655247,0.23729168,-0.36259153,0.9743225,-0.8649193,-0.1450776,0.8313812,-0.37370652,-0.23951888,0.9501581,-0.69703263,-0.029748939,0.8106945,0.35813993,-0.025757184,0.9938642,-0.35813993,0.025757184,0.98878956,0.71092445,0.77801526,0.9899705,-0.8639145,0.82548314,0.978294,1.0994098,2.038044,0.974013,-0.9017466,2.0826871,0.9550872
178,6.192509157509157,1,543.976318359375,490.720458984375,101.04885714921475,0.7482607960700989,True,1.1057872,-0.6973235,0.96741945,1.1557628,-0.76864576,0.7808422,1.05668,-0.8098291,0.9579968,0.0,0.0,0.26067835,0.7876185,-0.96521866,0.87959355,1.0216845,-0.7397255,0.9779494,0.25780624,-0.7974492,0.99575657,1.4428475,-0.31527174,0.9135885,0.22508185,-0.23383102,0.9888075,1.7135121,-0.22562425,0.9277768,0.7781663,-0.15325494,0.9798553,0.28917462,0.01848743,0.993694,-0.28917402,-0.01848743,0.99682593,0.4011671,0.83191466,0.9886608,-0.5917823,0.8098155,0.993961,0.35847762,1.9420906,0.9694416,-0.88020426,1.859501,0.9785832
179,6.227298534798535,3,1211.08935546875,451.4633483886719,65.42090707212344,0.7805571556091309,True,-0.6800465,-1.07288,0.81846553,-0.6261568,-1.1874733,0.8301108,-0.75881267,-1.1588799,0.5238527,-0.3630674,-1.2417572,0.7480904,0.0,0.0,0.18661751,0.09356666,-0.99886024,0.9900531,-0.77834886,-0.8802553,0.9702257,0.23123813,-0.36142164,0.9762077,-0.8614365,-0.1454197,0.8387947,-0.37709913,-0.23251395,0.95308274,-0.706746,-0.018399391,0.8171983,0.3547976,-0.024979098,0.99425876,-0.35479948,0.024979098,0.98944783,0.69984764,0.78251964,0.9904135,-0.8668048,0.8284465,0.97906727,1.0826565,2.0373158,0.9747627,-0.9140891,2.0802581,0.95612746
179,6.227298534798535,1,534.1433715820312,492.25927734375,105.76177065991564,0.7428879737854004,True,1.174861,-0.660197,0.97675043,1.2341654,-0.7410731,0.786143,1.1217688,-0.7588414,0.97088337,0.0,0.0,0.24700093,0.83229417,-0.90281004,0.9244168,1.0604502,-0.72403014,0.98984224,0.3018356,-0.74027115,0.9983455,1.4760479,-0.28979295,0.94940853,0.32876024,-0.23330581,0.9951251,1.7700292,-0.11202037,0.9528503,0.956358,-0.20634744,0.9895918,0.28472573,0.010098968,0.99826753,-0.28472602,-0.010098679,0.9991973,0.3920583,0.7737058,0.9967997,-0.5061658,0.7822503,0.9984603,0.4423249,1.8295507,0.9873145,-0.6754435,1.7816323,0.99171233
180,6.262087912087912,3,1210.850830078125,451.76171875,65.91617586368646,0.7800169587135315,True,-0.6688293,-1.0800539,0.85063547,-0.61104995,-1.1953974,0.8597698,-0.7507352,-1.1665896,0.5798097,-0.34869468,-1.2486984,0.77464706,0.0,0.0,0.20853707,0.09290068,-1.0027907,0.9914341,-0.7669931,-0.8801855,0.97430986,0.23608235,-0.37070915,0.9772445,-0.841684,-0.14593685,0.84417444,-0.35833567,-0.24609882,0.9545563,-0.69499665,-0.019057,0.82086515,0.35039473,-0.025769219,0.9943861,-0.35039288,0.025769219,0.9896707,0.6930244,0.7715108,0.990422,-0.85992897,0.81887734,0.97904533,1.0775108,2.0222607,0.9746548,-0.9059339,2.0678942,0.9558777
180,6.262087912087912,1,533.470947265625,491.23773193359375,105.45000472315505,0.7484294176101685,True,1.1835119,-0.65506,0.977486,1.2425374,-0.7366978,0.7888191,1.1301459,-0.7541459,0.9717183,0.0,0.0,0.24678369,0.83790296,-0.8990319,0.9265136,1.0685117,-0.72234684,0.99026453,0.3032599,-0.73307127,0.99839646,1.4980521,-0.28761274,0.9514957,0.33410856,-0.21542081,0.9952632,1.7877107,-0.10294799,0.95490265,0.9668356,-0.1825142,0.9899339,0.2870539,0.009183924,0.9983109,-0.2870539,-0.009183635,0.99921227,0.3967534,0.7865426,0.9968131,-0.5084628,0.797203,0.9984565,0.4527066,1.848582,0.98706436,-0.67574364,1.799156,0.9914984
181,6.2968772893772895,3,1210.2623291015625,451.86334228515625,65.95989100520572,0.778039276599884,True,-0.655683,-1.0910622,0.8649395,-0.5960524,-1.2066344,0.87219566,-0.739563,-1.1777362,0.6123534,-0.3362232,-1.2568183,0.7837808,0.0,0.0,0.2255445,0.09772674,-1.0055776,0.99201787,-0.76267236,-0.88064873,0.9762729,0.2562722,-0.37843525,0.97751814,-0.82722944,-0.14756264,0.8481157,-0.32402542,-0.2551206,0.9548365,-0.67394364,-0.021617271,0.82320297,0.35052893,-0.02654099,0.99442106,-0.35052893,0.02654099,0.98978627,0.7016149,0.77004266,0.99033946,-0.85646087,0.8191966,0.97899467,1.0913392,2.0235038,0.9743885,-0.90120834,2.0718277,0.95559067
181,6.2968772893772895,1,532.9380493164062,490.10540771484375,104.33925862968272,0.7424001693725586,True,1.203357,-0.6543642,0.97614276,1.262926,-0.7373917,0.77874786,1.1473439,-0.75269973,0.9706678,0.0,0.0,0.2391399,0.8481806,-0.8916101,0.92509407,1.0774964,-0.71878445,0.98936033,0.30952075,-0.72211236,0.99833834,1.4949484,-0.27697194,0.94790035,0.33785018,-0.19353588,0.9952246,1.7889564,-0.09796493,0.952355,0.9819219,-0.16748197,0.98985213,0.28814954,0.007309179,0.99819523,-0.28814954,-0.007308886,0.99918085,0.40255585,0.79397625,0.99665546,-0.5021619,0.8110275,0.99842095,0.45984825,1.8701413,0.9866759,-0.67054504,1.8323634,0.991396
182,6.331666666666667,3,1210.859130859375,450.6058044433594,65.87342206632246,0.7758296132087708,True,-0.656553,-1.064026,0.8359602,-0.6029019,-1.1786729,0.84497786,-0.7384861,-1.1499642,0.5585339,-0.34967333,-1.2375808,0.75809145,0.0,0.0,0.20391987,0.08695691,-1.0016602,0.9908668,-0.7599302,-0.88171625,0.97264534,0.22510397,-0.3755927,0.97705907,-0.8343379,-0.1545739,0.8434753,-0.34916744,-0.24636649,0.95434016,-0.67825466,-0.033369772,0.82078564,0.34652677,-0.025827177,0.9944712,-0.34652862,0.025827177,0.9898099,0.70616794,0.8016186,0.9906054,-0.84696126,0.85012037,0.9794643,1.0867158,2.0434601,0.97489095,-0.9117532,2.089241,0.9563099
182,6.331666666666667,1,533.405029296875,490.2244873046875,104.37283897232858,0.7411879301071167,True,1.2025499,-0.655344,0.97624445,1.2624519,-0.7378635,0.7837912,1.1461128,-0.7532722,0.970355,0.0,0.0,0.24762602,0.84821236,-0.89024025,0.924404,1.0789988,-0.7128887,0.98988694,0.3120135,-0.72415245,0.9982944,1.4932903,-0.27396682,0.94968235,0.33170772,-0.20578381,0.994932,1.7902668,-0.100409955,0.9528571,0.9766652,-0.170559,0.9892663,0.28723752,0.008673751,0.99825364,-0.28723726,-0.008674043,0.99917585,0.4011597,0.7938588,0.9967924,-0.50008607,0.80779475,0.99842983,0.45359227,1.8682016,0.9872744,-0.6742792,1.8330358,0.99158174
183,6.366456043956044,3,1211.1898193359375,451.41510009765625,66.69910005438815,0.7776216268539429,True,-0.65757436,-1.0665973,0.82526743,-0.6047119,-1.1788976,0.836273,-0.7342967,-1.1517471,0.53403413,-0.3495797,-1.2359301,0.755001,0.0,0.0,0.19090877,0.087388515,-1.0008872,0.9905758,-0.74619645,-0.8874906,0.9713239,0.22948797,-0.37999246,0.9772084,-0.8184037,-0.17119677,0.8410237,-0.3376031,-0.25778598,0.95456386,-0.66922337,-0.054671127,0.8189432,0.3405515,-0.024041953,0.99449277,-0.3405515,0.02404241,0.98977405,0.6927977,0.7818247,0.99068284,-0.83277416,0.82683986,0.9794693,1.0660982,2.0093658,0.9751099,-0.8964456,2.0504282,0.95644546
183,6.366456043956044,1,543.7734375,490.53033447265625,100.5584846113379,0.7413695454597473,True,1.1217345,-0.7007741,0.9706315,1.1720037,-0.77379096,0.7979836,1.0684857,-0.8121962,0.9619683,0.0,0.0,0.2744693,0.7943861,-0.960937,0.88734204,1.0351582,-0.73799145,0.9798012,0.26283145,-0.7835934,0.99606675,1.4681355,-0.3070052,0.9181654,0.20679612,-0.19857392,0.9892396,1.7489555,-0.21482897,0.9315012,0.78346324,-0.1261558,0.9806758,0.2907808,0.015653847,0.9938685,-0.29078022,-0.01565415,0.996887,0.40375885,0.8340936,0.9887792,-0.58389604,0.8212181,0.9939791,0.363283,1.9567039,0.96915853,-0.8847724,1.8854381,0.9782615
184,6.401245421245421,3,1211.2821044921875,450.2750854492187,66.561596040236,0.7719943523406982,True,-0.6459283,-1.0605301,0.8493175,-0.59268886,-1.1741939,0.8544048,-0.73010457,-1.1457677,0.5887003,-0.34734002,-1.2343583,0.76206785,0.0,0.0,0.22235091,0.070463836,-1.0008163,0.9912999,-0.7515177,-0.87965316,0.97496504,0.21177298,-0.39595103,0.9767518,-0.8151611,-0.17094432,0.85077834,-0.33238053,-0.2736691,0.9539269,-0.6643576,-0.05652356,0.82674044,0.33620247,-0.026737085,0.9945909,-0.33620247,0.026736626,0.99024117,0.6947846,0.8137168,0.99063945,-0.8138223,0.86383396,0.98006,1.0608896,2.009286,0.97498286,-0.88824564,2.057339,0.9572683
184,6.401245421245421,1,533.538330078125,488.2811279296875,103.7529440363914,0.7461255788803101,True,1.2011155,-0.63528293,0.9752812,1.2598581,-0.71843255,0.7737365,1.1457412,-0.734165,0.96856904,0.0,0.0,0.23530261,0.8459315,-0.8802896,0.91969866,1.0804863,-0.7142514,0.9897641,0.3098139,-0.72347724,0.9982436,1.5144243,-0.26492536,0.9522139,0.35856828,-0.19211999,0.99508,1.8289967,-0.07825367,0.95609987,0.99815977,-0.1572418,0.9898189,0.28942257,0.008465262,0.99832636,-0.28942284,-0.008464968,0.99920255,0.40280178,0.8201733,0.99689096,-0.5031613,0.8357914,0.9984633,0.4560641,1.9045464,0.98727304,-0.6755353,1.8660868,0.9915251
185,6.4360347985347985,3,1211.418212890625,450.48150634765625,66.87825245201645,0.7711915373802185,True,-0.6387193,-1.0689011,0.8513925,-0.5843174,-1.1823401,0.85357296,-0.723709,-1.1535453,0.59992915,-0.3399477,-1.2396306,0.7548243,0.0,0.0,0.23153944,0.071579464,-1.0038036,0.9910677,-0.7515168,-0.8770693,0.9754868,0.22659163,-0.4088536,0.9754989,-0.80713254,-0.16960423,0.85508406,-0.31457472,-0.30284104,0.9520903,-0.6634443,-0.056089837,0.82980084,0.3349209,-0.027988562,0.9944332,-0.33492273,0.027989019,0.9902282,0.6815089,0.8015386,0.9903198,-0.8018685,0.853517,0.98001146,1.041456,1.9872701,0.97444135,-0.8654095,2.0392628,0.9572955
185,6.4360347985347985,1,534.1458740234375,488.41748046875,103.92427275092828,0.7345070838928223,True,1.1947522,-0.63606566,0.9773641,1.2572596,-0.7197362,0.7904798,1.1375881,-0.73672163,0.97149706,0.0,0.0,0.24314079,0.83858985,-0.8843382,0.9230123,1.0850426,-0.70968866,0.9897043,0.30694687,-0.7264051,0.9982773,1.5083104,-0.25969443,0.94993937,0.33907828,-0.20387265,0.99502146,1.8171014,-0.07787154,0.95408684,0.9697607,-0.17798576,0.9896404,0.2912594,0.010166234,0.9982241,-0.2912591,-0.010166234,0.9991665,0.40418682,0.81389844,0.9967349,-0.5059414,0.82530856,0.9984107,0.4409873,1.8981899,0.98691297,-0.69207835,1.8562194,0.99137795
186,6.470824175824176,3,1211.91259765625,451.25140380859375,67.74068433208475,0.7545501589775085,True,-0.67359823,-1.1071907,0.880182,-0.6112284,-1.223074,0.8715272,-0.75340086,-1.1946547,0.65901005,-0.35463285,-1.2669947,0.76615936,0.0,0.0,0.26733077,0.027673677,-0.995177,0.99178725,-0.7362834,-0.8750829,0.9838499,0.18019335,-0.40090656,0.9664134,-0.8167744,-0.20329349,0.8775326,-0.26585793,-0.32161212,0.9376152,-0.78849703,-0.113858156,0.8410441,0.3110365,-0.02464042,0.9943598,-0.3110383,0.02464042,0.9918331,0.6144468,0.7204013,0.99103993,-0.84209645,0.76089996,0.98456556,1.0044948,1.869486,0.97979635,-0.91538477,1.909253,0.97027
186,6.470824175824176,1,536.8220825195312,486.2654724121094,101.32641274034272,0.7157816886901855,True,1.1804568,-0.6221403,0.97163814,1.244615,-0.7020885,0.7649352,1.1288048,-0.7253788,0.96393085,0.0,0.0,0.23120502,0.8337229,-0.8861994,0.9038129,1.0747278,-0.71143293,0.98687,0.28597185,-0.75434124,0.99770135,1.4802661,-0.22645278,0.9415667,0.30724725,-0.22486797,0.9937715,1.8257868,-0.04599243,0.9461522,0.9209129,-0.19232418,0.98730624,0.29531267,0.014576552,0.9977985,-0.29531237,-0.014576552,0.99894625,0.400429,0.84838766,0.99608696,-0.50863546,0.8455024,0.9980584,0.4417691,1.9331081,0.9852152,-0.6815708,1.8769065,0.9901779
187,6.5056135531135535,3,1210.044677734375,452.8367614746094,68.10189401704778,0.7558232545852661,True,-0.6308153,-1.141444,0.8922915,-0.5637484,-1.2576814,0.8851301,-0.7123653,-1.2298524,0.6849524,-0.30643636,-1.2932036,0.7829282,0.0,0.0,0.2822364,0.081175394,-1.0056777,0.9930188,-0.73360425,-0.8849139,0.98560345,0.22184812,-0.39379442,0.9706005,-0.8218581,-0.1903249,0.8826144,-0.28349102,-0.3184078,0.943706,-0.753083,-0.09611918,0.84648293,0.3286665,-0.024621757,0.99500495,-0.3286665,0.024621757,0.9925264,0.6461122,0.72131646,0.99176955,-0.8593493,0.7623137,0.9853205,1.0417596,1.9058782,0.9805511,-0.90815455,1.9477009,0.9706382
187,6.5056135531135535,1,536.7359619140625,485.1494140625,100.9833184655959,0.7201297283172607,True,1.1947937,-0.616786,0.9628976,1.2505027,-0.69805837,0.70271474,1.1445607,-0.71731573,0.9532193,0.0,0.0,0.19412628,0.8418942,-0.8760028,0.89324135,1.0836957,-0.71467566,0.9856462,0.27373832,-0.75412506,0.9973992,1.5102882,-0.21699074,0.94271225,0.30311197,-0.21343772,0.99369663,1.8916656,-0.01681887,0.94773316,0.9385669,-0.1689427,0.9874351,0.30220354,0.012581061,0.99785775,-0.30220294,-0.012581061,0.9989592,0.4117326,0.86495906,0.9961079,-0.5071206,0.87447786,0.9980422,0.4357234,1.9595147,0.9847341,-0.68457735,1.9270562,0.98971915
188,6.54040293040293,1,534.08837890625,485.8626708984375,102.981065300013,0.7503575086593628,True,1.2011178,-0.6138735,0.96952134,1.2575785,-0.6948174,0.73799884,1.1512535,-0.7152819,0.96112424,0.0,0.0,0.216317,0.8566395,-0.8726038,0.90896064,1.0854248,-0.7054635,0.98852277,0.3023076,-0.7347444,0.9979208,1.5173528,-0.25738665,0.94938326,0.31094182,-0.21688296,0.9944748,1.8407925,-0.076883465,0.9531481,0.97439206,-0.18326183,0.9887438,0.29364198,0.01133003,0.9982351,-0.29364225,-0.011329734,0.99914014,0.41998842,0.84876335,0.99677926,-0.49779174,0.8565619,0.9983784,0.45830598,1.9433854,0.9869927,-0.69120294,1.8967826,0.9912265
188,6.54040293040293,3,1212.91943359375,451.314208984375,70.17713907947682,0.7495710849761963,True,-0.67310137,-1.0894911,0.85859853,-0.6205766,-1.1993788,0.8611392,-0.74950886,-1.170696,0.59944695,-0.37304804,-1.2499262,0.7672265,0.0,0.0,0.21970391,0.016817097,-0.99825335,0.99085826,-0.7152989,-0.87581193,0.97583324,0.15107383,-0.43641916,0.97401965,-0.791235,-0.20677394,0.8551014,-0.29906532,-0.30306348,0.9495597,-0.7443253,-0.044845015,0.82824886,0.3016867,-0.025578756,0.9941094,-0.30168495,0.025578756,0.98992926,0.61030686,0.7843033,0.98983204,-0.7805704,0.8310352,0.9794613,0.9686269,1.8860537,0.97375906,-0.87442124,1.9330852,0.95692986
189,6.575192307692308,3,1208.646484375,450.659912109375,68.45437450790699,0.7621073126792908,True,-0.59025294,-1.1055601,0.8646178,-0.5340382,-1.2172017,0.86311823,-0.6779418,-1.1887493,0.6426928,-0.30496725,-1.2597997,0.74986553,0.0,0.0,0.25973043,0.077075034,-1.0110761,0.9911543,-0.72177017,-0.88216555,0.9768695,0.27356625,-0.43464375,0.9739327,-0.7367957,-0.18228196,0.85836774,-0.19898596,-0.33329707,0.9496402,-0.56401616,-0.06970001,0.83051807,0.32666746,-0.029187562,0.99430543,-0.32666746,0.029187117,0.99026906,0.6886769,0.7794311,0.9904384,-0.7807453,0.835007,0.9808523,1.0623308,1.9959155,0.9754283,-0.84218675,2.0546892,0.95972186
189,6.575192307692308,1,528.230712890625,480.3347778320313,100.38953924022384,0.741435170173645,True,1.2626693,-0.6047439,0.94302803,1.3665432,-0.68561876,0.74880946,1.2106904,-0.72148824,0.9468728,0.0,0.0,0.24229924,0.98428714,-0.82159144,0.84950906,1.1937672,-0.52673054,0.9844082,0.43902773,-0.62825006,0.99523467,1.2781267,-0.10728685,0.8909101,0.26531598,-0.12954086,0.97871816,1.3359666,-0.23450582,0.88825583,0.83515984,-0.008844636,0.9582402,0.3055298,0.025807671,0.99472034,-0.3055298,-0.025807671,0.99657816,0.5729962,0.9254672,0.991409,-0.4683535,0.90464926,0.9945345,0.5602182,1.9660695,0.9740945,-0.7642784,1.972114,0.98100054
190,6.609981684981685,3,1208.408935546875,452.1267700195313,69.33769020618847,0.7616578936576843,True,-0.5963159,-1.152812,0.80217606,-0.54164827,-1.2589514,0.7911498,-0.65856785,-1.2364137,0.52910465,-0.30383387,-1.286945,0.69718415,0.0,0.0,0.2176493,0.092663154,-1.0019927,0.9900512,-0.71959096,-0.897208,0.9783543,0.25991067,-0.42035118,0.97047013,-0.8048881,-0.22151905,0.8767269,-0.1892681,-0.3602651,0.9434299,-0.66565573,-0.12671378,0.84179413,0.32312563,-0.023310151,0.9951624,-0.3231274,0.023310151,0.99255836,0.68662,0.7734615,0.991689,-0.7793412,0.8139552,0.98495126,1.092189,1.909832,0.9789163,-0.8014287,1.948802,0.967816
190,6.609981684981685,1,535.00927734375,487.914794921875,102.5240555799808,0.7287284731864929,True,1.1928906,-0.64018357,0.9760356,1.2582443,-0.7235618,0.7829522,1.1350703,-0.7422214,0.9697562,0.0,0.0,0.23271255,0.83070016,-0.88943404,0.9166976,1.0913014,-0.7042537,0.98882335,0.29549325,-0.73685753,0.99807125,1.522121,-0.23619498,0.9480717,0.3188788,-0.20905173,0.99466336,1.8485593,-0.07062224,0.95304805,0.9454044,-0.18342625,0.98919934,0.2968851,0.013179905,0.9980691,-0.2968854,-0.013180203,0.9990827,0.40942004,0.8309335,0.99645835,-0.49903196,0.8332023,0.99825865,0.42306906,1.9178818,0.9859234,-0.7112773,1.8710738,0.9906667
191,6.6447710622710625,3,1207.4278564453125,452.78033447265625,70.54914660775434,0.7758894562721252,True,-0.6077998,-1.154023,0.8089418,-0.5533339,-1.2588487,0.8032268,-0.66248906,-1.2370648,0.52064794,-0.30640453,-1.2898351,0.7234648,0.0,0.0,0.2053112,0.10887316,-1.0075923,0.99105996,-0.7014049,-0.90261924,0.97872704,0.29542756,-0.42741737,0.97381175,-0.77575713,-0.2236773,0.874456,-0.18372367,-0.37378538,0.94830036,-0.6422499,-0.1200599,0.84022987,0.3205306,-0.022282643,0.9953962,-0.3205306,0.022282643,0.992588,0.683974,0.757558,0.9917258,-0.7573607,0.79582196,0.98429316,1.075969,1.8812724,0.9780782,-0.77048147,1.9173905,0.9654165
191,6.6447710622710625,1,536.3040771484375,489.4387817382813,102.06078187062975,0.7272131443023682,True,1.1825743,-0.6558804,0.9779733,1.2514921,-0.73793095,0.8007736,1.1237086,-0.7586882,0.9718167,0.0,0.0,0.25244102,0.8201798,-0.90486765,0.91912687,1.0876172,-0.7096374,0.98953,0.27730536,-0.7522062,0.9982132,1.4980482,-0.24323423,0.9498713,0.26494473,-0.2421856,0.99489826,1.8276678,-0.08609055,0.95445603,0.90475166,-0.21892412,0.9895942,0.3003952,0.014111656,0.9981305,-0.3003946,-0.014111955,0.99911517,0.403964,0.83593065,0.9964849,-0.48808137,0.8341569,0.9982792,0.40777642,1.9097728,0.98588485,-0.6983248,1.8618164,0.990703
192,6.67956043956044,3,1206.391845703125,452.7560424804687,72.24447887324659,0.7794069647789001,True,-0.61317605,-1.1294242,0.87999576,-0.54607534,-1.2355494,0.88739866,-0.66635376,-1.2165976,0.6104397,-0.27980316,-1.2797849,0.8272998,0.0,0.0,0.21623525,0.11234199,-1.0153465,0.9945867,-0.655506,-0.909484,0.98316884,0.32379746,-0.44007388,0.98129714,-0.6913932,-0.23049735,0.8596293,-0.15834025,-0.35886514,0.9599152,-0.6100484,-0.092909366,0.827517,0.30550662,-0.021090208,0.996073,-0.30550495,0.021089787,0.99268323,0.6569338,0.7175089,0.99276674,-0.72597593,0.7541379,0.9838215,1.0632368,1.802225,0.9802509,-0.7178232,1.8345639,0.96492255
192,6.67956043956044,1,537.6971435546875,487.9176025390625,101.73766130900027,0.7199965715408325,True,1.1705672,-0.6337004,0.9752274,1.2377139,-0.7152466,0.7786633,1.1148849,-0.73727745,0.9681801,0.0,0.0,0.23720324,0.8160469,-0.8950897,0.9129003,1.0857537,-0.71937263,0.98872185,0.2658396,-0.75480396,0.9982097,1.5104425,-0.2551012,0.9494345,0.25965554,-0.23959309,0.99526936,1.8507576,-0.062291306,0.95513177,0.8837079,-0.20858768,0.9903104,0.30405194,0.013291979,0.9982109,-0.30405194,-0.013291679,0.9991841,0.39577174,0.85130644,0.9966182,-0.50681883,0.85211635,0.998401,0.39268994,1.9254149,0.98626846,-0.7143017,1.8692983,0.99118596
193,6.714349816849817,3,1205.557861328125,453.9747924804687,74.16277512172698,0.778645396232605,True,-0.5648174,-1.123541,0.89771855,-0.49598756,-1.2296004,0.9034625,-0.6266914,-1.2098372,0.6589737,-0.24544828,-1.2757883,0.83884925,0.0,0.0,0.24374032,0.117531076,-1.0204242,0.9951047,-0.63358146,-0.9118526,0.98440796,0.34893915,-0.4666126,0.98185766,-0.63366044,-0.2642264,0.8587645,-0.1212444,-0.39865717,0.9606571,-0.5423778,-0.17505637,0.82604504,0.29907095,-0.022291483,0.9959681,-0.2990726,0.022291895,0.99237955,0.6471723,0.67917544,0.99232566,-0.7028508,0.71854806,0.982627,1.042133,1.7365499,0.9789601,-0.6931906,1.7718947,0.9622739
193,6.714349816849817,1,536.9520874023438,488.3443603515625,102.05486055445856,0.7367340326309204,True,1.1768322,-0.6395268,0.97683376,1.244476,-0.7226317,0.786393,1.1187322,-0.74322265,0.9705848,0.0,0.0,0.2402317,0.81629515,-0.89771473,0.91801137,1.0859673,-0.71659607,0.98910916,0.27500278,-0.7489273,0.9983298,1.5130173,-0.24529731,0.9495092,0.31915173,-0.23127095,0.99550533,1.8577559,-0.07065806,0.9553356,0.9594192,-0.2217483,0.9906639,0.30220503,0.012550634,0.99824655,-0.30220503,-0.012550933,0.9992131,0.40574035,0.83829063,0.9966967,-0.49414113,0.8420501,0.99846303,0.40213224,1.9125091,0.9865984,-0.69286346,1.8613819,0.99148303
194,6.749139194139194,3,1207.387939453125,450.0341491699219,73.53155555217808,0.7790417671203613,True,-0.57913196,-1.101762,0.8876746,-0.5223131,-1.2083721,0.8914038,-0.6520821,-1.1823919,0.6592185,-0.2832924,-1.2611835,0.80412215,0.0,0.0,0.25037515,0.10372188,-1.0249792,0.9935074,-0.66907656,-0.8934514,0.97998744,0.30844638,-0.47497055,0.9805157,-0.6813464,-0.19728929,0.86205596,-0.1610122,-0.38218462,0.9593063,-0.5123375,-0.04558739,0.8334146,0.31266138,-0.028365433,0.9951213,-0.31265974,0.028365433,0.9909114,0.6847347,0.7298519,0.99074227,-0.7200087,0.7833194,0.9797534,1.0200101,1.8573531,0.9737204,-0.7874141,1.9158247,0.95429987
194,6.749139194139194,1,537.909912109375,488.4784851074219,101.51654342539044,0.7263967394828796,True,1.1735226,-0.6514477,0.9780387,1.2445415,-0.73547494,0.7991695,1.1121451,-0.7549621,0.97202694,0.0,0.0,0.25022843,0.8050686,-0.9033234,0.91932195,1.0954019,-0.71666294,0.98929393,0.26276612,-0.7514584,0.9982792,1.5224762,-0.24365051,0.94922394,0.30141103,-0.23731051,0.9951899,1.8473305,-0.077491194,0.9544208,0.9322133,-0.22732882,0.99005425,0.30889457,0.013533467,0.9981207,-0.30889398,-0.013533467,0.9991372,0.40333515,0.8468937,0.9963934,-0.50639683,0.8475322,0.9982843,0.3939541,1.9219536,0.9853839,-0.70194775,1.8710873,0.99056834
195,6.7839285714285715,3,1206.7012939453125,449.0194396972656,73.15108308329283,0.7787240743637085,True,-0.56339914,-1.1179539,0.886834,-0.50353134,-1.2247155,0.8890481,-0.6394704,-1.200339,0.6643774,-0.26808178,-1.270978,0.7963672,0.0,0.0,0.25787485,0.105916746,-1.0215348,0.9929329,-0.6721811,-0.89662737,0.97916037,0.27999827,-0.4569388,0.9783384,-0.6901485,-0.19135135,0.8572713,-0.20998286,-0.34873337,0.9555844,-0.51538444,-0.024951452,0.8282528,0.31486,-0.027330663,0.99460286,-0.31486,0.027330663,0.9901608,0.6875636,0.74090075,0.98988754,-0.71671987,0.79260504,0.97843105,1.0339612,1.8735017,0.9718927,-0.7687879,1.9288146,0.95201427
195,6.7839285714285715,1,537.0389404296875,487.9984130859375,102.6756110034828,0.7155987620353699,True,1.160655,-0.6412666,0.9778416,1.231173,-0.7233911,0.80063,1.1014558,-0.7429897,0.97179407,0.0,0.0,0.25958443,0.80772376,-0.89235693,0.9189999,1.089341,-0.71376884,0.988995,0.27296567,-0.7505122,0.9983199,1.4925957,-0.25549993,0.947312,0.30319387,-0.25981888,0.9952891,1.7980461,-0.08760982,0.95262855,0.9204017,-0.2449396,0.99005616,0.3037586,0.014423947,0.99807286,-0.3037592,-0.01442365,0.99913824,0.40014094,0.8476759,0.99625623,-0.50208944,0.8457517,0.99826413,0.39928615,1.9057622,0.98493016,-0.687302,1.8558275,0.990466
196,6.818717948717949,3,1204.1409912109375,450.2515869140625,74.19458745945796,0.7787553071975708,True,-0.5269216,-1.1240469,0.90886444,-0.44962335,-1.2346145,0.91463095,-0.60021514,-1.2158707,0.6943174,-0.20020005,-1.284597,0.8464334,0.0,0.0,0.2658378,0.14302847,-1.0193796,0.9952932,-0.6389317,-0.91816527,0.98454744,0.3222809,-0.43053162,0.98155564,-0.64101297,-0.23685631,0.8490418,-0.13964579,-0.36365333,0.96016806,-0.46869865,-0.16740894,0.8179189,0.30929643,-0.021803973,0.9959376,-0.30929643,0.021803973,0.9921319,0.66820276,0.71817625,0.9925269,-0.6728605,0.75802845,0.9827414,1.0445769,1.8013117,0.97947145,-0.6495404,1.8349,0.96262
196,6.818717948717949,1,536.6990966796875,490.08294677734375,103.26812594915278,0.7315394282341003,True,1.165707,-0.6663042,0.9780497,1.2340484,-0.7486083,0.7950217,1.1055424,-0.7646354,0.97254103,0.0,0.0,0.24974412,0.8053193,-0.90234345,0.92351925,1.0878876,-0.72283494,0.989363,0.26809797,-0.74730235,0.99841714,1.5290444,-0.27849016,0.9491233,0.3007066,-0.26100346,0.9956137,1.8315371,-0.0949301,0.9546369,0.91618997,-0.24589512,0.9907161,0.3039041,0.012206366,0.9981432,-0.3039038,-0.012206366,0.99918026,0.40087178,0.8390172,0.9962509,-0.49454919,0.8418548,0.9982828,0.4025917,1.8754191,0.9844854,-0.6825807,1.8259784,0.99023587
197,6.853507326007326,3,1206.7349853515625,447.44622802734375,74.58452631473182,0.7706028819084167,True,-0.54630107,-1.137494,0.9143226,-0.48263946,-1.2440989,0.91480535,-0.6282377,-1.2197047,0.7303554,-0.25127807,-1.2830378,0.82487327,-0.6877192,-1.222717,0.30267552,0.09033441,-1.0178955,0.9942631,-0.64837205,-0.9026763,0.9831372,0.24812748,-0.462285,0.97977465,-0.6414669,-0.23145266,0.86516386,-0.20179987,-0.34232116,0.9576313,-0.44661963,-0.10255747,0.8350749,0.30194122,-0.025964962,0.99494934,-0.30194122,0.025965372,0.99076545,0.6842413,0.7509806,0.99017227,-0.68340826,0.80125386,0.9790557,1.0296133,1.8482416,0.97212404,-0.743641,1.8998883,0.95242035
197,6.853507326007326,1,536.8570556640625,489.32818603515625,102.72317057991886,0.7593399882316589,True,1.1825054,-0.6731506,0.97683865,1.2493936,-0.7548111,0.784475,1.1217686,-0.7708968,0.9710571,0.0,0.0,0.23924196,0.81473535,-0.9036029,0.9224927,1.0982953,-0.7016818,0.98951435,0.2729094,-0.75427043,0.9983368,1.5407116,-0.23906213,0.9501321,0.2762641,-0.28329164,0.99539125,1.8577691,-0.0570856,0.9553657,0.8657771,-0.23576984,0.9904392,0.30308497,0.0175741,0.99821955,-0.30308467,-0.0175741,0.99919134,0.39144656,0.84848905,0.99651873,-0.48884937,0.8392675,0.9983626,0.37884182,1.8929132,0.9856206,-0.68423784,1.8498608,0.9907708
198,6.888296703296703,3,1203.8154296875,449.83929443359375,74.59539988277491,0.7734767198562622,True,-0.53732085,-1.1632636,0.9030939,-0.4585234,-1.2710619,0.91292167,-0.60556173,-1.2538596,0.6708294,-0.20180154,-1.3036997,0.85152113,0.0,0.0,0.24355285,0.1414041,-1.0125146,0.99508923,-0.62953055,-0.9270036,0.9828098,0.2994818,-0.41991013,0.98147273,-0.63552153,-0.2689505,0.8327233,-0.1586472,-0.3524515,0.9594744,-0.4549314,-0.2298009,0.80275196,0.30735305,-0.018168896,0.9957546,-0.3073547,0.018168896,0.99148506,0.67650926,0.71382356,0.9924332,-0.6807001,0.7474658,0.98181593,1.0794823,1.8006891,0.97953117,-0.6499794,1.8245319,0.96164113
198,6.888296703296703,1,535.9154663085938,488.0735473632813,103.09463850050086,0.737478494644165,True,1.1844277,-0.64889544,0.97614425,1.2518902,-0.7297624,0.78662384,1.1254556,-0.7473025,0.9698029,0.0,0.0,0.24240538,0.82359004,-0.8868126,0.9171696,1.1019787,-0.69580734,0.98914856,0.28235584,-0.74766743,0.99812895,1.5249844,-0.23942922,0.94878453,0.2733357,-0.2752059,0.9947213,1.8249205,-0.062949404,0.9534251,0.85257107,-0.22010593,0.98924035,0.30118242,0.017277518,0.99812764,-0.30118212,-0.017277518,0.9991122,0.40014088,0.8411496,0.99648356,-0.4761351,0.8321614,0.9982786,0.3848665,1.8979907,0.9859148,-0.67411417,1.8535246,0.9907162
199,6.9230860805860805,3,1203.80810546875,448.4913024902344,75.43387937731835,0.776455283164978,True,-0.5365817,-1.1595274,0.89028823,-0.46440163,-1.2644414,0.9005993,-0.599855,-1.2468263,0.64121974,-0.21445598,-1.297767,0.84013224,0.0,0.0,0.23325735,0.14162374,-1.0126828,0.9951131,-0.63013715,-0.92673796,0.9826454,0.31991845,-0.4273823,0.9830147,-0.6407269,-0.27708924,0.8431261,-0.13260041,-0.3308424,0.96242326,-0.45576182,-0.21422699,0.8139676,0.3054546,-0.018657932,0.9962734,-0.305453,0.018657932,0.99246806,0.686486,0.7168592,0.9931965,-0.6540467,0.7515996,0.9835639,1.0769776,1.7833134,0.98092043,-0.623203,1.808545,0.96408314
199,6.9230860805860805,1,535.2254638671875,487.4599609375,102.71504311167767,0.7417336106300354,True,1.2119943,-0.6418437,0.97138995,1.2735666,-0.7214131,0.74022716,1.1572472,-0.73882693,0.96526307,0.0,0.0,0.2006189,0.8452571,-0.87654626,0.91455364,1.1028429,-0.68615395,0.98783225,0.29380587,-0.74540937,0.9979678,1.5596792,-0.22277065,0.9460793,0.29673478,-0.27057374,0.9947561,1.8509852,-0.036615137,0.9518384,0.87953275,-0.215438,0.98940873,0.29861012,0.019475207,0.9981193,-0.29861072,-0.01947491,0.99912614,0.4041635,0.8475983,0.99655235,-0.4727369,0.83060724,0.9983436,0.3946792,1.9200512,0.986227,-0.68711835,1.8634905,0.99098295
200,6.957875457875458,3,1202.453125,447.6795959472656,75.86597673681311,0.7815672159194946,True,-0.5058713,-1.1649548,0.8646885,-0.43670407,-1.2682236,0.8729633,-0.56834006,-1.2516708,0.60198665,-0.19723116,-1.2979838,0.8047565,0.0,0.0,0.22652969,0.16305545,-1.0097208,0.9940369,-0.63178074,-0.9345777,0.9802658,0.33036518,-0.4047975,0.9810408,-0.6426449,-0.28011048,0.8452492,-0.14537387,-0.3121007,0.95895684,-0.4097931,-0.24047655,0.81547517,0.31304723,-0.016824778,0.9959611,-0.31304723,0.016824778,0.9921296,0.7075273,0.7048876,0.9926233,-0.6572565,0.7364941,0.98296666,1.0958512,1.7979668,0.9792845,-0.6175602,1.818078,0.9622443
200,6.957875457875458,1,535.4429931640625,486.8028564453125,102.29912108505684,0.7273881435394287,True,1.2175908,-0.6313452,0.96947384,1.2770066,-0.7105663,0.7247473,1.1647673,-0.72874933,0.9634813,0.0,0.0,0.18874767,0.8486853,-0.8741741,0.91226083,1.098786,-0.69098955,0.9869941,0.2848284,-0.7531752,0.99787354,1.5350145,-0.23568274,0.943579,0.2785703,-0.290429,0.9946784,1.8282889,-0.04865433,0.94981164,0.87858504,-0.22702797,0.98924494,0.30130506,0.019131375,0.99809045,-0.30130506,-0.019131673,0.9991229,0.40650898,0.8623035,0.9965402,-0.47902718,0.847075,0.99835396,0.40070432,1.9369998,0.98630166,-0.68705684,1.8847848,0.9910794
201,6.9926648351648355,3,1205.907470703125,445.40631103515625,76.78222699411874,0.7864432334899902,True,-0.5678728,-1.1526049,0.8711108,-0.5142162,-1.2528323,0.88225627,-0.63474405,-1.2315731,0.6069874,-0.28579333,-1.2848756,0.8097319,0.0,0.0,0.21774566,0.09855008,-1.0092611,0.9927942,-0.6358315,-0.9172198,0.9744393,0.2471383,-0.42013314,0.98023176,-0.63095707,-0.23981836,0.8268126,-0.26164865,-0.29525834,0.9573382,-0.41455644,-0.13322774,0.80165815,0.2986868,-0.01992051,0.99438536,-0.29868838,0.01992011,0.9886453,0.6783561,0.714785,0.989571,-0.68289983,0.75408584,0.97528404,1.022283,1.8240683,0.97013026,-0.7301256,1.8572743,0.94511956
201,6.9926648351648355,1,533.7440795898438,486.8114929199219,103.02871882503624,0.7222960591316223,True,1.2418234,-0.6124329,0.96542114,1.2957386,-0.69101506,0.68802685,1.192464,-0.7081561,0.96081734,0.0,0.0,0.17003922,0.87700546,-0.8552904,0.9149326,1.0990529,-0.6895693,0.9853558,0.298778,-0.74083936,0.99787796,1.5248256,-0.23258723,0.9371166,0.30416477,-0.26637203,0.9949149,1.8047295,-0.05908689,0.94480884,0.9179019,-0.21671571,0.9894136,0.29747057,0.016638996,0.9979309,-0.29747084,-0.016638996,0.9991066,0.41169474,0.8463113,0.9962398,-0.4649763,0.83763665,0.99831164,0.41726574,1.9187164,0.9853065,-0.65241194,1.8726737,0.9907631
202,7.027454212454212,3,1205.38720703125,445.3201904296875,76.6592222567718,0.7870986461639404,True,-0.57623315,-1.1604923,0.8772018,-0.5203614,-1.2602327,0.888453,-0.6411543,-1.2400434,0.61492395,-0.28532034,-1.2889695,0.8179838,0.0,0.0,0.21773149,0.09537696,-1.0075918,0.99312264,-0.631057,-0.91933405,0.97541463,0.23813666,-0.42193508,0.98077375,-0.63502204,-0.246255,0.82858235,-0.26599845,-0.29455853,0.9583771,-0.4402044,-0.12816398,0.8038072,0.2963778,-0.01889195,0.9945615,-0.29637623,0.018891552,0.98895776,0.6767009,0.721676,0.98989034,-0.67867863,0.759432,0.9758931,1.0267609,1.8234888,0.97101015,-0.72661394,1.8543475,0.9464864
202,7.027454212454212,1,537.2162475585938,488.14886474609375,101.74944543030183,0.7351053357124329,True,1.2331442,-0.6350603,0.9641401,1.282975,-0.7139937,0.6771944,1.1831402,-0.7276591,0.9590965,0.0,0.0,0.17053394,0.8640814,-0.86671084,0.9173422,1.0994288,-0.70203286,0.9864028,0.2750826,-0.7507977,0.99799794,1.5611439,-0.23745805,0.9414018,0.25939873,-0.27222967,0.9951775,1.847905,-0.06301502,0.947422,0.863139,-0.2301008,0.98979187,0.30481392,0.016223144,0.99806386,-0.30481392,-0.016223444,0.9991586,0.4083955,0.8551585,0.99626595,-0.48944944,0.8485445,0.9983139,0.40870622,1.9139254,0.9848696,-0.6907187,1.8735423,0.99044853
203,7.06224358974359,3,1204.274169921875,445.40277099609375,76.92408166187148,0.7898834943771362,True,-0.53604144,-1.1779755,0.9195911,-0.4733925,-1.279059,0.9213897,-0.6109825,-1.2582453,0.73379964,-0.24435619,-1.3025185,0.8395343,0.0,0.0,0.29897922,0.10869109,-1.010736,0.99486333,-0.63411146,-0.9190132,0.9837463,0.2646351,-0.4325768,0.98178977,-0.6307108,-0.26034015,0.86301947,-0.2303344,-0.3064295,0.9604951,-0.4274329,-0.15994337,0.83379024,0.30059728,-0.020695867,0.9951709,-0.30059567,0.020695867,0.9908025,0.68612826,0.7159646,0.99033713,-0.6624899,0.7569148,0.9785341,1.0330533,1.8054783,0.97175884,-0.699044,1.8413088,0.95034117
203,7.06224358974359,1,534.62451171875,489.667236328125,106.93524212609682,0.7694075107574463,True,1.15965,-0.6220341,0.96272653,1.206773,-0.6910818,0.6684866,1.1195073,-0.71458316,0.94885963,0.0,0.0,0.14985415,0.84013486,-0.87129307,0.87860465,1.1068859,-0.6717337,0.98891616,0.28898013,-0.76059186,0.99702126,1.5873374,-0.2124308,0.96121037,0.24165381,-0.2442959,0.99374723,1.8820372,-0.017136436,0.9660306,0.8479675,-0.19511172,0.98963135,0.2924721,0.028959598,0.9985185,-0.29247153,-0.028959885,0.99918395,0.4104303,0.7984552,0.9973068,-0.4825636,0.76246256,0.9984768,0.49379033,1.8198527,0.9883463,-0.5961435,1.7490758,0.9913366
204,7.097032967032967,3,1203.88232421875,445.0211181640625,76.73075736962733,0.7904621958732605,True,-0.53344184,-1.1710036,0.91391116,-0.47132072,-1.2723497,0.91594857,-0.60765374,-1.2515341,0.72032815,-0.24126348,-1.2983273,0.83182985,0.0,0.0,0.28896055,0.11577395,-1.011391,0.9945926,-0.632758,-0.9206362,0.9829087,0.27754217,-0.4315321,0.98154366,-0.6334262,-0.26072884,0.8620709,-0.21335605,-0.31070033,0.96023434,-0.43208456,-0.1635683,0.83334863,0.30278483,-0.02034989,0.9951871,-0.30278644,0.020350287,0.9908454,0.69253737,0.72282714,0.9905325,-0.6622611,0.76353365,0.9789949,1.0369002,1.8263745,0.9723903,-0.7037118,1.8616334,0.95146066
204,7.097032967032967,1,536.0343017578125,488.71734619140625,102.64370811561486,0.7297912836074829,True,1.19734,-0.6346945,0.9662553,1.2540417,-0.7115848,0.71321326,1.1488329,-0.730767,0.95823485,0.0,0.0,0.19185281,0.84557873,-0.8773808,0.902211,1.0890772,-0.6986016,0.9866937,0.28080508,-0.7585943,0.9977144,1.5180275,-0.24527617,0.9451891,0.23025966,-0.2830439,0.9944231,1.8034542,-0.06003843,0.9510805,0.7985053,-0.19672453,0.9889234,0.29843888,0.01867707,0.9981192,-0.29843828,-0.01867707,0.999114,0.40985078,0.8479751,0.99660707,-0.48066095,0.8315597,0.99834645,0.4212671,1.9143338,0.98656243,-0.6833526,1.8613659,0.9911417
205,7.1318223443223445,3,1204.32568359375,445.4423828125,77.12568877788692,0.7954369187355042,True,-0.5411548,-1.1753517,0.9210954,-0.48042172,-1.2762731,0.9212305,-0.61577016,-1.2548997,0.73847795,-0.25201893,-1.3003558,0.8370733,-0.65941596,-1.2484864,0.30479476,0.109223664,-1.0096858,0.9950104,-0.63702804,-0.9194135,0.9848061,0.26972985,-0.42780137,0.9820358,-0.6423223,-0.26447237,0.87235266,-0.2303559,-0.30437693,0.9612071,-0.44520882,-0.17369798,0.8432224,0.30107296,-0.020299103,0.99542516,-0.30107453,0.020299103,0.99147063,0.68939155,0.7059633,0.99083745,-0.65642613,0.74591416,0.9801063,1.0226877,1.800216,0.9731684,-0.7011862,1.8344499,0.9535496
205,7.1318223443223445,1,534.9097900390625,487.64788818359375,102.22282420857174,0.73763108253479,True,1.1943197,-0.58420473,0.9660672,1.2525761,-0.6609751,0.7211666,1.1491643,-0.684675,0.9558567,0.0,0.0,0.20226517,0.8562616,-0.85244626,0.8949414,1.1041434,-0.69069535,0.98768127,0.28652653,-0.7466763,0.9976203,1.5371442,-0.2463592,0.9501901,0.23555863,-0.2491589,0.9940872,1.8281232,-0.039387546,0.9545822,0.81767774,-0.13293588,0.9884664,0.3018816,0.018129723,0.9983082,-0.3018819,-0.018129425,0.9991524,0.42429784,0.85747904,0.9970355,-0.49456814,0.8414606,0.9984699,0.44366533,1.9471253,0.9882079,-0.68680775,1.8821995,0.9919384
206,7.166611721611722,3,1204.9261474609375,445.3153076171875,77.55647835624109,0.795107364654541,True,-0.5567153,-1.1803906,0.926358,-0.4959009,-1.281386,0.92663246,-0.63175356,-1.259739,0.74648106,-0.2647579,-1.3028214,0.8462863,-0.67016906,-1.2501475,0.30602723,0.100208916,-1.0071262,0.9952615,-0.6378149,-0.91926414,0.9856119,0.25004774,-0.41598734,0.9823757,-0.6443893,-0.2639009,0.87409204,-0.26763195,-0.29854167,0.96173006,-0.45813704,-0.1872824,0.84509134,0.29906222,-0.019329727,0.99545896,-0.29906222,0.019329334,0.9915461,0.6767891,0.6926376,0.99090284,-0.6704177,0.73025984,0.9802265,1.0094064,1.7923352,0.97334576,-0.71911275,1.8234459,0.9538555
206,7.166611721611722,1,535.7901000976562,486.8204956054687,100.70554653823118,0.7622742056846619,True,1.2086289,-0.59517455,0.959175,1.262732,-0.67252976,0.6814422,1.1642642,-0.694457,0.94561815,0.0,0.0,0.18527924,0.8574355,-0.85740006,0.8807063,1.1142975,-0.6965952,0.98757243,0.26357552,-0.7530484,0.997292,1.5828253,-0.23246478,0.95444995,0.2241679,-0.24548146,0.9937204,1.903212,-0.007040778,0.9582006,0.8361465,-0.13314871,0.98820484,0.31303856,0.017173147,0.99841917,-0.31303826,-0.017172843,0.99915576,0.42664498,0.8691685,0.99718696,-0.5006219,0.85898405,0.9984559,0.44571576,1.9679717,0.98844236,-0.6880298,1.9105036,0.9917542
207,7.201401098901099,3,1204.2103271484375,445.39849853515625,77.81243103246429,0.7997568249702454,True,-0.5354924,-1.1770746,0.92505413,-0.47470862,-1.2781179,0.9232105,-0.6122464,-1.2562033,0.7496857,-0.25013512,-1.3006417,0.8352633,-0.658232,-1.2473601,0.31347567,0.10623127,-1.0093268,0.9949485,-0.6311125,-0.920569,0.985496,0.2504944,-0.41560575,0.981219,-0.6426587,-0.2637333,0.8776833,-0.2689432,-0.30717036,0.95995677,-0.46344167,-0.19438945,0.8483067,0.2985319,-0.019391254,0.99522805,-0.2985319,0.019390862,0.99138194,0.66833645,0.6804082,0.99047524,-0.67293763,0.71802706,0.97997034,1.0000339,1.7938206,0.9723475,-0.7195052,1.8255264,0.9532338
207,7.201401098901099,1,534.1395874023438,486.1566162109375,101.2294601146196,0.7316437363624573,True,1.213826,-0.5936866,0.9603956,1.2660006,-0.6734397,0.67896813,1.167305,-0.69224685,0.9487421,0.0,0.0,0.18363443,0.85986835,-0.85386544,0.89108187,1.1090683,-0.70232224,0.9878257,0.2777859,-0.738731,0.9975453,1.5734565,-0.22847487,0.9528675,0.30499834,-0.20750044,0.9941466,1.8804861,-0.025066873,0.9563425,0.9338899,-0.13644472,0.98855025,0.3086829,0.013241136,0.99844426,-0.3086832,-0.013240835,0.99920076,0.44331065,0.86500776,0.9972247,-0.48602223,0.86760825,0.99853265,0.46927622,1.9626877,0.98862445,-0.65783626,1.915576,0.992065
208,7.236190476190476,3,1204.4283447265625,445.0308532714844,77.83009066523948,0.8010858297348022,True,-0.53740674,-1.1787018,0.9337561,-0.4736332,-1.2809161,0.93252504,-0.61711544,-1.2587124,0.77149296,-0.24583423,-1.3028489,0.8479167,-0.66738176,-1.2485784,0.32575083,0.10577742,-1.0098201,0.9953389,-0.6320719,-0.9196912,0.9864893,0.24940866,-0.41421556,0.9817187,-0.6406841,-0.26138237,0.8782427,-0.27304164,-0.3083895,0.96082824,-0.46845114,-0.19521111,0.8489064,0.2992766,-0.019499388,0.9953067,-0.2992766,0.019499388,0.99147415,0.65942204,0.6842376,0.9906266,-0.6801895,0.7220334,0.980121,0.9941826,1.8053254,0.972726,-0.72313756,1.8375579,0.95358825
208,7.236190476190476,1,535.3818969726562,485.6844482421875,101.0766241498541,0.7389077544212341,True,1.1940169,-0.6129619,0.95313686,1.2443581,-0.6903435,0.65076345,1.1502467,-0.7101489,0.93682253,0.0,0.0,0.17868175,0.8469508,-0.8663357,0.8725369,1.1007009,-0.70161194,0.987603,0.26294482,-0.7614233,0.99711835,1.5682006,-0.21538919,0.9554109,0.25301027,-0.24267991,0.9933694,1.8751836,-0.0044817775,0.9578274,0.8636751,-0.14184928,0.987472,0.30960134,0.017892389,0.99851555,-0.30960134,-0.01789269,0.9991819,0.43528855,0.8753143,0.9973883,-0.4879709,0.86406577,0.9985252,0.46122694,1.9670069,0.9892641,-0.66996866,1.9160051,0.9921908
209,7.270979853479853,3,1204.4013671875,444.8223876953125,77.74577046041887,0.800316572189331,True,-0.533543,-1.1792889,0.9380044,-0.46794963,-1.2823269,0.93620706,-0.61567295,-1.2596214,0.7866604,-0.23991773,-1.3040661,0.8501632,-0.67306244,-1.248386,0.34024146,0.106441684,-1.0110865,0.9954631,-0.63742226,-0.9171402,0.98714966,0.25295916,-0.42002755,0.98155963,-0.64594173,-0.25961724,0.8815809,-0.2669301,-0.31801164,0.96060634,-0.47494766,-0.19325645,0.85168314,0.30132517,-0.020482237,0.9952932,-0.30132517,0.020482237,0.9915593,0.658465,0.6855622,0.9905008,-0.6832431,0.7249671,0.98012733,0.9959187,1.8081771,0.97236234,-0.72085536,1.8433251,0.9534222
209,7.270979853479853,1,536.1174926757812,487.3673400878906,103.27271701918052,0.7594138979911804,True,1.14025,-0.60363555,0.94887173,1.1818293,-0.6732,0.6057163,1.1059809,-0.7016565,0.92417604,0.0,0.0,0.137492,0.82446533,-0.88168275,0.8419576,1.0891513,-0.6957609,0.9891111,0.25082383,-0.78898346,0.9962574,1.5648335,-0.20279899,0.9672396,0.20672922,-0.22004436,0.9927468,1.8978574,0.0077475435,0.97012234,0.83100075,-0.14537682,0.9886052,0.3011489,0.027641514,0.99881965,-0.3011492,-0.027641514,0.9992606,0.42993814,0.8359862,0.99796593,-0.5054325,0.8050894,0.99869835,0.50773096,1.903386,0.99103534,-0.6280126,1.8304063,0.99277884
210,7.305769230769231,1,536.5882568359375,487.558349609375,103.70260718588828,0.8069707751274109,True,1.140776,-0.6344792,0.9494822,1.1802001,-0.7046311,0.603975,1.1046062,-0.7286814,0.92522764,0.0,0.0,0.14182039,0.8235172,-0.8920008,0.85254145,1.0824474,-0.69820315,0.99008876,0.25509405,-0.7887342,0.9966217,1.5655724,-0.20392646,0.9690298,0.18061243,-0.22135194,0.99322426,1.8880495,0.015028573,0.97116125,0.80449903,-0.1261701,0.98909163,0.29579705,0.027255602,0.99890673,-0.29579678,-0.027255896,0.99931836,0.40729555,0.8395466,0.9980421,-0.506188,0.8097037,0.9987514,0.4942923,1.8956678,0.991121,-0.6366722,1.8337225,0.99285674
210,7.305769230769231,3,1203.921142578125,444.9585876464844,77.8089661436385,0.8021244406700134,True,-0.5259291,-1.1815872,0.93542355,-0.46074665,-1.2846091,0.9337188,-0.6082088,-1.26188,0.7805861,-0.23438407,-1.3060328,0.8466769,-0.66666555,-1.2504263,0.33677292,0.11314049,-1.0117435,0.9953674,-0.6367163,-0.9185074,0.98673147,0.2586149,-0.41785714,0.9815669,-0.6445417,-0.2596272,0.8798718,-0.26248994,-0.3084964,0.96054757,-0.46167225,-0.1916891,0.85006726,0.30325958,-0.020518158,0.99526334,-0.30326113,0.020518158,0.9914486,0.66955066,0.679698,0.990446,-0.67797065,0.71936154,0.9799044,1.0049245,1.8027993,0.9721966,-0.71459067,1.8379337,0.9529541
211,7.340558608058608,1,538.5628662109375,488.3770751953125,103.53285268064248,0.8118221759796143,True,1.0736102,-0.6266628,0.956281,1.1220073,-0.6949044,0.6542675,1.0364377,-0.7272887,0.9315375,0.0,0.0,0.16199926,0.76927114,-0.91119385,0.8417917,1.0701851,-0.7155451,0.99014705,0.21076798,-0.8204103,0.996788,1.5468363,-0.22659731,0.96951216,0.090489656,-0.25739908,0.9936144,1.8527235,0.0060051917,0.9725671,0.73580676,-0.13633285,0.98988056,0.3056885,0.030682394,0.998926,-0.30568793,-0.030682098,0.9993457,0.39140537,0.86243904,0.99809307,-0.5315162,0.8136105,0.99881065,0.46903104,1.9221936,0.9913634,-0.6732435,1.8257303,0.9932273
211,7.340558608058608,3,1204.561279296875,445.740966796875,78.43533411379835,0.8038718104362488,True,-0.53660595,-1.1782303,0.93590134,-0.47148183,-1.2801979,0.9355202,-0.61573225,-1.2583807,0.7739821,-0.24307194,-1.3026443,0.85479885,-0.6673631,-1.248928,0.32362884,0.10498298,-1.0102938,0.99551517,-0.63230395,-0.9189372,0.9866153,0.24886145,-0.4197222,0.9823302,-0.6407392,-0.2654226,0.87643605,-0.28078,-0.31602398,0.9617056,-0.48191229,-0.1987453,0.84699106,0.29861227,-0.019653572,0.9953176,-0.29861382,0.019653961,0.9913639,0.65125364,0.6754925,0.9904943,-0.6849791,0.713057,0.9794685,0.995133,1.7834399,0.9721006,-0.716826,1.8154728,0.95192707
212,7.375347985347985,1,537.2085571289062,488.41351318359375,104.24580441466674,0.8217194676399231,True,1.0908232,-0.6626489,0.95974433,1.136371,-0.73357785,0.65276885,1.0516543,-0.76181585,0.9404969,0.0,0.0,0.15286349,0.77406293,-0.9326404,0.8685397,1.0630088,-0.7218428,0.99063545,0.21573064,-0.81595606,0.9971904,1.5741978,-0.21957996,0.9683848,0.11077053,-0.23119262,0.9941525,1.8679254,0.013842803,0.9713746,0.78215617,-0.13379064,0.99040246,0.3017758,0.028450554,0.99889225,-0.3017758,-0.028450554,0.99935526,0.39827496,0.8604582,0.9979492,-0.5169315,0.81721723,0.99877566,0.4927249,1.9119703,0.9905434,-0.66360795,1.8180718,0.9927383
212,7.375347985347985,3,1204.16455078125,445.6129760742187,78.36806494253867,0.804598331451416,True,-0.52396667,-1.1817697,0.93997115,-0.45796424,-1.2842603,0.93799025,-0.6061002,-1.2620777,0.79159933,-0.2336247,-1.3053528,0.8534615,-0.6655418,-1.2507551,0.3459894,0.10697499,-1.0114707,0.9956677,-0.63312393,-0.91808,0.9876204,0.2524365,-0.42054743,0.9822202,-0.6383935,-0.2623712,0.8836264,-0.27390873,-0.31445253,0.9616501,-0.47275728,-0.19463195,0.85361713,0.29969415,-0.02048042,0.9953934,-0.2996957,0.02048042,0.9916888,0.65786886,0.6725104,0.9905275,-0.6814673,0.7117329,0.98004854,1.0023128,1.7845027,0.9721448,-0.7116188,1.8190297,0.9528341
213,7.410137362637363,1,538.461669921875,487.7691650390625,103.15725510378633,0.8693456053733826,True,1.0957001,-0.7318219,0.96680284,1.1519349,-0.8022801,0.7247418,1.0515934,-0.83111405,0.9440673,0.0,0.0,0.18931231,0.7556023,-0.9717309,0.8577121,1.0792185,-0.6949975,0.99357635,0.20988464,-0.83412445,0.9963331,1.6147814,-0.17775306,0.97771865,0.076564,-0.27627277,0.9907189,1.8900604,0.05471655,0.9769313,0.68071276,-0.12206912,0.9863708,0.30763343,0.038030542,0.9989981,-0.30763403,-0.038030244,0.99918824,0.40094882,0.8654549,0.998135,-0.52529824,0.79482657,0.9984724,0.49965432,1.9302255,0.99113363,-0.70121294,1.8231436,0.99154526
213,7.410137362637363,3,1204.18310546875,445.487060546875,78.33880420055479,0.8066363334655762,True,-0.5190436,-1.1820062,0.94246453,-0.45334372,-1.2844777,0.9387987,-0.6026866,-1.261913,0.80360395,-0.23261185,-1.3049487,0.85034025,-0.6675263,-1.2495483,0.364863,0.105590716,-1.0110791,0.99575657,-0.63813955,-0.9167151,0.9884892,0.25562856,-0.4218767,0.9820384,-0.6433004,-0.26427013,0.8917475,-0.26992068,-0.31520924,0.9615011,-0.4739015,-0.19892435,0.8613863,0.30019563,-0.02092204,0.9954566,-0.30019563,0.02092204,0.99203014,0.654635,0.66758513,0.990449,-0.67994857,0.7073011,0.98050725,0.99588704,1.7770048,0.9717639,-0.70610666,1.8125942,0.9532444
214,7.44492673992674,1,538.5274658203125,488.0921630859375,102.2627748705839,0.8650785684585571,True,1.0800613,-0.7648767,0.9666422,1.147659,-0.8374216,0.7551958,1.0340971,-0.86642385,0.9451033,0.0,0.0,0.24449871,0.73623735,-0.99212474,0.8589273,1.0731773,-0.7291549,0.99257797,0.17033635,-0.8372658,0.99695456,1.5677534,-0.2080057,0.97247183,0.058752354,-0.30453455,0.9915781,1.7977368,0.056823943,0.9710017,0.6506675,-0.115544364,0.985699,0.32750267,0.029477939,0.9988986,-0.32750267,-0.029478237,0.9991903,0.41819468,0.8755562,0.99795306,-0.5538465,0.8185663,0.9984774,0.43768767,1.9607296,0.990875,-0.78432226,1.8464645,0.9920562
214,7.44492673992674,3,1204.089111328125,445.55377197265625,78.4509264591014,0.808508574962616,True,-0.51654196,-1.1798742,0.942824,-0.45062163,-1.2819277,0.9389981,-0.59966856,-1.2600565,0.804793,-0.23059113,-1.3028876,0.85056484,-0.66440475,-1.2493678,0.366897,0.10478317,-1.0102822,0.9957783,-0.63520783,-0.91809833,0.98856086,0.258355,-0.42148226,0.9820603,-0.6356886,-0.26661116,0.89217687,-0.26117292,-0.31700018,0.96149915,-0.46392706,-0.20366985,0.86161757,0.2987381,-0.020542037,0.9954417,-0.2987365,0.020541647,0.99201125,0.6541071,0.6650933,0.99037105,-0.6766443,0.7042331,0.98037714,0.99626404,1.7721661,0.9714987,-0.70311826,1.8065524,0.95285547
215,7.479716117216117,1,538.9276123046875,489.6190185546875,106.21630478817156,0.855595052242279,True,1.0482678,-0.8480921,0.9519258,1.0964518,-0.9135974,0.65591174,1.009852,-0.9394009,0.9182033,0.0,0.0,0.19013567,0.73701507,-1.0318532,0.8415899,1.0440317,-0.7095506,0.9934615,0.19392754,-0.86126345,0.99576795,1.555938,-0.17769882,0.9774097,0.020122996,-0.33616158,0.9890121,1.785503,0.0713361,0.9741892,0.5519984,-0.16853116,0.98315215,0.30219546,0.040807977,0.99896216,-0.30219546,-0.040808264,0.99910873,0.40107387,0.8332928,0.9979087,-0.55432475,0.7588068,0.9981881,0.47602987,1.8550155,0.9899504,-0.76793,1.7582604,0.9900511
215,7.479716117216117,3,1203.19189453125,446.2388916015625,78.98951727018103,0.8098760843276978,True,-0.49985617,-1.1761564,0.94090074,-0.4344997,-1.2775581,0.93653816,-0.58180094,-1.255909,0.8017166,-0.21788116,-1.3010585,0.8458608,-0.6482516,-1.2479478,0.36785275,0.11528521,-1.0129182,0.99569064,-0.6290067,-0.9199787,0.98832756,0.27353096,-0.43019113,0.9819307,-0.6275278,-0.27317438,0.8921524,-0.2433076,-0.32591227,0.9612157,-0.4455153,-0.21097554,0.86128813,0.29899913,-0.020896884,0.99540436,-0.2989976,0.020896884,0.9919518,0.6628973,0.6581607,0.990171,-0.6625527,0.6978747,0.9800409,0.99979734,1.752093,0.97079337,-0.6855853,1.7873427,0.95180494
216,7.514505494505494,1,543.71435546875,486.163330078125,101.51161449965896,0.8798219561576843,True,1.0076684,-0.8869486,0.96631926,1.0608747,-0.9593905,0.7227754,0.9613434,-0.98858213,0.9492254,0.0,0.0,0.21792415,0.67289484,-1.0930399,0.8882479,1.0110908,-0.7581945,0.9925511,0.13019745,-0.8842008,0.99708647,1.5602847,-0.28061447,0.9696212,-0.06114121,-0.39136586,0.99201375,1.7894326,0.05276081,0.9696591,0.44393697,-0.15699813,0.9869446,0.31337455,0.0356158,0.9986547,-0.31337455,-0.0356158,0.99909925,0.3830976,0.9047225,0.99718755,-0.63506997,0.84387654,0.9980617,0.43718058,1.9932932,0.988326,-0.922522,1.889793,0.99008906
216,7.514505494505494,3,1203.442626953125,446.9685668945313,79.62460665855032,0.8088366389274597,True,-0.49412927,-1.1840024,0.942638,-0.42912546,-1.2846874,0.93693954,-0.5765933,-1.2631102,0.80947864,-0.21656646,-1.3047472,0.8434622,-0.6471407,-1.2518804,0.3812242,0.10962543,-1.012048,0.99581426,-0.62771356,-0.91968346,0.9891481,0.26739088,-0.43529722,0.9820295,-0.62610996,-0.28198227,0.89938587,-0.24903233,-0.3286517,0.96156377,-0.4561382,-0.21819994,0.8685857,0.296159,-0.020874318,0.9956241,-0.29616052,0.020874318,0.9925079,0.6507955,0.660767,0.99051404,-0.663635,0.70026815,0.9811787,0.9892673,1.7385696,0.971611,-0.68476075,1.7739161,0.9539014
217,7.549294871794872,1,541.3016357421875,489.2738037109375,106.56735398880087,0.8429772853851318,True,0.9718359,-0.94189173,0.9332987,1.0063411,-1.0083746,0.53800285,0.9384567,-1.0310687,0.9103832,0.0,0.0,0.16590473,0.69486505,-1.0991005,0.87257856,0.9321795,-0.787658,0.98818624,0.1861438,-0.87045926,0.99738806,1.4687828,-0.32009917,0.9583802,0.09281732,-0.36129963,0.99471456,1.7250692,-0.0101051,0.9619224,0.6171382,-0.17996426,0.99007285,0.2745671,0.027985688,0.99862504,-0.2745665,-0.027985688,0.99931896,0.3785339,0.8388817,0.99698454,-0.6103372,0.798223,0.9984487,0.43769085,1.8468195,0.9877412,-0.9209318,1.7631528,0.9915104
217,7.549294871794872,3,1202.4681396484375,446.1065673828125,78.80013654111652,0.8085873126983643,True,-0.48861036,-1.1637939,0.9372096,-0.42564356,-1.2656903,0.93028635,-0.5714476,-1.2430961,0.79943085,-0.21437399,-1.2949581,0.8307148,-0.642397,-1.2395735,0.37895817,0.122514695,-1.015698,0.99556017,-0.6361928,-0.9172108,0.988552,0.2983948,-0.4374602,0.9816798,-0.62557983,-0.26700124,0.8997353,-0.21125409,-0.33531478,0.9611173,-0.41681826,-0.20593172,0.86901486,0.30296776,-0.022660812,0.9956043,-0.30296776,0.022660425,0.99250925,0.67680126,0.6672831,0.99047273,-0.6537257,0.71019894,0.9812856,1.0022125,1.7547104,0.97142607,-0.67865866,1.794673,0.9539059
218,7.584084249084249,1,532.262939453125,488.6872253417969,111.25170722784388,0.8424452543258667,True,0.98890907,-0.91880065,0.9442932,1.0148742,-0.9803805,0.5834704,0.9595671,-1.0049856,0.9257331,0.0,0.0,0.1818772,0.7232997,-1.0864393,0.89759433,0.9322106,-0.7716517,0.9908703,0.22393222,-0.8603211,0.9978053,1.4120992,-0.29292694,0.961201,0.07828125,-0.3038374,0.99489874,1.7382737,0.021723244,0.95588523,0.6434263,-0.21761209,0.9890794,0.25701138,0.029771533,0.99878556,-0.25701168,-0.029771533,0.99939203,0.38335252,0.8207566,0.9969938,-0.5327733,0.777483,0.9984586,0.37506008,1.7384584,0.985274,-0.86081016,1.6625658,0.9898085
218,7.584084249084249,3,1202.4200439453125,446.1710205078125,78.86151462927036,0.8084596395492554,True,-0.48610634,-1.1717937,0.9396499,-0.42217624,-1.2735399,0.93338174,-0.5695958,-1.2511289,0.80626464,-0.21115158,-1.2996191,0.83540034,-0.6430533,-1.244721,0.38438538,0.12231718,-1.015517,0.9956434,-0.6357441,-0.91745895,0.9886624,0.29862073,-0.43986648,0.98169714,-0.625384,-0.2704647,0.8982591,-0.20941482,-0.33844024,0.9609405,-0.41987914,-0.21098673,0.8669462,0.30308488,-0.022653623,0.9955271,-0.30308488,0.02265401,0.99233854,0.6783115,0.67008555,0.99024427,-0.6568049,0.71317196,0.98072195,1.0102324,1.7575264,0.97071505,-0.6799446,1.797714,0.9525697
219,7.618873626373627,1,535.407958984375,491.1329956054687,113.13548253981423,0.8867745399475098,True,0.88519293,-0.94701844,0.9773852,0.93729985,-1.022656,0.76953346,0.83458257,-1.0343226,0.96906316,0.0,0.0,0.24921098,0.59072834,-1.1139671,0.93162894,0.8873018,-0.850246,0.99325246,0.14692397,-0.8615887,0.99897265,1.3898542,-0.39697364,0.963779,0.12302522,-0.33881772,0.9969676,1.6428888,-0.051891666,0.9632418,0.6016033,-0.22726253,0.99278474,0.27990383,0.012886194,0.999042,-0.27990353,-0.0128859235,0.99958557,0.39633328,0.7840725,0.9977277,-0.6118301,0.7817608,0.9989843,0.40340918,1.7374501,0.9893602,-0.944123,1.6593691,0.99339515
219,7.618873626373627,3,1199.0546875,448.7746276855469,80.77034637688156,0.8072862029075623,True,-0.41557986,-1.1497095,0.91485834,-0.36107236,-1.2459298,0.911121,-0.48737842,-1.2244682,0.75445116,-0.16119348,-1.2843572,0.8190628,-0.5696867,-1.2273855,0.3603972,0.16479346,-1.0282328,0.9954722,-0.5908876,-0.92585105,0.98812664,0.3420236,-0.48773205,0.9837315,-0.5671129,-0.3000579,0.89944404,-0.2019086,-0.37851647,0.9645556,-0.39820868,-0.18297811,0.8645456,0.30338356,-0.023240792,0.9966029,-0.30338505,0.023240792,0.9938578,0.72643995,0.6516599,0.9928141,-0.65611947,0.69574374,0.9847179,1.0392601,1.697279,0.9784877,-0.73546404,1.7388269,0.9634353
220,7.653663003663004,1,532.3008422851562,489.501953125,115.74482160941358,0.8796882033348083,True,0.87609434,-1.0022967,0.97881716,0.9097482,-1.0780543,0.772197,0.82171816,-1.08998,0.97124386,0.0,0.0,0.23659721,0.56484854,-1.1653814,0.9393138,0.86908615,-0.8555922,0.9945821,0.1453113,-0.8680658,0.99873966,1.4042385,-0.37074518,0.96774685,0.058566842,-0.23782575,0.99604625,1.726636,-0.11070928,0.9625477,0.6043341,-0.2661418,0.9912177,0.261114,0.014751394,0.9989416,-0.261114,-0.014751658,0.99947983,0.36546904,0.7701795,0.99718755,-0.54337984,0.76777226,0.9985876,0.32590857,1.6694471,0.98541427,-0.9199063,1.6154343,0.9899671
220,7.653663003663004,3,1199.730712890625,448.658203125,80.89735152526096,0.8037098050117493,True,-0.4165118,-1.1451268,0.9133966,-0.36368486,-1.241579,0.907961,-0.4908534,-1.2192587,0.7575071,-0.17001376,-1.2810634,0.80958265,-0.5766962,-1.2221249,0.37077484,0.15206777,-1.0276511,0.99529207,-0.5977265,-0.9220635,0.98808295,0.32648766,-0.48960888,0.9831213,-0.56873953,-0.29415268,0.9016054,-0.21039334,-0.38127887,0.96351385,-0.39329958,-0.179198,0.866403,0.30177253,-0.024355259,0.9964898,-0.30177101,0.02435488,0.9937686,0.72618216,0.6472843,0.992531,-0.6582521,0.6934869,0.9844499,1.0399343,1.6906348,0.97771466,-0.7416716,1.7347672,0.9627075
221,7.688452380952381,1,532.0291748046875,491.1444091796875,117.23173559447558,0.8789222240447998,True,0.7996143,-1.0701653,0.982882,0.84536475,-1.147225,0.8267247,0.73868155,-1.1547287,0.97633296,0.8351342,-1.1747235,0.3119145,0.47688666,-1.2030792,0.9456995,0.84173435,-0.90168256,0.99540895,0.069572695,-0.8786319,0.9990295,1.4491472,-0.4856966,0.97076946,0.078901984,-0.30773202,0.9964414,1.7994728,-0.22830106,0.96539,0.578378,-0.264767,0.99141604,0.2844869,0.007054108,0.99911994,-0.2844874,-0.007054108,0.99955565,0.37830773,0.73863006,0.99757844,-0.62012166,0.7463818,0.9987562,0.3622841,1.6626942,0.9874981,-0.9755453,1.6016948,0.9914403
221,7.688452380952381,3,1199.615966796875,448.0124816894531,80.97798790669124,0.8043456077575684,True,-0.41326153,-1.1378813,0.90909934,-0.361559,-1.2336829,0.9019861,-0.4866608,-1.21178,0.7515507,-0.1712298,-1.2746915,0.7980245,-0.57236844,-1.2169656,0.369527,0.14661615,-1.0277305,0.995053,-0.5947812,-0.9214099,0.98781306,0.32392702,-0.49616754,0.9827595,-0.57092124,-0.2915805,0.90422845,-0.1940119,-0.3857125,0.963148,-0.40346915,-0.16152032,0.869479,0.2983109,-0.02471126,0.9964675,-0.2983094,0.02471126,0.99382013,0.7245124,0.64310706,0.9924994,-0.64664656,0.6902499,0.9846555,1.0369692,1.6913124,0.97764677,-0.73256516,1.7368374,0.96305877
222,7.723241758241758,1,531.9788818359375,486.8753662109375,116.29010429197578,0.8877623677253723,True,0.7788901,-1.1055688,0.9744129,0.81453806,-1.1838763,0.747467,0.7141501,-1.1848258,0.96636456,0.0,0.0,0.24282649,0.43692872,-1.2162728,0.937684,0.79420424,-0.9407533,0.99409616,0.038079627,-0.87784576,0.9988531,1.3932835,-0.5677745,0.96667016,0.113265276,-0.30385184,0.9963965,1.7642099,-0.33712327,0.9616435,0.6358158,-0.26487157,0.99128073,0.28404495,-0.0027743706,0.9991387,-0.28404522,0.002774108,0.9995852,0.3877616,0.7750539,0.9976801,-0.6351259,0.81313986,0.99885774,0.3727891,1.7208755,0.98805386,-1.0023288,1.6945567,0.99200857
222,7.723241758241758,3,1202.553955078125,447.8905334472656,80.49131775460475,0.7986854910850525,True,-0.4631453,-1.1583349,0.93412936,-0.40171075,-1.2592884,0.924307,-0.5474966,-1.2366488,0.80172944,-0.20300436,-1.2901782,0.81315976,-0.62767744,-1.2348942,0.3956692,0.117072746,-1.0185311,0.99520016,-0.63074696,-0.91437835,0.9882516,0.2945624,-0.45503774,0.9804109,-0.6050275,-0.26149145,0.90241045,-0.18818448,-0.35832903,0.9588176,-0.37267914,-0.19113268,0.870106,0.29818702,-0.024761714,0.99518424,-0.2981855,0.024761714,0.9920122,0.6781593,0.6203907,0.9892854,-0.63782173,0.6669959,0.9796708,0.99579626,1.6904775,0.96810615,-0.66261756,1.736465,0.9498582
223,7.758031135531136,1,533.8200073242188,487.1544494628906,117.98755112894366,0.8992909789085388,True,0.6679523,-1.1476583,0.97673094,0.7109385,-1.2212207,0.7858131,0.6015277,-1.2215633,0.9647078,0.0,0.0,0.26174176,0.3287659,-1.23768,0.91346055,0.78488165,-0.9594081,0.99460274,-0.05600256,-0.90304625,0.99848515,1.4274867,-0.6707245,0.9728127,-0.054260805,-0.35616505,0.99525744,1.6136005,-0.73007715,0.9699442,0.34908086,-0.2537913,0.990027,0.31014407,0.0028619715,0.9992355,-0.31014434,-0.0028619715,0.99955994,0.3726062,0.81170607,0.9980136,-0.689845,0.79759973,0.9988366,0.38311413,1.7360775,0.9893742,-1.0365258,1.668624,0.99208176
223,7.758031135531136,3,1202.4967041015625,449.1416015625,81.99669736053748,0.800488293170929,True,-0.43569097,-1.1624379,0.9320049,-0.3786997,-1.2611082,0.91862905,-0.52042454,-1.2381655,0.8053261,-0.19532037,-1.2906954,0.79754007,-0.60788554,-1.2347835,0.4170537,0.111615464,-1.0206575,0.99517965,-0.6188306,-0.9139564,0.98873746,0.29918554,-0.47823158,0.9803405,-0.57845646,-0.27823848,0.90953,-0.1579192,-0.39503917,0.95869255,-0.330343,-0.22762936,0.8767936,0.29067898,-0.02625213,0.9953507,-0.29067898,0.02625213,0.9924656,0.6823201,0.60829455,0.9893357,-0.6106873,0.6579211,0.9803775,0.9869991,1.6384445,0.9679391,-0.6462335,1.6886778,0.9506626
224,7.792820512820513,1,531.7861938476562,487.9616088867187,117.3817163411981,0.8998481631278992,True,0.65991414,-1.2347695,0.9514668,0.6661912,-1.3002853,0.5803271,0.59182435,-1.2999027,0.9334156,0.0,0.0,0.16224162,0.31058735,-1.2791779,0.9147128,0.72026986,-0.991421,0.9939173,-0.09559833,-0.9085224,0.99811506,1.3551791,-0.7950831,0.96953446,-0.2048207,-0.3171486,0.9946759,1.50987,-1.051934,0.9629971,0.13975172,-0.15729555,0.98830557,0.2955794,-0.0048560146,0.9992119,-0.29557914,0.0048560146,0.9995579,0.38571337,0.8148313,0.9978563,-0.660549,0.81381065,0.9987626,0.33710277,1.7169545,0.98801386,-1.0555338,1.7005945,0.9908779
224,7.792820512820513,3,1202.056396484375,450.5765686035156,83.5008733045081,0.7994502186775208,True,-0.41687527,-1.1631827,0.92847335,-0.36223218,-1.2598847,0.90984136,-0.49952257,-1.2373407,0.80432725,-0.18606538,-1.2889972,0.7758614,-0.587614,-1.2343262,0.43153173,0.11933966,-1.021474,0.99484694,-0.6141666,-0.9163463,0.9890443,0.300686,-0.4817787,0.9789529,-0.57547,-0.28246152,0.9174976,-0.16053028,-0.41001636,0.9565346,-0.3020251,-0.23800685,0.8845728,0.28935477,-0.02617321,0.9951624,-0.2893533,0.02617321,0.99255306,0.67927545,0.5724742,0.9885306,-0.5925845,0.62110734,0.98014784,0.9643015,1.5918237,0.9653994,-0.6231544,1.6419883,0.9490623
225,7.827609890109891,1,531.01611328125,494.1119689941406,121.74393068604353,0.9035466313362122,True,0.52737653,-1.2590988,0.9535748,0.53993213,-1.3201026,0.61600906,0.46322352,-1.3226832,0.9303634,0.0,0.0,0.18768232,0.21352139,-1.2982925,0.8947107,0.6274411,-1.03462,0.99350435,-0.15907583,-0.9097655,0.9981541,1.2249743,-0.9635956,0.97205216,-0.25598192,-0.35104233,0.9954379,1.4004123,-1.2629217,0.96899647,0.14529447,-0.17729053,0.9904731,0.28815395,-0.015554588,0.9991978,-0.28815395,0.015554588,0.9995677,0.38236585,0.73493975,0.99765307,-0.6363131,0.7495027,0.99869543,0.29948172,1.5738096,0.98654395,-1.0386739,1.5505695,0.99017966
225,7.827609890109891,3,1199.5556640625,453.99951171875,86.05497673028162,0.7987815141677856,True,-0.3616363,-1.1711799,0.9305056,-0.31158543,-1.2624365,0.9131433,-0.4385766,-1.2403567,0.82580084,-0.14796819,-1.2921726,0.78544104,-0.53817624,-1.2344939,0.48958156,0.1362782,-1.0294905,0.99556667,-0.5826495,-0.9200612,0.9914307,0.31739992,-0.54742813,0.9808065,-0.5319461,-0.3326848,0.9283686,-0.16562586,-0.49529985,0.95941997,-0.30743343,-0.26150155,0.8915426,0.28481805,-0.026957113,0.99626106,-0.28481805,0.026956758,0.9942496,0.7073768,0.5763836,0.99073887,-0.5933579,0.6263079,0.9837495,0.98889816,1.522233,0.9717056,-0.6683775,1.573596,0.9581748
226,7.862399267399267,1,532.5559692382812,493.5080261230469,123.0173458618828,0.9046230316162108,True,0.47824574,-1.3065327,0.94498134,0.4764685,-1.366013,0.5926722,0.4129389,-1.3641317,0.9127278,0.0,0.0,0.20703423,0.16779324,-1.3184156,0.8928025,0.5641924,-1.0666975,0.9949066,-0.18929766,-0.8978519,0.9977894,1.1568242,-1.0688069,0.97680783,-0.2637466,-0.3523765,0.993469,1.3458453,-1.4213167,0.9696876,0.1020612,-0.2388599,0.98650056,0.2777844,-0.026448559,0.999253,-0.27778468,0.026448559,0.9994981,0.38511872,0.7170533,0.99769574,-0.6230367,0.7694523,0.9984211,0.28977987,1.5409424,0.986284,-1.0257373,1.5546188,0.9883873
226,7.862399267399267,3,1198.205078125,455.35595703125,87.04215155073959,0.7911436557769775,True,-0.34814003,-1.188868,0.9249633,-0.29906628,-1.2767073,0.9067507,-0.41962877,-1.2570091,0.8119637,-0.13675632,-1.2991928,0.7789444,-0.51476806,-1.2473027,0.47211164,0.14368431,-1.0305476,0.99553716,-0.5652456,-0.9245192,0.99114144,0.34334934,-0.57414895,0.98157334,-0.51448476,-0.35437733,0.9285211,-0.11341432,-0.54440695,0.96089935,-0.30072814,-0.28779846,0.8922059,0.27999607,-0.026549006,0.996527,-0.27999747,0.026549006,0.9945832,0.71882546,0.5810233,0.9914603,-0.56210136,0.6310493,0.9848263,0.99826336,1.4998009,0.97376484,-0.64308876,1.5511165,0.9608389
227,7.897188644688645,1,529.8282470703125,498.52099609375,123.0281629327118,0.9060416221618652,True,0.42674842,-1.3579332,0.96203166,0.4319888,-1.4144701,0.71702313,0.34937406,-1.4129772,0.9319134,0.0,0.0,0.279827,0.10000231,-1.3450081,0.8849457,0.5325884,-1.0858747,0.9958282,-0.22237831,-0.8899213,0.9976434,1.1287515,-1.1790235,0.980606,-0.35117048,-0.3919909,0.9920379,1.3892772,-1.5047472,0.9739203,-0.049945094,-0.2371117,0.98479974,0.27523977,-0.03383972,0.9992538,-0.27523977,0.03383947,0.9994203,0.39027166,0.6741437,0.9977424,-0.5922421,0.7436974,0.99822205,0.2909014,1.477692,0.9868361,-1.0067099,1.5043592,0.98788774
227,7.897188644688645,3,1198.831787109375,454.611328125,86.57741099520511,0.7911823987960815,True,-0.40364072,-1.1892546,0.9371414,-0.33445418,-1.2822726,0.9243557,-0.47250152,-1.2688836,0.80402243,-0.13293625,-1.2983584,0.82466304,-0.5354701,-1.2673179,0.41168886,0.16781998,-1.0094155,0.9965295,-0.58894974,-0.945744,0.9920712,0.35803708,-0.46940526,0.9829243,-0.57363343,-0.37638414,0.92065996,-0.12341201,-0.4279515,0.96285284,-0.3323449,-0.3986745,0.88743097,0.29149705,-0.016372757,0.99665856,-0.29149705,0.016372757,0.99465877,0.686482,0.53504014,0.9918081,-0.54781854,0.56362486,0.9849753,0.99774384,1.4862357,0.97481096,-0.50742894,1.5046483,0.96112394
228,7.931978021978022,1,531.5014038085938,494.9556579589844,119.10483152610048,0.9024738073349,True,0.35955524,-1.3733898,0.95755565,0.36153126,-1.4251682,0.6799721,0.2763535,-1.4252963,0.9254666,0.0,0.0,0.23620093,0.003584581,-1.3456223,0.8742855,0.44523212,-1.1062176,0.9951383,-0.3185747,-0.8897678,0.9976756,1.0546304,-1.2431002,0.9802899,-0.49616084,-0.36351752,0.99340916,1.4660045,-1.5696465,0.9750919,-0.23306157,-0.0818604,0.9873935,0.27741787,-0.04219813,0.99934715,-0.27741787,0.04219813,0.9995338,0.38312125,0.7010418,0.99814653,-0.61891466,0.78309107,0.9986424,0.28390753,1.5303817,0.9892931,-1.0599675,1.5754602,0.9906515
228,7.931978021978022,3,1199.350341796875,451.1653747558594,84.60961764751369,0.7941004037857056,True,-0.3929265,-1.1881167,0.9411417,-0.33392823,-1.2832067,0.92530847,-0.47492072,-1.2619474,0.837269,-0.15599419,-1.3027465,0.79589665,-0.5681208,-1.2513057,0.4675194,0.13853116,-1.0225905,0.9955818,-0.60670274,-0.92184097,0.990546,0.331956,-0.52403224,0.9803355,-0.58033216,-0.33594266,0.92221725,-0.11087947,-0.4671353,0.9589143,-0.3080237,-0.31173083,0.8896564,0.29161823,-0.025605882,0.99559385,-0.29161966,0.025605882,0.9932046,0.68896097,0.5945115,0.9891506,-0.5706369,0.6425265,0.9811936,0.9719328,1.5809789,0.96653193,-0.59228104,1.6304032,0.950587
229,7.9667673992674,1,525.0913696289062,501.28668212890625,123.03696345638473,0.8994824290275574,True,0.38416687,-1.3837967,0.9593706,0.37653083,-1.4340674,0.66419286,0.29868576,-1.4341902,0.93734103,0.0,0.0,0.21228433,0.014737794,-1.3516479,0.908109,0.42181522,-1.1092741,0.9947826,-0.32519707,-0.888391,0.997889,1.029195,-1.2755834,0.9750919,-0.504245,-0.38024887,0.99347275,1.4660233,-1.6267987,0.9677048,-0.17742427,-0.14546187,0.98658806,0.27173418,-0.04683438,0.99914503,-0.27173445,0.046834625,0.9994435,0.41988552,0.6629453,0.9973526,-0.57415485,0.7604918,0.9982284,0.32288763,1.4408606,0.9849867,-1.0032519,1.5062915,0.98747
229,7.9667673992674,3,1195.260986328125,453.9312744140625,87.22411789782653,0.8008050918579102,True,-0.27823216,-1.1947054,0.89017653,-0.2351191,-1.2806995,0.8486623,-0.3539186,-1.262597,0.7766893,-0.09341814,-1.2969683,0.6691788,-0.46812636,-1.2512796,0.4891784,0.18000533,-1.0260682,0.9939448,-0.55693316,-0.9380917,0.990442,0.37174127,-0.5420995,0.9783513,-0.50880986,-0.36542603,0.9434916,-0.0983304,-0.5060627,0.95641196,-0.241004,-0.3298451,0.91038305,0.29028186,-0.024451047,0.9966522,-0.29028046,0.024451395,0.99537754,0.77519107,0.593499,0.991678,-0.53565514,0.6421996,0.98720354,1.0247041,1.5590478,0.9738395,-0.6409844,1.6050985,0.96469647
230,8.001556776556777,1,519.6520385742188,494.4446411132813,120.13081685751,0.8899242281913757,True,0.36307922,-1.3738451,0.9499991,0.3581931,-1.4289329,0.6478327,0.2810113,-1.4261913,0.91154456,0.0,0.0,0.24890971,0.0105643505,-1.3457876,0.88034374,0.42822683,-1.1116412,0.99584085,-0.34991762,-0.8868252,0.99770796,1.0824981,-1.2599577,0.9824421,-0.6044383,-0.35280576,0.99290097,1.5915877,-1.587925,0.9758304,-0.2562156,-0.105157785,0.98618156,0.279639,-0.051111326,0.99940705,-0.279639,0.051111072,0.9995426,0.44575635,0.6958555,0.9982291,-0.5732254,0.80805415,0.99860555,0.39448115,1.5343091,0.9892952,-0.9850437,1.6192034,0.9901424
230,8.001556776556777,3,1197.527099609375,455.9997863769531,88.63097375914889,0.8167313933372498,True,-0.356621,-1.2424005,0.91335773,-0.29177418,-1.3291838,0.8841465,-0.41402632,-1.3189374,0.760581,-0.1004979,-1.3233627,0.7562409,-0.47007227,-1.3015882,0.39887992,0.19327472,-1.0065745,0.9958763,-0.55259657,-0.9608827,0.9926468,0.36585432,-0.46421847,0.98156124,-0.5701845,-0.40806955,0.94226116,-0.117391706,-0.45321944,0.96199244,-0.36253506,-0.44006637,0.91298354,0.28712445,-0.011909403,0.9974778,-0.28712445,0.011909403,0.9964604,0.6838796,0.5973574,0.9940347,-0.54132485,0.61845326,0.99046624,1.0046539,1.5592728,0.98131865,-0.50834435,1.5688889,0.9737936
231,8.036346153846154,1,520.1668090820312,489.126953125,125.03607762328951,0.8759264945983887,True,0.27630112,-1.3593845,0.9573253,0.28323123,-1.4159287,0.63600564,0.20236933,-1.4065008,0.93385714,0.0,0.0,0.19891703,-0.045301866,-1.330417,0.8993943,0.3827743,-1.1026126,0.99426574,-0.37562352,-0.8973743,0.9984681,1.0507265,-1.2395426,0.97429997,-0.57941675,-0.34389928,0.9958918,1.6075184,-1.5572253,0.96826655,-0.26880378,-0.11990997,0.9906521,0.27636066,-0.03757973,0.9992887,-0.27636066,0.037579484,0.99961615,0.39936277,0.67804646,0.99787986,-0.6058337,0.75165266,0.9988362,0.43350574,1.4370373,0.9888108,-0.98221993,1.4866495,0.99192494
231,8.036346153846154,3,1197.6923828125,441.612548828125,84.1866404810587,0.8124679327011108,True,-0.3539151,-1.1975754,0.88404167,-0.3053547,-1.284825,0.8736164,-0.41565737,-1.2677038,0.7047874,-0.13252531,-1.3040607,0.76376295,-0.509939,-1.2563721,0.34183383,0.16577227,-1.0342051,0.99427164,-0.55167717,-0.9282111,0.9853151,0.39689153,-0.5752472,0.9829533,-0.52629936,-0.35449326,0.90287346,-0.11279811,-0.43054375,0.9643133,-0.45065594,-0.14261691,0.8710501,0.27978548,-0.024895348,0.9966744,-0.27978548,0.02489571,0.9940665,0.6766944,0.6503784,0.99270004,-0.53440773,0.6985056,0.984923,0.96661097,1.5842731,0.9779717,-0.5777568,1.631767,0.9632637
232,8.071135531135532,1,520.95556640625,489.3699340820313,121.76764382791885,0.8804348707199097,True,0.1903239,-1.355545,0.97373724,0.21362919,-1.4212348,0.7925503,0.117522895,-1.4123375,0.9558383,0.20051067,-1.369281,0.31790513,-0.115245745,-1.3531042,0.89896345,0.3575731,-1.0891515,0.99500185,-0.41292056,-0.9100825,0.9980421,1.0785091,-1.2959347,0.9755137,-0.63293886,-0.39439914,0.9932991,1.6972177,-1.5648588,0.96912575,-0.46950737,-0.055118915,0.98688865,0.27164754,-0.028928477,0.9989919,-0.27164704,0.028928226,0.99933594,0.38312444,0.7309649,0.99736124,-0.5849677,0.77656394,0.99824536,0.43623513,1.5739225,0.9883881,-0.91285866,1.6117262,0.99051744
232,8.071135531135532,3,1199.7120361328125,450.04400634765625,87.70164119791636,0.8174331784248352,True,-0.35249683,-1.2659926,0.9487104,-0.29062212,-1.3624886,0.9009747,-0.42709196,-1.3370897,0.7900196,-0.116682835,-1.3750856,0.82727987,-0.50469077,-1.3080246,0.51095,0.24020399,-1.0265619,0.99762017,-0.5848924,-0.9435117,0.98862225,0.27848074,-0.5381996,0.9912816,-0.6501257,-0.45059526,0.9328517,-0.09360404,-0.42104632,0.9790021,-0.50985044,-0.23291714,0.90623295,0.3166865,-0.021366429,0.9987858,-0.3166865,0.021366429,0.9970644,0.6220542,0.7378302,0.9965348,-0.54082537,0.81004524,0.99214923,0.7930302,1.6204836,0.9833413,-0.6247656,1.7305474,0.972243
233,8.105924908424909,1,516.8004150390625,489.12652587890625,124.65520618786888,0.8895406126976013,True,0.20835401,-1.4198987,0.97550696,0.2180497,-1.4850628,0.7773113,0.12581873,-1.4708964,0.96496546,0.16973038,-1.4141935,0.31045142,-0.11566499,-1.3786218,0.93867606,0.34596798,-1.0969998,0.9952055,-0.41659686,-0.9017527,0.9986534,1.0593978,-1.308793,0.97019416,-0.6507973,-0.3649882,0.9947773,1.6593946,-1.5771736,0.9610222,-0.5008557,0.044461507,0.9881025,0.2680519,-0.03240824,0.99878687,-0.26805162,0.03240824,0.99933356,0.39158845,0.714791,0.99630404,-0.59027296,0.77114516,0.99792945,0.462943,1.5280777,0.9832718,-0.8951344,1.6045436,0.98764867
233,8.105924908424909,3,1197.711181640625,441.84124755859375,88.01421831899425,0.810401439666748,True,-0.33129385,-1.2408752,0.91038376,-0.27921015,-1.3255395,0.8991374,-0.39325395,-1.3096383,0.7648324,-0.11191346,-1.3303442,0.7888097,-0.48392367,-1.2867284,0.39402446,0.1480959,-1.032736,0.99502534,-0.51737523,-0.93287635,0.9880975,0.3615305,-0.6188492,0.98289216,-0.49197623,-0.4007299,0.91158515,-0.034755293,-0.5215943,0.9634622,-0.3997878,-0.23301885,0.8762009,0.26223403,-0.023407016,0.9966388,-0.26223403,0.023407016,0.99421245,0.6377906,0.6653553,0.99208075,-0.54629844,0.71171343,0.9842406,0.92802,1.5263939,0.9754583,-0.6257326,1.5738833,0.96024567
234,8.140714285714285,1,515.5221557617188,487.8052978515625,124.46515060864728,0.8856196403503418,True,0.18282965,-1.4190116,0.9757111,0.19335859,-1.4879776,0.78310513,0.09957057,-1.47102,0.96530205,0.14919649,-1.4221827,0.3172458,-0.14037873,-1.3818173,0.9383793,0.3446181,-1.0997206,0.9952626,-0.44064838,-0.8979729,0.9986041,1.0578746,-1.2809259,0.9690192,-0.67505664,-0.345312,0.99424595,1.6231507,-1.5305508,0.95830566,-0.5807655,0.06822086,0.9867895,0.2730781,-0.033498067,0.9987851,-0.27307835,0.033498313,0.999318,0.40005797,0.69837296,0.99649566,-0.58530396,0.75858176,0.9979982,0.44820145,1.5217981,0.98482335,-0.8785563,1.6001112,0.9886563
234,8.140714285714285,3,1197.814697265625,440.4732666015625,89.55870019160825,0.8230350017547607,True,-0.34772825,-1.2266909,0.9288362,-0.29289666,-1.3124071,0.9260403,-0.40401554,-1.2958593,0.7826341,-0.11141599,-1.3266667,0.8423109,-0.4844937,-1.2778054,0.37153974,0.16477415,-1.0435528,0.99605006,-0.50539285,-0.92722887,0.9887871,0.39668113,-0.64813787,0.98554033,-0.49635333,-0.39278424,0.90053076,-0.05546265,-0.5412829,0.96813744,-0.48341146,-0.16898519,0.8661735,0.26102653,-0.02516885,0.9969681,-0.2610279,0.025168508,0.9942889,0.61592835,0.66686916,0.99297947,-0.53361964,0.7145565,0.98446864,0.8966301,1.5143065,0.9780131,-0.59524727,1.5671747,0.96159446
235,8.175503663003663,1,516.2333984375,487.2388916015625,127.3779122760094,0.887558102607727,True,0.13834958,-1.3962711,0.97593176,0.14310722,-1.4708691,0.7795393,0.05409975,-1.4470457,0.9654709,0.09184221,-1.4195276,0.30762213,-0.18444271,-1.3633484,0.94054097,0.28801516,-1.1133674,0.99541557,-0.46949205,-0.8783821,0.99865746,0.98323697,-1.2629671,0.9704118,-0.704522,-0.3070112,0.99449736,1.5528502,-1.4341319,0.95945024,-0.6754033,0.08231256,0.9872995,0.2634785,-0.042649843,0.9988218,-0.26347825,0.04265008,0.9993388,0.39301527,0.6627344,0.99650335,-0.57827324,0.75585216,0.99799585,0.44312403,1.4819199,0.9844632,-0.86617965,1.5828892,0.98833793
235,8.175503663003663,3,1197.154296875,440.5416870117187,91.16883114250332,0.8227260708808899,True,-0.34609124,-1.2513449,0.92181027,-0.2939633,-1.3316911,0.92259306,-0.39381537,-1.3170835,0.74733937,-0.110255666,-1.3355101,0.84909475,-0.4611725,-1.2924659,0.32176176,0.16763762,-1.035952,0.995939,-0.4782829,-0.9397757,0.9872136,0.37924895,-0.62755615,0.9862222,-0.47879303,-0.43533212,0.8878179,-0.091613494,-0.56634283,0.9689067,-0.49051952,-0.2984113,0.8540352,0.25267956,-0.020183636,0.9969433,-0.2526809,0.02018397,0.99392235,0.6116836,0.657489,0.9931427,-0.5233532,0.6965632,0.9838558,0.91284645,1.4953322,0.9785412,-0.5825427,1.533167,0.9607883
236,8.21029304029304,1,515.9041748046875,484.2978515625,125.05251018986908,0.8884318470954895,True,0.14784512,-1.4141117,0.98157275,0.15464208,-1.4886944,0.8167548,0.06132824,-1.4669397,0.97350943,0.10461816,-1.4331021,0.3124995,-0.19419186,-1.3818797,0.94665146,0.30334914,-1.1143092,0.99585366,-0.49519065,-0.87646896,0.9987557,1.013135,-1.2556442,0.972063,-0.7458942,-0.28139472,0.99463814,1.545468,-1.4358548,0.96238625,-0.74775964,0.114527576,0.9879901,0.27654496,-0.041974798,0.998844,-0.2765452,0.041975044,0.99934155,0.3898421,0.682577,0.99666256,-0.6096184,0.76899534,0.99804807,0.4450606,1.545612,0.9849895,-0.88816476,1.627968,0.988545
236,8.21029304029304,3,1198.882080078125,441.0286865234375,92.40817053530655,0.8278619647026062,True,-0.36212575,-1.2450824,0.9364354,-0.30721086,-1.325356,0.9386383,-0.40572768,-1.3111471,0.7713251,-0.11335023,-1.3324817,0.8759838,-0.46196356,-1.2899402,0.31969985,0.16671428,-1.0347278,0.9964238,-0.47046944,-0.94207096,0.98839045,0.36923003,-0.6387758,0.98679566,-0.49517062,-0.46087113,0.8853931,-0.10035961,-0.5919431,0.96997494,-0.54339606,-0.33579445,0.8519738,0.247905,-0.018296048,0.9969523,-0.247905,0.018296048,0.9938472,0.58171004,0.6558021,0.9931068,-0.5247952,0.6897651,0.9833899,0.88176376,1.4772121,0.9782824,-0.5768435,1.5095321,0.9597134
237,8.245082417582418,1,515.6939697265625,485.81695556640625,126.05387557685567,0.8911443948745728,True,0.10976016,-1.4509501,0.9812314,0.11414845,-1.5215638,0.80789375,0.021357048,-1.4963216,0.9730655,0.06701459,-1.4504836,0.32168686,-0.22060081,-1.3835453,0.94694835,0.28376094,-1.1293135,0.9955693,-0.5012863,-0.8588222,0.9990676,0.9895787,-1.2824597,0.9718005,-0.8003811,-0.288256,0.99643964,1.4594066,-1.4152035,0.9650333,-0.9143749,0.08933568,0.99164164,0.27103183,-0.046475597,0.9989542,-0.2710323,0.046475355,0.9995011,0.38479775,0.6695997,0.99679995,-0.60708046,0.76449203,0.9984157,0.43431678,1.5379031,0.98490465,-0.90645605,1.6138414,0.9898357
237,8.245082417582418,3,1199.5238037109375,440.02435302734375,92.80816526806564,0.831660270690918,True,-0.36202765,-1.2365339,0.9167174,-0.3084582,-1.3146155,0.9193368,-0.39579,-1.3025934,0.71292,-0.10842389,-1.3251194,0.8547055,0.0,0.0,0.27402288,0.17483324,-1.0384228,0.9957838,-0.45363545,-0.9420493,0.9865372,0.38113758,-0.6674113,0.98665875,-0.49028885,-0.44648156,0.88797945,-0.026190197,-0.62863505,0.9704696,-0.52770245,-0.2640357,0.8563756,0.24408495,-0.018800529,0.9971213,-0.24408495,0.018800857,0.9942338,0.5923388,0.65662396,0.9937104,-0.50474924,0.69187456,0.985021,0.8843874,1.4671113,0.98020387,-0.5737471,1.5040541,0.9636156
238,8.279871794871795,1,516.62353515625,484.7312622070313,125.09894922438473,0.8900843262672424,True,0.025224173,-1.3578455,0.9879851,0.049979966,-1.4435182,0.89161146,-0.06265768,-1.4134288,0.9781749,0.061611872,-1.4186741,0.42980793,-0.28524783,-1.3465595,0.92567354,0.2620133,-1.1246642,0.9965162,-0.5255176,-0.857901,0.9990017,0.8959285,-1.206471,0.97971934,-0.89955693,-0.32303968,0.99602246,1.3113354,-1.3327609,0.9750583,-1.1694556,-0.077933915,0.991829,0.27058658,-0.045841154,0.9991779,-0.2705861,0.0458414,0.9995328,0.36491963,0.66144514,0.99777645,-0.61519074,0.7578771,0.99869126,0.41027483,1.556999,0.98951894,-0.9258018,1.6195505,0.9922638
238,8.279871794871795,3,1201.3924560546875,440.0416259765625,93.17966966742,0.8329322338104248,True,-0.33129933,-1.2533091,0.9052599,-0.2809435,-1.3300059,0.89803714,-0.37182188,-1.3179618,0.72305244,-0.101143956,-1.3321501,0.804731,-0.42546463,-1.2966663,0.32014284,0.17232046,-1.0364959,0.99519557,-0.47032872,-0.94117683,0.9874067,0.41070163,-0.6699415,0.9851658,-0.48370567,-0.43848786,0.90951055,0.07544596,-0.61797136,0.9683574,-0.44526213,-0.25733405,0.8774597,0.2480913,-0.020529842,0.9972102,-0.2480913,0.02053017,0.99493355,0.61284804,0.637762,0.99374855,-0.50034463,0.67742515,0.98677516,0.898775,1.4427418,0.98036444,-0.57642597,1.4851437,0.96681577
239,8.314661172161172,1,513.0161743164062,484.81402587890625,125.67580258587476,0.8603659272193909,True,0.06762123,-1.3961843,0.9854596,0.08149009,-1.4738595,0.8599385,-0.020418903,-1.4439051,0.97561955,0.056818306,-1.4261677,0.378345,-0.2583513,-1.3529387,0.93345416,0.23581833,-1.1165812,0.99616975,-0.5138644,-0.8639971,0.9990305,0.81696063,-1.1663685,0.97778016,-0.894497,-0.42702872,0.99631137,1.1956277,-1.2073156,0.972306,-1.2189099,-0.29970658,0.992145,0.25812158,-0.047655683,0.9991685,-0.25812158,0.047655925,0.9995546,0.39565971,0.67550373,0.9976186,-0.5450508,0.7929265,0.99867296,0.44290867,1.5447665,0.98840094,-0.84433603,1.6213131,0.99170107
239,8.314661172161172,3,1206.0264892578125,441.52923583984375,92.5103807137948,0.8279795050621033,True,-0.3482414,-1.2904521,0.9432069,-0.28300112,-1.3757149,0.9074105,-0.3985907,-1.3638794,0.7260287,-0.085661314,-1.3734322,0.8669177,-0.41333383,-1.3322021,0.39665428,0.26321477,-1.0258057,0.998033,-0.4795611,-0.9624583,0.9867496,0.38559335,-0.57854474,0.99399203,-0.60373557,-0.4946443,0.9250443,0.02869452,-0.5410034,0.98508376,-0.51755565,-0.3499957,0.9038102,0.2905119,-0.0128749935,0.9989975,-0.2905119,0.0128749935,0.9970607,0.62771934,0.66675705,0.9969024,-0.50562316,0.6956135,0.99161047,0.86577463,1.4767339,0.9840665,-0.61486316,1.5010074,0.97063893
240,8.34945054945055,1,513.5781860351562,486.1246643066406,125.2903171451726,0.8751735687255859,True,0.056578066,-1.4136038,0.98468935,0.067763515,-1.4921423,0.8495234,-0.03100928,-1.4570537,0.9748038,0.04095907,-1.4403425,0.3759088,-0.26450554,-1.3542885,0.935673,0.25153008,-1.1255074,0.9961021,-0.5267929,-0.8554597,0.99912864,0.8688848,-1.1532098,0.9767545,-0.9394229,-0.4241928,0.9966871,1.1698723,-1.208693,0.9709438,-1.358079,-0.36654004,0.9925842,0.2655707,-0.048388835,0.99917233,-0.26557094,0.048388835,0.99958414,0.38839334,0.69459015,0.99752957,-0.5644968,0.81221443,0.99870026,0.44459242,1.5543175,0.98765534,-0.84836435,1.6206634,0.9915174
240,8.34945054945055,3,1207.602294921875,442.8985900878906,91.64129309667312,0.8299129009246826,True,-0.30887857,-1.3141985,0.9638057,-0.23391241,-1.3972411,0.9342943,-0.3698063,-1.3862231,0.8189162,-0.030066917,-1.3837409,0.861632,-0.42979094,-1.3474063,0.4512411,0.26977772,-1.0248101,0.99805826,-0.4967901,-0.96226454,0.9889282,0.38252464,-0.590968,0.9936919,-0.6223367,-0.5077102,0.9366256,0.044006765,-0.50936097,0.9853044,-0.49167773,-0.35728273,0.91893435,0.30221567,-0.0131406225,0.9989942,-0.302217,0.0131406225,0.99728644,0.63048744,0.68471503,0.99700147,-0.54500216,0.7111764,0.9924589,0.89212906,1.5126278,0.98492104,-0.6902537,1.5234454,0.9734302
241,8.384239926739927,1,509.1106567382813,484.5777587890625,124.8368267907766,0.854674220085144,True,0.08866359,-1.3476728,0.9851147,0.10261882,-1.4270381,0.8474815,0.010761851,-1.3967855,0.9759646,0.073671855,-1.3973069,0.34974357,-0.22324577,-1.3314028,0.9362268,0.25145325,-1.1044606,0.9960074,-0.4988355,-0.8801807,0.99909616,0.8268997,-1.0977882,0.9759494,-0.9139626,-0.49851304,0.99658966,1.1184639,-1.166147,0.96962297,-1.3702631,-0.4817211,0.9923557,0.2579857,-0.040753394,0.9992111,-0.25798595,0.04075315,0.9996008,0.40423766,0.70004517,0.99780434,-0.5382473,0.79917705,0.99883586,0.48393005,1.5666656,0.98941225,-0.8023887,1.616382,0.9926617
241,8.384239926739927,3,1209.776611328125,445.9856567382813,92.33074790057302,0.8394120335578918,True,-0.3398361,-1.3075987,0.95386857,-0.26508465,-1.389114,0.9301436,-0.3891768,-1.3799757,0.74826753,-0.04412767,-1.3802887,0.89281285,-0.39846057,-1.3424879,0.37216994,0.2846094,-1.0233558,0.99831784,-0.45681664,-0.9692163,0.9877165,0.33576402,-0.5738362,0.99501085,-0.6255745,-0.5332878,0.9282092,-0.04942664,-0.5012378,0.98728496,-0.6188966,-0.39299598,0.90855,0.2968613,-0.0089354,0.9991897,-0.29685995,0.008935731,0.9974962,0.62023854,0.70521045,0.9975074,-0.6049974,0.72704357,0.99285525,0.9137761,1.5288677,0.9867982,-0.73559165,1.5409372,0.9749629
242,8.419029304029303,1,506.7353820800781,487.49420166015625,129.73682531209138,0.8609074354171753,True,0.12762582,-1.3265121,0.9832683,0.13481718,-1.403148,0.81901014,0.05327252,-1.371523,0.9762418,0.082834415,-1.377171,0.31217834,-0.18198957,-1.3107666,0.94791406,0.25235203,-1.0896571,0.99523795,-0.4787785,-0.89748454,0.99908745,0.78072643,-1.0854616,0.9679615,-0.94804305,-0.62409854,0.99637383,1.0064464,-1.102708,0.9573289,-1.4984677,-0.58420575,0.9910693,0.25173056,-0.03568367,0.99893194,-0.25173056,0.035683904,0.9995042,0.42544696,0.68216664,0.9966983,-0.5106369,0.7707733,0.99837935,0.53630555,1.4662834,0.9844579,-0.73569417,1.5228894,0.98965454
242,8.419029304029303,3,1210.83984375,447.3986206054687,90.62585822704092,0.8279440402984619,True,-0.2754446,-1.3309754,0.95810795,-0.20149189,-1.4127233,0.9270399,-0.32985812,-1.4034396,0.79314846,-0.0007543032,-1.3955158,0.86984223,-0.36927453,-1.3592854,0.44274154,0.30955794,-1.026409,0.99800473,-0.4570148,-0.9681482,0.98925775,0.3614877,-0.56976193,0.99360305,-0.62026757,-0.49585098,0.9382129,-0.029697994,-0.4913309,0.9846534,-0.61738235,-0.28865635,0.91716987,0.30533117,-0.009918077,0.99896395,-0.30533117,0.00991774,0.9972699,0.6362049,0.6737197,0.99675804,-0.6161014,0.694987,0.9919904,0.9266682,1.5110424,0.98351455,-0.73714954,1.5279152,0.971447
243,8.453818681318682,1,505.773193359375,493.93798828125,134.94701880611302,0.8440477848052979,True,0.21944195,-1.3262563,0.95602226,0.19963935,-1.3846463,0.5117538,0.14373045,-1.3620322,0.9551771,0.0,0.0,0.12232052,-0.12125844,-1.278624,0.96020234,0.26021633,-1.0624895,0.99188226,-0.4425565,-0.9291814,0.99910635,0.72771436,-1.0512248,0.9379352,-0.9367066,-0.66904175,0.9969902,0.8341852,-1.2534134,0.9104637,-1.4812363,-0.5726579,0.9900827,0.251185,-0.020083476,0.9988776,-0.251185,0.020083249,0.99962485,0.43165994,0.6573172,0.9963378,-0.566189,0.6879074,0.99868685,0.53890234,1.3715109,0.98211145,-0.8458377,1.4115041,0.99002105
243,8.453818681318682,3,1213.840087890625,451.5592041015625,91.42862233077088,0.8270779252052307,True,-0.2815617,-1.3245773,0.96180916,-0.19954918,-1.4047513,0.9361091,-0.33538532,-1.3965535,0.8112911,0.023927104,-1.3885059,0.8807068,-0.35789052,-1.3539511,0.44034964,0.32810345,-1.0289335,0.9977119,-0.4338321,-0.96826994,0.98941004,0.34387952,-0.5917579,0.9924049,-0.6237282,-0.5025299,0.9391398,-0.06267563,-0.56497055,0.9824002,-0.6402079,-0.30808333,0.9163896,0.30460092,-0.007997508,0.99876344,-0.30459958,0.007997508,0.996988,0.6296709,0.67893773,0.996145,-0.63600755,0.68966025,0.99117976,0.8823468,1.4985235,0.9812603,-0.8088792,1.5046738,0.9693868
244,8.488608058608058,3,1215.9466552734375,449.5738525390625,91.59911664745532,0.834867537021637,True,-0.30898613,-1.3299226,0.9561037,-0.22619607,-1.4080514,0.9341586,-0.35172713,-1.4026188,0.7675602,0.015532131,-1.3877683,0.89565134,-0.33493164,-1.3582922,0.3757594,0.34877664,-1.0256658,0.99788994,-0.39263707,-0.97385365,0.9879116,0.4536848,-0.6008466,0.99355906,-0.5847598,-0.5323073,0.9316826,0.026887711,-0.60496485,0.9849317,-0.6419921,-0.38445157,0.91129816,0.29461074,-0.0024271037,0.9989039,-0.29461074,0.0024274369,0.99701273,0.6334351,0.67982256,0.99664176,-0.5997935,0.6665223,0.9915073,0.86780834,1.5128262,0.9832669,-0.7978225,1.4736627,0.9710377
244,8.488608058608058,1,497.7712707519531,488.6258850097656,128.32104339313798,0.7849092483520508,True,0.31724444,-1.3125491,0.9708412,0.32938382,-1.3797443,0.7090379,0.24856189,-1.365738,0.97052956,0.0,0.0,0.2304383,-0.0054870313,-1.3136395,0.96397877,0.3529263,-1.0410389,0.9907856,-0.37905845,-0.9587904,0.99898857,0.6588307,-1.0778453,0.91127914,-0.9463685,-0.74142796,0.99489516,0.60517275,-1.309968,0.86332935,-1.4610138,-0.6628513,0.9821394,0.26262003,-0.013473335,0.9980275,-0.26262003,0.013473335,0.9993056,0.53167003,0.7071352,0.99477464,-0.491974,0.73005176,0.9980596,0.5821302,1.4796693,0.9823392,-0.7664485,1.5284104,0.99013
245,8.523397435897436,3,1220.597412109375,451.4120788574219,94.55493179317467,0.8449558615684509,True,-0.34064943,-1.3087598,0.95166475,-0.25838825,-1.384555,0.9336528,-0.372723,-1.382938,0.728697,0.00042344764,-1.371623,0.90412486,-0.3189516,-1.3528119,0.31670952,0.33555385,-1.0081104,0.99791366,-0.33544153,-0.9918896,0.9862434,0.47793424,-0.5806913,0.9941419,-0.540589,-0.5950527,0.92517406,0.028298697,-0.6032935,0.9864835,-0.7124829,-0.44188988,0.9079594,0.2665409,0.008949204,0.99899775,-0.26654223,-0.008949204,0.9970631,0.58938617,0.70429313,0.9970095,-0.5498416,0.6496581,0.99193114,0.7786195,1.4789894,0.9848445,-0.7934363,1.3910394,0.9728708
245,8.523397435897436,1,492.9646301269531,495.9204406738281,132.29557390337794,0.840877115726471,True,0.42885876,-1.2609104,0.9596275,0.43593177,-1.3267046,0.6123736,0.36722502,-1.3163978,0.96034086,0.0,0.0,0.17776653,0.1072024,-1.2818356,0.96100545,0.4021934,-1.023768,0.9895817,-0.31312105,-0.9742476,0.9989126,0.5971595,-1.0274267,0.91609216,-0.8826221,-0.8128907,0.9955368,0.507176,-1.2692932,0.87478054,-1.2844142,-0.8243761,0.98470646,0.26318452,-0.012257035,0.99801624,-0.26318452,0.012257035,0.9993131,0.5926742,0.6135417,0.9942128,-0.4372118,0.64817053,0.9978873,0.6197829,1.3346618,0.97934854,-0.71388817,1.4082073,0.9885091
246,8.558186813186813,3,1221.0831298828125,450.0680847167969,96.23480374680022,0.8439220786094666,True,-0.2559467,-1.3405786,0.9251981,-0.19525708,-1.4151512,0.9249488,-0.28838384,-1.4072515,0.7184505,0.016515391,-1.3860936,0.866539,0.0,0.0,0.26538354,0.28031388,-1.0176995,0.99664825,-0.31900203,-0.98192626,0.98950726,0.497523,-0.56914866,0.9883094,-0.34983203,-0.5712854,0.9070824,0.0028730694,-0.5288839,0.9725441,-0.53482723,-0.56164,0.8751775,0.2377189,-0.0020051233,0.997586,-0.2377189,0.0020051233,0.99536186,0.55277723,0.62246346,0.9944423,-0.5542525,0.63051724,0.98719805,0.82425123,1.3611463,0.98232895,-0.68689185,1.3543328,0.9679441
246,8.558186813186813,1,481.90484619140625,494.90478515625,123.9832326363367,0.6710143089294434,True,0.6594603,-1.2039253,0.852028,0.0,0.0,0.23662044,0.6073706,-1.2614557,0.8873869,0.0,0.0,0.066191405,0.32799214,-1.2411319,0.9498657,0.49562278,-0.9689701,0.9759167,-0.15075237,-1.0010716,0.9973943,0.6461253,-0.89404595,0.8309102,-0.64188623,-0.9083769,0.9919476,0.6631796,-1.1374433,0.75243044,-0.75393015,-1.0111647,0.97188133,0.24859634,-5.6858982e-05,0.9968839,-0.24859634,5.6858982e-05,0.9989832,0.69941914,0.6819637,0.99230134,-0.37323934,0.70015854,0.9973834,0.72624725,1.4426208,0.97486013,-0.7298257,1.5188383,0.98616064
247,8.59297619047619,1,479.531494140625,502.48382568359375,130.7780606392673,0.8723623156547546,True,0.72478247,-1.0842222,0.83319634,0.0,0.0,0.20783241,0.6847119,-1.1422653,0.8646257,0.0,0.0,0.060186405,0.43279132,-1.1676724,0.93773043,0.5710671,-0.9523054,0.97676784,-0.077029675,-0.9857158,0.9975076,0.83179766,-0.9081352,0.888418,-0.59073627,-0.8971806,0.99472576,0.96851975,-1.0045363,0.867513,-0.47471943,-0.8722386,0.9851747,0.23423137,-0.0020728833,0.9974197,-0.23423137,0.0020726498,0.9991365,0.60592127,0.60929793,0.99292785,-0.26006645,0.6451402,0.9975405,0.56258607,1.301766,0.97506446,-0.6163438,1.4188075,0.9860714
247,8.59297619047619,3,1231.558349609375,445.32269287109375,94.95002849566832,0.8433591723442078,True,-0.3359266,-1.3378568,0.93454534,-0.28508648,-1.4172176,0.9182272,-0.37683782,-1.4029876,0.7640102,-0.07365228,-1.3920302,0.82910734,-0.40203482,-1.3510512,0.32648566,0.20260966,-1.0186707,0.9965352,-0.35636935,-0.9754103,0.993298,0.43656418,-0.56869066,0.9866985,-0.43002677,-0.58291,0.95112884,-1.671315e-05,-0.5109692,0.97137344,-0.7504359,-0.5713818,0.92539227,0.22372094,-0.0034290885,0.9978516,-0.22371966,0.0034294098,0.99682957,0.5086866,0.6506886,0.9945168,-0.55479044,0.66040665,0.9905066,0.7441684,1.4167737,0.98160166,-0.76025933,1.4117957,0.97295105
248,8.627765567765568,1,467.3709716796875,501.61871337890625,128.3099551636152,0.8942597508430481,True,0.8777687,-0.9600294,0.8883982,0.8925012,-1.0144383,0.4268566,0.853797,-1.0295558,0.89304876,0.0,0.0,0.18293354,0.6671605,-1.0885293,0.9241272,0.7742139,-0.8012012,0.9775798,0.14702147,-0.97399604,0.9979786,0.74824625,-0.51745164,0.87394005,-0.48373935,-0.933432,0.99454135,0.71203095,-0.48602715,0.843057,-0.37852013,-0.9446672,0.9830782,0.23710936,0.025319062,0.9971073,-0.2371096,-0.025318824,0.9990823,0.7284582,0.66085434,0.9914983,-0.16711062,0.6330391,0.997288,0.60899085,1.3605369,0.96836084,-0.5564607,1.4286555,0.9844263
248,8.627765567765568,3,1236.18994140625,440.5374450683594,93.545206562653,0.8600524663925171,True,-0.38084236,-1.3027458,0.9378321,-0.32832268,-1.385664,0.928314,-0.42913273,-1.3704922,0.76615137,-0.12382387,-1.370194,0.8487555,-0.4715496,-1.3253428,0.31540218,0.15052673,-1.0218524,0.9968347,-0.40458563,-0.9619457,0.99251646,0.4167437,-0.58265984,0.98818725,-0.43685794,-0.56282777,0.93892485,-0.08836491,-0.52398384,0.97433937,-0.80327034,-0.5426656,0.9140488,0.22350909,-0.008343095,0.99801767,-0.22351038,0.008343095,0.99672157,0.49810502,0.6535455,0.99550325,-0.5500088,0.670982,0.99112177,0.78373027,1.4476007,0.98557985,-0.69057363,1.4497147,0.9766169
249,8.662554945054945,1,461.9591674804687,500.99017333984375,128.10872422225876,0.8964560627937317,True,0.9894335,-0.87204176,0.89922583,1.0057738,-0.92843705,0.47388762,0.97051156,-0.94511956,0.90681684,0.0,0.0,0.19949435,0.78654855,-1.0299379,0.9300303,0.79930884,-0.74572855,0.97554976,0.25452453,-0.9541051,0.9975835,0.56406033,-0.3902001,0.8537083,-0.4914837,-0.9527249,0.99270815,0.5571859,-0.1356165,0.8003016,-0.46963856,-0.94685477,0.9770619,0.21295245,0.02784438,0.99598444,-0.21295245,-0.027844619,0.9986557,0.81279856,0.70700437,0.9881909,-0.070767134,0.7020004,0.9960418,0.65848875,1.375705,0.9594855,-0.5319714,1.4891969,0.97922873
249,8.662554945054945,3,1242.642333984375,443.2981567382813,95.76986167214102,0.8564745187759399,True,-0.46602833,-1.2615628,0.9658342,-0.38719556,-1.341771,0.94714344,-0.5100487,-1.3316036,0.7990522,-0.15340579,-1.3453435,0.89721763,-0.50551486,-1.3109013,0.36098024,0.16117714,-1.0190582,0.99794954,-0.4561067,-0.95907676,0.9891896,0.3900061,-0.62979585,0.99422365,-0.61273724,-0.6066321,0.94124615,-0.108457536,-0.5844859,0.9877043,-0.8889834,-0.52936107,0.92846,0.24429138,0.00054776855,0.99905187,-0.24429138,-0.00054776855,0.9974969,0.42757428,0.68786377,0.9972529,-0.6022012,0.6434072,0.993149,0.7923008,1.464011,0.98587835,-0.6784427,1.3492352,0.9760224
250,8.697344322344323,1,461.6860656738281,495.529296875,119.7683670802263,0.8726750612258911,True,1.2129,-0.7662437,0.85131985,0.0,0.0,0.253275,1.1983385,-0.8505434,0.88293433,0.0,0.0,0.07796134,0.99005574,-0.95694846,0.9393131,0.9192297,-0.65708196,0.97140056,0.36566707,-0.8755762,0.9973572,0.85327387,-0.39374506,0.85011125,-0.42430127,-0.8036106,0.99380916,1.118774,-0.414807,0.8325352,-0.36616445,-0.6680493,0.98239064,0.20599532,0.031095382,0.99622774,-0.20599532,-0.031095637,0.99879646,0.8155857,0.87013,0.99043524,-0.019775925,0.84974307,0.99687564,0.66797256,1.5277302,0.9684867,-0.5639515,1.657909,0.98323536
250,8.697344322344323,3,1248.90771484375,445.5089111328125,95.89824766967692,0.8190178871154785,True,-0.51083606,-1.278228,0.9584489,-0.43354464,-1.359665,0.942715,-0.55566555,-1.3470759,0.7555231,-0.20036572,-1.3553947,0.9007346,-0.54948175,-1.3142519,0.31247196,0.12222148,-1.0196307,0.99768245,-0.48551777,-0.94709677,0.98519343,0.35144418,-0.6040293,0.993903,-0.56723124,-0.5498792,0.92033494,-0.12884317,-0.5982474,0.98650706,-0.7527077,-0.53136146,0.90658426,0.24459697,-0.003067725,0.9987915,-0.24459697,0.0030680432,0.99646854,0.38129148,0.6952929,0.9964395,-0.661194,0.6646675,0.99016666,0.8289133,1.4530426,0.98191476,-0.6592859,1.3541186,0.9672617
251,8.7321336996337,1,446.97314453125,490.5985412597656,122.67788565891028,0.8722966909408569,True,1.2912631,-0.65837413,0.8355122,0.0,0.0,0.2676802,1.2940029,-0.7510506,0.88049823,0.0,0.0,0.08067526,1.1254941,-0.8761947,0.92695665,0.9495807,-0.59192413,0.94494396,0.50608283,-0.7795873,0.9951137,0.7972056,-0.22028211,0.72598743,-0.1853032,-0.5754133,0.98761183,0.88931966,-0.04940883,0.7006136,-0.07658656,-0.43401083,0.9655353,0.17775652,0.02691628,0.9897601,-0.17775676,-0.02691628,0.9968105,0.94601995,0.7907092,0.97835314,0.09698628,0.7679888,0.9931385,0.81954294,1.4809995,0.9479243,-0.45959225,1.5238616,0.9728168
251,8.7321336996337,3,1252.478515625,451.9278259277344,96.2936043268413,0.846685528755188,True,-0.49475354,-1.2886176,0.94919044,-0.4262147,-1.3720331,0.92956185,-0.5381985,-1.3554347,0.714459,-0.21943311,-1.3673981,0.9032648,-0.52308637,-1.3157946,0.32579398,0.08819184,-1.0209483,0.99784327,-0.44160697,-0.94757825,0.98698205,0.36000204,-0.603127,0.99427044,-0.52351105,-0.5598424,0.92793036,-0.095287085,-0.6242828,0.9867126,-0.7371838,-0.5892851,0.910171,0.2187942,-0.0038696197,0.9989324,-0.21879293,0.0038696197,0.9969517,0.34331292,0.70582974,0.99661595,-0.6558045,0.679181,0.9908161,0.94695455,1.399803,0.9819025,-0.5555215,1.3176777,0.9676508
252,8.766923076923076,1,449.5270385742187,511.64794921875,136.7346958300189,0.8740894794464111,True,1.1158895,-0.75365275,0.73471546,0.0,0.0,0.14098705,1.124314,-0.8332258,0.8100273,0.0,0.0,0.0515751,0.9906108,-0.9360308,0.9254408,0.8368086,-0.702806,0.94418067,0.45049188,-0.8278331,0.9956878,0.81281143,-0.40620688,0.7323769,-0.13184132,-0.5566498,0.990954,0.86495805,-0.44317064,0.69383585,-0.021966858,-0.45012876,0.9714047,0.15716961,0.019049564,0.9923423,-0.15716961,-0.019049788,0.99787223,0.8806531,0.601549,0.98201513,0.11859264,0.57501954,0.99501145,0.69433016,1.2253307,0.9490301,-0.44912997,1.2540644,0.9754648
252,8.766923076923076,3,1250.141357421875,461.2792663574219,100.3940628460997,0.8740884065628052,True,-0.45766914,-1.2747238,0.9283699,-0.39145547,-1.354307,0.91510934,-0.48893997,-1.339058,0.5978362,-0.18576577,-1.3509895,0.91881174,0.0,0.0,0.25301802,0.14267264,-1.0183607,0.9982205,-0.38230938,-0.967231,0.98416567,0.37674052,-0.5963724,0.99569654,-0.5221331,-0.61438316,0.9099705,-0.23375173,-0.6360197,0.9885288,-0.80878067,-0.5976273,0.88890886,0.21939546,0.0030033018,0.9992052,-0.21939424,-0.0030033018,0.9972089,0.39345443,0.6794055,0.99738914,-0.63306564,0.6289227,0.99140704,1.0391145,1.3288763,0.9853544,-0.5093624,1.2338096,0.97045434
253,8.801712454212455,1,445.277099609375,515.81982421875,136.1753924841038,0.8862600326538086,True,1.1044748,-0.8086354,0.83523595,0.0,0.0,0.2788601,1.1108582,-0.88988864,0.86649185,0.0,0.0,0.1091611,0.96678156,-0.9902395,0.93864673,0.77025676,-0.7216329,0.9706265,0.43246382,-0.8763227,0.9973242,0.63080835,-0.34624416,0.8130383,-0.17822394,-0.63730335,0.99183226,0.73896676,-0.23340888,0.73828226,-0.077653036,-0.58790505,0.97085214,0.1484693,0.015740234,0.9957082,-0.14846952,-0.015740234,0.9986082,0.9003237,0.5722179,0.9899838,0.10756073,0.5763329,0.99681914,0.7200245,1.2045904,0.9711539,-0.4756737,1.2652885,0.98533636
253,8.801712454212455,3,1255.4263916015625,469.4229736328125,101.90256235471608,0.8581832051277161,True,-0.47922713,-1.274337,0.8983049,-0.41862357,-1.3520318,0.8922053,-0.50314224,-1.3362272,0.49822676,-0.22085665,-1.3392447,0.91212416,0.0,0.0,0.20733206,0.08432583,-1.0256149,0.99764,-0.34294787,-0.95759296,0.97551936,0.31215194,-0.6267078,0.99492764,-0.4422967,-0.5717209,0.8715978,-0.2943821,-0.6855624,0.9860124,-0.7525535,-0.55550027,0.8475437,0.19226488,0.0008379395,0.9988385,-0.19226488,-0.0008379395,0.99557364,0.32855254,0.62885475,0.9961738,-0.694928,0.5831448,0.98630476,1.0252354,1.2544943,0.9796622,-0.59201175,1.1524585,0.95677423
254,8.836501831501831,1,446.9686584472656,518.18408203125,137.3241955139356,0.8872694969177246,True,1.0211265,-0.95718396,0.87858516,1.0371813,-1.0175143,0.36290008,1.0031877,-1.0292178,0.895456,0.0,0.0,0.13529794,0.8422161,-1.0691562,0.93852776,0.67382205,-0.79540974,0.97553796,0.4050007,-0.88867486,0.99786276,0.5349513,-0.44610637,0.8449667,-0.19158663,-0.65067255,0.9933488,0.69730115,-0.3269637,0.7879458,-0.18529773,-0.6997675,0.97673315,0.1218628,0.0013018242,0.9968395,-0.1218628,-0.0013022687,0.9989728,0.8766622,0.55103344,0.9932259,0.17337663,0.6039127,0.99783057,0.71536976,1.1890705,0.9822481,-0.4627703,1.3053386,0.99103165
254,8.836501831501831,3,1260.5635986328125,469.0489501953125,96.96254295242991,0.8579831719398499,True,-0.555034,-1.2282213,0.940462,-0.47884274,-1.3060274,0.9495872,-0.5883695,-1.2980026,0.704921,-0.2743564,-1.3004346,0.9253461,0.0,0.0,0.23729028,-0.10888472,-0.99291354,0.99658304,-0.4237577,-0.9348558,0.9836857,0.023840602,-0.674992,0.98696184,-0.3121612,-0.5586651,0.79692817,-0.2531495,-0.7468484,0.9677087,-0.5838411,-0.5773632,0.76475114,0.13930078,-0.008948566,0.99562836,-0.13930078,0.008948252,0.9891978,0.20658372,0.5916459,0.99234915,-0.5450405,0.6059544,0.97622836,0.7862615,1.258926,0.9821837,-0.3745242,1.2509745,0.95964235
255,8.87129120879121,1,432.23095703125,511.5306701660156,145.9565646464041,0.8979492783546448,True,0.95867425,-0.911912,0.70225775,0.0,0.0,0.14533417,0.9398749,-0.97967243,0.71632975,0.0,0.0,0.076721504,0.81494683,-1.0082878,0.8572735,0.58737683,-0.7605364,0.95862794,0.5373516,-0.8932429,0.9957818,0.62986743,-0.40167293,0.8588815,-0.12691626,-0.7114729,0.9933708,0.7892685,-0.2706107,0.8518206,-0.35976422,-0.59946036,0.98349124,0.033820193,0.019144606,0.9970546,-0.033820402,-0.019144606,0.99902403,0.7948344,0.57343554,0.9944419,0.3977101,0.53738105,0.99820125,0.775705,1.2345966,0.98370695,-0.2777742,1.2903274,0.9917563
255,8.87129120879121,3,1267.182861328125,476.8468017578125,98.58682448552446,0.8475183844566345,True,-0.5677796,-1.2564296,0.91198283,-0.49730366,-1.3442372,0.9137278,-0.60486,-1.327437,0.5356714,-0.2793332,-1.3269795,0.9133872,0.0,0.0,0.20448756,0.03935746,-1.0012794,0.9978046,-0.407544,-0.9645382,0.95749885,0.15049839,-0.5574576,0.9950411,-0.43683982,-0.56356907,0.7650398,-0.43137315,-0.59880024,0.98474866,-0.6978786,-0.5588051,0.75571835,0.21366769,0.0070110043,0.9982717,-0.21366645,-0.0070110043,0.99129725,0.37548324,0.64096963,0.99480903,-0.76867276,0.59083116,0.9758961,1.0412145,1.2511477,0.97663385,-0.7454342,1.171732,0.9396101
256,8.906080586080586,1,414.33258056640625,498.28021240234375,152.17280381095304,0.9004654884338379,True,0.96175385,-0.8169578,0.53377014,0.0,0.0,0.109615125,0.94510335,-0.8855686,0.5743242,0.0,0.0,0.06917414,0.8254583,-0.94743675,0.74604225,0.45759982,-0.78125626,0.89124584,0.6991892,-0.850258,0.9798809,0.61403173,-0.48381013,0.70836127,0.48585808,-0.57348144,0.9684305,0.83861893,-0.5392062,0.69515634,0.6299186,-0.56419235,0.93321854,-0.055325504,0.00833006,0.9904039,0.055325504,-0.00832986,0.9958353,0.71178144,0.667211,0.9897531,0.514852,0.63804567,0.9958081,0.8391423,1.3067881,0.9831102,-0.08558321,1.3601393,0.98991966
256,8.906080586080586,3,1277.408935546875,471.1623840332031,95.45887352798934,0.8395291566848755,True,-0.6795532,-1.214159,0.90498203,-0.6126056,-1.3023647,0.8998091,-0.71707886,-1.2905824,0.52650595,-0.40779844,-1.2847166,0.8971585,0.0,0.0,0.22252704,-0.09606533,-0.95563024,0.9977477,-0.49930876,-0.9536968,0.9591839,-0.07129037,-0.49147052,0.99480456,-0.54075253,-0.5465678,0.7768405,-0.6059828,-0.600025,0.98391473,-0.8265304,-0.5456413,0.76521,0.19776621,0.009119256,0.9983569,-0.19776621,-0.009119256,0.9920682,0.34036484,0.700395,0.9951578,-0.7428333,0.6430535,0.9783569,0.95253694,1.2915344,0.9781707,-0.74821186,1.2217671,0.9446636
257,8.940869963369963,3,1292.47705078125,467.2619018554687,94.7035733987118,0.8506802320480347,True,-0.83693767,-1.1498915,0.8778714,-0.7754395,-1.2440287,0.8916667,-0.8725571,-1.2315843,0.42575055,-0.56091833,-1.2461975,0.9170214,0.0,0.0,0.18772358,-0.28045207,-0.93804336,0.99790907,-0.47520554,-0.9137079,0.95276815,-0.38047507,-0.47874764,0.9952311,-0.5311418,-0.464315,0.73245317,-0.79359853,-0.51022434,0.98289096,-0.90780276,-0.436043,0.71084934,0.13595825,0.0029797824,0.9985316,-0.13595696,-0.0029801046,0.99202335,0.2110074,0.7149203,0.99571985,-0.8288158,0.69221246,0.9784818,0.8573975,1.2210122,0.9814579,-0.94943917,1.192863,0.9494517
257,8.940869963369963,1,388.69097900390625,495.318603515625,160.52199344530675,0.8403524160385132,True,1.014693,-0.84257525,0.4429063,0.0,0.0,0.061569516,1.003674,-0.90602714,0.4884324,0.0,0.0,0.10986756,0.91333044,-0.94252896,0.8688753,0.43434253,-0.8443055,0.95057464,0.74250805,-0.7727977,0.9955479,0.34731394,-0.511603,0.801188,0.6379969,-0.4346971,0.99095577,0.45758745,-0.40821108,0.7682932,0.9533948,-0.55706453,0.97103316,-0.08533732,-0.02118295,0.99600464,0.08533732,0.021183142,0.99875486,0.58394676,0.60349,0.99263024,0.5797981,0.68300694,0.9978085,0.57314956,1.22718,0.979511,0.16375828,1.3567401,0.9902002
258,8.975659340659341,3,1303.4488525390625,473.9130859375,103.09232096680854,0.8581026196479797,True,-0.8706618,-1.1426485,0.8496109,-0.7949299,-1.2093638,0.8785011,-0.8749624,-1.2222153,0.34169438,-0.5869983,-1.1953093,0.9374619,0.0,0.0,0.17883761,-0.3791637,-0.8957138,0.9978492,-0.5179423,-0.8917992,0.9585242,-0.5989623,-0.48551458,0.99327433,-0.6217619,-0.47540575,0.7035835,-0.93334025,-0.6200666,0.97690463,-0.9894601,-0.5380472,0.6719041,-0.024427721,0.002901014,0.9977138,0.024427721,-0.002900718,0.9892291,-0.81657034,0.62179977,0.9935707,0.14121544,0.6006212,0.9718911,-0.9029282,1.103258,0.96754026,0.9318317,1.0514251,0.9223707
258,8.975659340659341,1,380.2401123046875,500.0374755859375,149.18933533213905,0.7852312326431274,True,0.9923516,-0.921672,0.5711967,0.0,0.0,0.090474255,0.97625345,-0.99774903,0.63682693,0.0,0.0,0.1328787,0.877152,-1.0427923,0.921907,0.43079376,-0.8585022,0.9575791,0.6602357,-0.8177,0.99780864,0.06598344,-0.37810504,0.7558758,0.6096709,-0.40709677,0.99427587,0.11931917,-0.17433861,0.71687,1.0484568,-0.43744,0.97781664,-0.060828622,-0.019174878,0.99555475,0.060828622,0.019174878,0.99893194,0.47220778,0.6671218,0.9902845,0.56122607,0.7695103,0.99767643,0.20396997,1.3201777,0.9686517,0.17763114,1.4946709,0.9870384
259,9.010448717948718,3,1306.7659912109375,465.9703979492187,95.38470563541608,0.8380480408668518,True,-0.9418083,-1.0748641,0.7320293,-0.90002,-1.140939,0.8021262,0.0,0.0,0.21167582,-0.7076747,-1.1208571,0.91333646,0.0,0.0,0.09302871,-0.5252054,-0.8310898,0.990734,-0.53176415,-0.86679626,0.9543827,-0.7315654,-0.5184069,0.97211885,-0.6273603,-0.56173825,0.5918156,-1.0426681,-0.6698937,0.93615437,-1.0212294,-0.6769168,0.5913721,-0.0040722224,0.006554333,0.9936174,0.0040722224,-0.0065540127,0.9834093,-0.37472507,0.5466325,0.9936233,-0.1667154,0.52337205,0.97853094,-0.041002493,1.2954069,0.98988605,0.2229625,1.2171696,0.97587615
259,9.010448717948718,1,369.6661987304687,497.5020751953125,145.5976631330194,0.8307697772979736,True,1.0411,-0.93089956,0.71834075,0.0,0.0,0.11359006,1.0188239,-1.0071373,0.78816384,0.0,0.0,0.07018447,0.867702,-1.0513039,0.9375631,0.5333462,-0.8133625,0.9574712,0.6201519,-0.82048035,0.99736255,0.7451307,-0.32091823,0.7695596,0.81682974,-0.35054445,0.9942992,1.2864661,-0.3654371,0.7804604,1.3564816,-0.41518468,0.982113,-0.03262981,-0.0074226395,0.99440694,0.03262981,0.007422849,0.9985695,0.40508375,0.8040052,0.9882442,0.5944664,0.8570165,0.9970151,0.24792284,1.5975412,0.9549628,0.40924332,1.7343242,0.9797244
260,9.045238095238096,1,353.6938171386719,514.4412231445312,154.09358848178692,0.8346220850944519,True,0.97473043,-0.96884686,0.56158555,0.0,0.0,0.07690097,0.94722366,-1.0433857,0.6121787,0.0,0.0,0.17546165,0.8344291,-1.0615239,0.94218546,0.3778281,-0.9096936,0.9775594,0.66028863,-0.79978395,0.99868053,0.1597839,-0.41298062,0.83261544,0.85582036,-0.32809544,0.9958781,0.43636248,-0.41241717,0.7894373,1.3616213,-0.48872995,0.9820654,-0.100532174,-0.03190398,0.9970188,0.100532174,0.03190398,0.9992399,0.24337009,0.64603746,0.9916272,0.63960636,0.7861148,0.9978746,-0.03269022,1.346606,0.9637875,0.5198348,1.58821,0.9842457
260,9.045238095238096,3,1317.6715087890625,476.3931884765625,100.05853367312136,0.8322611451148987,True,-0.94357246,-1.0493126,0.5832831,-0.9115026,-1.113379,0.6871639,0.0,0.0,0.103302605,-0.7366989,-1.0938169,0.91418874,0.0,0.0,0.06682334,-0.57347536,-0.8264453,0.99089843,-0.4866158,-0.8694938,0.9485155,-0.8167534,-0.6081328,0.9795455,-0.6637326,-0.6442225,0.61215657,-1.1134267,-0.80329686,0.9484722,-1.061693,-0.7684494,0.60721964,-0.042660575,0.007335794,0.9947103,0.042660575,-0.007335489,0.985209,-0.45698103,0.4826435,0.9934009,-0.12911753,0.4572415,0.9758055,-0.16598804,1.184757,0.98701245,0.2804511,1.1063714,0.9673459
261,9.080027472527473,1,341.27532958984375,525.8739624023438,152.89322857160363,0.8827590942382812,True,0.9468309,-1.0201294,0.4661926,0.0,0.0,0.053055573,0.91074234,-1.1097531,0.5223751,0.0,0.0,0.23655707,0.8280618,-1.1263231,0.9664134,0.3764485,-0.89109606,0.9895894,0.6891863,-0.80136424,0.99931407,0.2001952,-0.33915055,0.8641061,0.8804671,-0.30225638,0.9966407,0.5864902,-0.33901381,0.76912796,1.3300453,-0.5263046,0.97973824,-0.12918529,-0.03195725,0.99858475,0.1291851,0.03195725,0.99963236,0.21809697,0.5930872,0.9960514,0.79045445,0.7694367,0.9990263,-0.32409307,1.2542709,0.9841732,0.555617,1.5704546,0.99325836
261,9.080027472527473,3,1322.38037109375,480.6580810546875,96.21901236082066,0.8152053356170654,True,-0.98029864,-1.0330014,0.45992446,-0.9453848,-1.0868927,0.54249495,0.0,0.0,0.085880615,-0.77847326,-1.073611,0.9067838,0.0,0.0,0.11965841,-0.65249926,-0.81835395,0.9912991,-0.44183385,-0.8556935,0.96114045,-0.9504087,-0.6940819,0.9730344,-0.5255522,-0.69979376,0.6511351,-1.2372034,-0.9291061,0.9245109,-0.9666706,-0.83010787,0.5814669,-0.079081364,0.0058888556,0.9952905,0.079081364,-0.0058885384,0.9887167,-0.5276354,0.5474761,0.9937423,-0.10518428,0.5229673,0.98009837,-0.14503579,1.1851707,0.98899335,0.35727692,1.1072019,0.97461253
262,9.11481684981685,1,320.73309326171875,537.169921875,153.2340680218204,0.8730869293212891,True,0.9652219,-1.0876311,0.6057543,0.0,0.0,0.09411589,0.9305818,-1.1614256,0.64685446,0.0,0.0,0.23860271,0.8176353,-1.1480557,0.96421325,0.31990647,-0.9142149,0.989176,0.6916104,-0.8111356,0.9990068,0.09142742,-0.3671452,0.8738099,0.99222434,-0.32321367,0.9952123,0.35877168,-0.28783268,0.7913939,1.4788538,-0.57512146,0.97614723,-0.16290712,-0.035882447,0.9980556,0.16290693,0.035882447,0.9994067,0.07626922,0.52937263,0.9952252,0.9457695,0.7078914,0.9986297,-0.6137883,1.1927696,0.9841925,0.748744,1.4748435,0.9925465
262,9.11481684981685,3,1333.622314453125,479.83404541015625,96.7513711272206,0.8164224028587341,True,-0.9566606,-0.9918583,0.69890636,-0.92845553,-1.0652465,0.7820552,0.0,0.0,0.14740226,-0.7514151,-1.0740354,0.9295542,0.0,0.0,0.0671404,-0.5603295,-0.82973707,0.99442816,-0.5223286,-0.85188544,0.9714542,-0.87304205,-0.60629004,0.9871868,-0.7699998,-0.6096569,0.7356015,-1.2678629,-0.6477549,0.96824986,-1.3218267,-0.53823286,0.72736204,-0.003667735,0.0058659157,0.996811,0.0036664733,-0.0058659157,0.99160904,-0.31371436,0.5141503,0.99530303,-0.4201405,0.488292,0.9829556,0.054252703,1.1881001,0.9882533,-0.2099567,1.115363,0.9710571
263,9.149606227106228,1,306.2979736328125,544.8199462890625,161.1638574465109,0.8821151256561279,True,0.0,0.0,0.26984248,0.0,0.0,0.017162338,0.7877115,-1.1709512,0.3030324,0.0,0.0,0.104931064,0.7186918,-1.164298,0.9483633,0.2580467,-0.94891185,0.98520905,0.5915158,-0.8616802,0.9991998,0.516758,-0.47519234,0.85120875,0.8847809,-0.3373649,0.9974201,1.2598702,-0.44484082,0.75274825,1.3553567,-0.5140722,0.9831818,-0.16058251,-0.028550938,0.99867404,0.16058251,0.028550938,0.99969923,-0.010762888,0.5295294,0.99517715,0.88572407,0.66059315,0.99896705,-0.60927474,1.2182914,0.9751881,0.7732069,1.4206305,0.99032307
263,9.149606227106228,3,1321.98291015625,482.0710144042969,94.11817810777931,0.7985542416572571,True,-0.7376253,-1.1109982,0.34765133,-0.70964664,-1.1704834,0.40201074,0.0,0.0,0.06340769,-0.57653916,-1.1766443,0.79450655,0.0,0.0,0.07184298,-0.41860473,-0.9061646,0.9856333,-0.34202787,-0.9435484,0.9435893,-0.68722427,-0.5263022,0.9755476,-0.47677863,-0.5339713,0.7177064,-1.0510339,-0.49691957,0.9362237,-0.89011496,-0.38364568,0.66169584,-0.0061814534,0.010998798,0.9950368,0.006180156,-0.010998798,0.9887445,-0.17986135,0.5716239,0.9929717,-0.46288398,0.54609656,0.97901917,0.34061155,1.2130009,0.9855247,-0.23256063,1.1349248,0.96835023
264,9.184395604395604,1,278.1853942871094,536.591064453125,164.9677743831775,0.8946185111999512,True,0.9030156,-1.0806384,0.32626075,0.0,0.0,0.02332007,0.8961206,-1.1551461,0.34627563,0.0,0.0,0.15873207,0.8351213,-1.129119,0.95356756,0.34927273,-0.92168546,0.9893701,0.6689078,-0.7997408,0.9994579,0.63374174,-0.4784278,0.88379747,0.98070896,-0.26733738,0.9980318,1.3310415,-0.4244772,0.8060265,1.47058,-0.41472518,0.9866851,-0.15796384,-0.03091054,0.998968,0.15796395,0.030910172,0.9997671,-0.050114844,0.5360703,0.9959615,0.86516625,0.66615754,0.99912876,-0.5069956,1.2489414,0.97692937,0.9334476,1.4306269,0.99103594
264,9.184395604395604,3,1319.314208984375,487.1251220703125,92.13596878948586,0.8273037672042847,True,-0.7283666,-1.1766701,0.6884298,-0.6760267,-1.2451769,0.75486475,0.0,0.0,0.18185875,-0.4777737,-1.2443423,0.84792703,0.0,0.0,0.05109957,-0.23323949,-0.9402174,0.98869365,-0.41067845,-0.95328945,0.9418991,-0.33023226,-0.48469558,0.98184884,-0.43875822,-0.4902916,0.6881485,-0.7901358,-0.45817456,0.95986754,-0.7807754,-0.37230757,0.6963751,0.104997784,0.011662371,0.9937735,-0.10499646,-0.011662041,0.98403335,0.07802561,0.51810807,0.9922299,-0.79207546,0.48961294,0.973637,0.7705181,1.182118,0.98354536,-0.6413039,1.1092966,0.96063536
265,9.219184981684982,1,267.67193603515625,533.920166015625,164.63733600493322,0.8616191744804382,True,0.93886536,-1.0631592,0.79590994,0.0,0.0,0.21533652,0.9023707,-1.1225162,0.79462224,0.0,0.0,0.22064069,0.7376947,-1.1207306,0.9562338,0.43096155,-0.92103744,0.98911804,0.53506947,-0.83018607,0.99856347,0.8534159,-0.5716626,0.8952485,0.92747116,-0.3340865,0.99294585,1.535723,-0.53458655,0.8432401,1.4277725,-0.27918288,0.9707545,-0.08746466,-0.030030198,0.99688584,0.08746456,0.030030198,0.998757,-0.0795318,0.5029617,0.9917997,0.76457334,0.6209041,0.99681723,-0.47403404,1.197325,0.9699753,0.9650632,1.3857585,0.9824509
265,9.219184981684982,3,1313.3310546875,485.5671997070313,95.92560411505552,0.8551010489463806,True,-0.6246232,-1.1788336,0.6755061,-0.5612921,-1.2488561,0.7796521,0.0,0.0,0.17327908,-0.36057886,-1.2521832,0.84945303,0.0,0.0,0.036497924,-0.12012381,-0.9839906,0.9888532,-0.38983482,-0.9499031,0.90248746,0.008493012,-0.64896107,0.98819494,-0.22548857,-0.53733283,0.58185226,-0.42213476,-0.68134624,0.9735791,-0.46605688,-0.45683628,0.6373079,0.14001507,0.0014567538,0.9940712,-0.14001635,-0.001457072,0.97949106,0.12546854,0.46799624,0.99301964,-0.8407152,0.46104428,0.96750355,0.88587683,1.1249162,0.9841817,-0.63457966,1.0855758,0.9520161
266,9.25397435897436,1,240.9066467285156,512.8488159179688,154.00655535027815,0.8642089366912842,True,1.1431519,-1.1043837,0.87174034,1.1216664,-1.1801654,0.30026242,1.0993482,-1.1603845,0.878575,0.0,0.0,0.23364665,0.87686074,-1.1150409,0.96308255,0.508467,-0.8983567,0.9889014,0.64868295,-0.73290175,0.99882525,0.9278108,-0.5460411,0.90073246,1.1955249,-0.23224019,0.9947135,1.6851498,-0.44843334,0.87639236,1.7923973,-0.3065705,0.9799954,-0.09648207,-0.043660276,0.9966954,0.09648217,0.043660473,0.99877733,-0.0980274,0.6016546,0.9915387,0.7737393,0.76833093,0.9968549,-0.48038548,1.3297088,0.9677269,1.0181586,1.5353692,0.9815896
266,9.25397435897436,3,1317.347900390625,488.8611755371094,98.8316212794508,0.8500247001647949,True,-0.5004986,-1.1999285,0.8018132,-0.4212598,-1.2724124,0.85846233,-0.4823878,-1.2709249,0.30172864,-0.21320885,-1.2768407,0.8828411,0.0,0.0,0.057612136,0.019140875,-1.009817,0.9916475,-0.3572811,-0.9613914,0.943725,0.10208014,-0.80562365,0.98789203,-0.3800483,-0.6956677,0.6888681,-0.3633172,-1.0348899,0.97427213,-0.76498777,-0.7404333,0.7124681,0.16234232,0.0031205665,0.9942555,-0.16234109,-0.0031205665,0.9828523,0.019201396,0.4174596,0.99205375,-0.83211976,0.40083408,0.96779567,0.7413349,1.058958,0.9812216,-0.5325219,1.0205293,0.9484064
267,9.288763736263736,3,1323.4931640625,483.2191162109375,100.29250221686236,0.8434578776359558,True,-0.43743023,-1.1505545,0.85325915,-0.36544716,-1.2258023,0.8882387,-0.4091706,-1.2189994,0.3701718,-0.16734377,-1.2576537,0.9072097,0.0,0.0,0.06771066,0.08892812,-1.0168073,0.99497163,-0.2989875,-0.9721312,0.974344,0.23954712,-0.86522007,0.99069107,-0.48495114,-0.8192084,0.81978714,-0.0044669146,-1.0523129,0.98047906,-0.9576919,-0.8906322,0.81536716,0.1587556,0.006761229,0.9971186,-0.1587556,-0.006761533,0.992694,0.021494744,0.41607058,0.99566466,-0.84905094,0.38793266,0.98468333,0.72354037,1.0643142,0.98791736,-0.6187736,1.021918,0.9698388
267,9.288763736263736,1,222.14752197265625,510.9285888671875,156.46962810972465,0.8115369081497192,True,1.1295213,-1.101583,0.7755545,0.0,0.0,0.1333413,1.0871413,-1.1599212,0.8175452,0.0,0.0,0.14829957,0.8942477,-1.1145849,0.97606033,0.66383797,-0.8433593,0.9909864,0.547025,-0.7484357,0.99942845,0.94802195,-0.4680509,0.8869408,0.9051137,-0.25785592,0.99724364,1.6689404,-0.37248287,0.82989085,1.4451245,-0.23213172,0.985021,-0.0066883527,-0.025896996,0.99843544,0.0066883527,0.025897192,0.99958044,-0.039313197,0.6595815,0.99443406,0.57124317,0.80819017,0.99850744,-0.5041856,1.2982229,0.97030735,0.78698796,1.5416608,0.98612493
268,9.323553113553114,3,1313.18994140625,474.8205261230469,92.88288603855626,0.8681201934814453,True,-0.24969621,-1.2267501,0.90954036,-0.14698055,-1.3010858,0.9382281,-0.26323023,-1.3090875,0.62337106,0.043250293,-1.2937654,0.9043616,0.0,0.0,0.13787122,0.19513953,-1.0015901,0.99446905,-0.29075962,-0.99612284,0.9633731,0.5071596,-0.7959843,0.98787296,-0.26884863,-0.7774184,0.6990672,0.3431662,-0.91180295,0.9735131,-0.57183594,-0.85544443,0.70872194,0.20025454,0.00864145,0.994995,-0.20025586,-0.00864145,0.98497045,0.1802873,0.51558876,0.9935736,-0.8589827,0.4994867,0.9743128,0.87412006,1.2528894,0.9860641,-0.6902304,1.2064434,0.9615353
268,9.323553113553114,1,204.1436309814453,512.8200073242188,158.7307990912483,0.846921980381012,True,0.978621,-1.0478885,0.766889,0.0,0.0,0.12959732,0.9289141,-1.1137314,0.80878234,0.0,0.0,0.09773756,0.7608472,-1.1139239,0.95860124,0.625127,-0.8735545,0.98365086,0.5048296,-0.776657,0.9989768,0.75266844,-0.4232311,0.85486394,0.8150545,-0.26276132,0.9967512,1.253588,-0.36502612,0.82980686,1.3033929,-0.32802743,0.9868152,0.0043112375,-0.023581455,0.9978689,-0.0043112375,0.023581455,0.99945253,0.061156165,0.6310368,0.99415237,0.5696639,0.7772782,0.9985209,-0.6671929,1.2292602,0.97288334,0.40902105,1.4727832,0.9878985
269,9.35834249084249,1,182.8677215576172,517.949462890625,158.863462828482,0.878244161605835,True,0.995431,-1.049121,0.8246103,0.0,0.0,0.29725674,0.93673754,-1.1156738,0.8110039,0.0,0.0,0.27038914,0.79267913,-1.1001439,0.9422876,0.6910197,-0.80301183,0.98923546,0.5427576,-0.77108896,0.99854016,0.7849827,-0.374678,0.9068881,0.63781434,-0.32365966,0.99369615,1.2458668,-0.2990014,0.876632,1.1558669,-0.33994624,0.9784485,0.0200279,-0.017780721,0.9973936,-0.0200279,0.017780337,0.9989384,0.16459702,0.5746078,0.99300694,0.5747095,0.70872504,0.9972855,-0.65695417,1.1461846,0.9716067,0.17477916,1.3966987,0.98377323
269,9.35834249084249,3,1321.94482421875,464.1813049316406,91.8715057590123,0.8758870959281921,True,-0.2296338,-1.2128696,0.89695585,-0.13293049,-1.2949519,0.9317345,-0.24855722,-1.2999943,0.5065191,0.031900927,-1.2771405,0.94834363,0.0,0.0,0.14378045,0.089900315,-0.9754141,0.99697125,-0.13710131,-1.0240291,0.9736158,0.19369625,-0.8886462,0.9917144,-0.06585338,-1.0887747,0.66272193,0.09077726,-0.91089773,0.98106307,-0.42020226,-1.3275224,0.6971951,0.078575745,0.022439536,0.99775475,-0.078575745,-0.022439536,0.99196035,-0.33173826,0.62197006,0.9976018,-0.4616792,0.57739794,0.98808414,0.16889328,1.3866024,0.9946089,-0.076117635,1.2897989,0.98225063
270,9.393131868131867,1,174.55429077148438,537.9131469726562,158.07827010070417,0.8875924944877625,True,0.97303337,-1.187886,0.8519211,0.0,0.0,0.20537557,0.9414349,-1.2552196,0.8623345,0.0,0.0,0.066426456,0.7393389,-1.2415111,0.9396013,0.6814369,-0.8328459,0.9832985,0.39534694,-0.8525432,0.9976876,0.9154451,-0.49676067,0.8931737,0.3137869,-0.30262694,0.99491984,1.2594595,-0.67229193,0.8771174,0.8638737,-0.32314393,0.9860436,0.0831505,0.0011390162,0.99634486,-0.0831504,-0.0011390162,0.9987565,0.27440417,0.6216349,0.98792136,0.26419356,0.6625881,0.9960211,-0.45183334,1.1471199,0.9457905,-0.35019073,1.2438868,0.97006726
270,9.393131868131867,3,1323.039794921875,464.69720458984375,90.7103119995451,0.8756775856018066,True,-0.2056227,-1.2968452,0.9323682,-0.107292585,-1.3742751,0.95327103,-0.23268504,-1.3790857,0.6944377,0.09484606,-1.3450047,0.9205896,0.0,0.0,0.17066032,0.22130702,-0.99128366,0.99583805,-0.20098267,-1.0086135,0.97385806,0.4509669,-0.6395764,0.9890848,-0.13853338,-0.7251259,0.73655766,0.23914719,-0.6390822,0.97473985,-0.4127055,-0.80471224,0.7355276,0.19064893,0.014741981,0.9957877,-0.19064893,-0.014742319,0.98764706,0.26041755,0.6025901,0.9941836,-0.8541205,0.58278114,0.9775999,0.86445564,1.3978497,0.9863405,-0.8565899,1.3432674,0.963546
271,9.427921245421246,1,154.6966094970703,549.55517578125,162.2557774021323,0.8912951350212097,True,0.91994524,-1.1820287,0.91371816,0.89847314,-1.2361622,0.36701328,0.8759695,-1.245135,0.9026261,0.0,0.0,0.13716045,0.68117917,-1.2237304,0.9471562,0.7002632,-0.842047,0.9914398,0.359665,-0.85399324,0.9982535,1.0477291,-0.57356745,0.92935073,0.041087892,-0.35793898,0.99440986,1.4443313,-0.6258512,0.9025241,0.38506246,-0.15897803,0.9840858,0.08627149,0.0028964805,0.9969041,-0.08627149,-0.0028968567,0.99872106,0.122058816,0.5868375,0.9877309,0.16237153,0.61798143,0.99505544,-0.54373574,1.1232145,0.93844944,-0.40741774,1.2340975,0.96145475
271,9.427921245421246,3,1314.403076171875,460.29931640625,91.70162093961814,0.8530648350715637,True,0.16442993,-1.2730843,0.93272346,0.22843917,-1.3499417,0.8492067,0.10642826,-1.353217,0.7974728,0.33360547,-1.3253278,0.69341123,-0.024871552,-1.3277993,0.5299724,0.40795523,-0.9589013,0.9929502,-0.11906504,-1.0201247,0.9846732,0.5224051,-0.4790739,0.9759529,-0.056678493,-0.63289374,0.9322727,0.2776112,-0.6061043,0.9528267,0.17099924,-0.71545815,0.89678717,0.2431193,0.020534938,0.99703276,-0.24312063,-0.020535272,0.99511236,0.4326005,0.6128387,0.9930102,-0.78469455,0.5556484,0.98871183,1.0031753,1.3816245,0.9751158,-0.8550522,1.3424655,0.9664166
272,9.462710622710622,1,133.93475341796875,561.03369140625,160.29128182801938,0.9005946516990662,True,0.94346195,-1.201048,0.9273981,0.9251417,-1.251924,0.43006963,0.8894464,-1.2615845,0.9094247,0.0,0.0,0.15110797,0.6750119,-1.2160721,0.9430886,0.7595472,-0.8305427,0.99374044,0.33601016,-0.84270394,0.99772614,1.19749,-0.65809774,0.95142084,-0.096874736,-0.35291415,0.992067,1.5854172,-0.73485035,0.9262871,0.16006236,0.038767237,0.9803351,0.113582686,0.0013422372,0.9970541,-0.11358278,-0.0013418564,0.9983606,0.26998663,0.5505233,0.98755693,0.21002604,0.56942046,0.99340373,-0.3791764,1.1334206,0.93360656,-0.4167042,1.2489538,0.9499332
272,9.462710622710622,3,1315.245361328125,459.7643127441406,92.550744467142,0.8532724976539612,True,0.17398079,-1.2253017,0.8716187,0.23133951,-1.300833,0.74066037,0.12785691,-1.2980157,0.6909919,0.33703533,-1.2831765,0.65316015,0.068005346,-1.2669388,0.49411383,0.37784645,-0.97612566,0.98600024,0.048003387,-0.9780118,0.98421973,0.5284316,-0.6122008,0.95558363,0.19796862,-0.61584705,0.9433281,0.3922455,-0.50349545,0.91897,0.38589472,-0.50306016,0.8966264,0.1864858,0.013123937,0.995811,-0.18648449,-0.013123937,0.9950895,0.4481705,0.57677627,0.99027234,-0.76754373,0.54100156,0.9887145,1.0643562,1.2979718,0.9707535,-0.91319597,1.2688032,0.9686623
273,9.4975,1,132.9923095703125,567.4918823242188,149.1811574311148,0.8887578845024109,True,0.8544915,-1.2372243,0.91828007,0.84665084,-1.3002598,0.38071382,0.7925611,-1.3007646,0.9115886,0.0,0.0,0.11581397,0.5765442,-1.2477356,0.9573819,0.7833016,-0.873531,0.994478,0.20883615,-0.86303544,0.9975272,1.3115238,-0.7522717,0.95308745,-0.3215229,-0.34986973,0.989207,1.6390066,-0.78751576,0.92412734,-0.22263375,0.13687676,0.9737127,0.1694049,0.0049116593,0.9977126,-0.1694049,-0.0049116593,0.9985203,0.31526092,0.6132165,0.9913413,0.008351457,0.61845875,0.9946175,-0.2544585,1.2303468,0.95511216,-0.6872599,1.3167167,0.9616659
273,9.4975,3,1321.225830078125,453.5706176757813,91.60802974395143,0.855884850025177,True,0.106513,-1.1951568,0.902239,0.18068421,-1.2617286,0.8124231,0.0628154,-1.2705266,0.7153063,0.33399695,-1.2389747,0.7031037,0.0069544665,-1.2558532,0.4232539,0.32401365,-0.91247356,0.98811686,0.013269319,-1.0588812,0.9844663,0.3936689,-0.6343612,0.9681797,-0.13472264,-1.0804907,0.9501211,0.29343343,-0.60699874,0.9462523,0.01590506,-1.2486608,0.92093045,0.17743284,0.03757364,0.9971017,-0.17743416,-0.037573975,0.996318,0.3671236,0.7189431,0.9934401,-0.77173525,0.62167186,0.99174654,1.0575693,1.3769897,0.97829264,-0.96050787,1.3039398,0.97594225
274,9.532289377289375,1,101.86060333251952,559.0795288085938,145.24216403298664,0.8869588971138,True,0.9937448,-1.1818731,0.8357011,0.0,0.0,0.28522456,0.95385706,-1.2386712,0.8303498,0.0,0.0,0.07960584,0.7338688,-1.1732149,0.89325476,0.88491553,-0.81328744,0.98278666,0.26394722,-0.82381797,0.9897243,1.4269143,-0.6728675,0.9307329,-0.20707583,-0.33906743,0.9704461,1.7634938,-0.57861006,0.9153849,-0.40055162,0.19979009,0.9523227,0.1873551,0.012378303,0.994391,-0.1873551,-0.012378303,0.9953923,0.4025646,0.6040739,0.98496544,0.003629424,0.599361,0.9879609,-0.07523199,1.3080181,0.9437926,-0.5738976,1.3703853,0.9436989
274,9.532289377289375,3,1328.3529052734375,457.4231262207031,80.55353456556249,0.8762856721878052,True,0.0046674125,-1.3780489,0.8489956,0.09071146,-1.447909,0.8030333,-0.009887943,-1.4700898,0.62804437,0.24286304,-1.3557044,0.6930486,0.0,0.0,0.2977115,0.2386457,-0.9268424,0.99201125,-0.053390346,-1.0645591,0.98717463,0.25650007,-0.70345443,0.97983485,-0.027577134,-1.0419577,0.9380946,0.2017201,-0.81254953,0.9635216,-0.18138352,-1.3219298,0.9132171,0.17145315,0.035814814,0.99690044,-0.17145315,-0.035814814,0.99561656,0.4753229,0.7315665,0.99460804,-0.9238036,0.68088716,0.99065113,1.1041673,1.5359291,0.9853768,-1.2141409,1.4290711,0.9781001
275,9.567078754578755,1,93.77947998046876,560.1010131835938,140.9698929396707,0.906974196434021,True,1.030929,-1.1539526,0.8858571,1.0423673,-1.2291298,0.40121922,0.9665797,-1.219271,0.8612272,0.0,0.0,0.08922376,0.70320743,-1.1707047,0.87447554,0.901133,-0.8097324,0.98765403,0.24497059,-0.8293057,0.98235494,1.4040941,-0.6610372,0.95084524,-0.38293323,-0.3648833,0.93963623,1.8033824,-0.5897894,0.93838096,-0.66524476,0.21952626,0.9304039,0.1584647,0.0043184017,0.9930743,-0.15846466,-0.0043184017,0.99110806,0.34462428,0.6088384,0.98321414,0.48479396,0.63436824,0.979914,-0.36153328,1.3714437,0.93246126,0.009014512,1.5229051,0.91231376
275,9.567078754578755,3,1328.6611328125,454.955322265625,80.3425208802509,0.8714346885681152,True,-0.0060759755,-1.3781346,0.9024189,0.08015304,-1.4582181,0.8890809,-0.035673376,-1.4629323,0.6684551,0.23657712,-1.4004807,0.86590904,-0.020599669,-1.4112638,0.33637264,0.25669515,-0.9744397,0.99574465,0.07245741,-0.9982893,0.98808265,0.38346714,-0.5850086,0.9801114,0.30674484,-0.64616644,0.85394627,0.39767328,-0.47498584,0.95945925,0.21543048,-0.6094379,0.8172292,0.08853239,0.017021164,0.9971174,-0.08853239,-0.017021164,0.9943375,0.06605325,0.7289803,0.9962121,-0.39138457,0.7132305,0.9909949,0.4035259,1.4731286,0.9921755,-0.4338222,1.4227362,0.9852026
276,9.601868131868132,1,91.7716827392578,563.7821655273438,139.91811654954645,0.9035752415657043,True,0.9769038,-1.2002975,0.9048403,0.9911067,-1.275342,0.51982075,0.9068953,-1.2674412,0.86473155,0.0,0.0,0.15470904,0.6492261,-1.2123734,0.8703275,0.88418514,-0.8326037,0.9924817,0.1793043,-0.86120576,0.98065704,1.400607,-0.675867,0.96367323,-0.4443742,-0.46221513,0.90948564,1.8460693,-0.667521,0.94385725,-0.46905202,-0.16904855,0.89618903,0.16828887,-0.00034112445,0.99390256,-0.16828881,0.00034112445,0.9894573,0.2654245,0.5391049,0.98522735,0.46021473,0.59608924,0.9766598,-0.46205732,1.2946244,0.94170845,0.038800508,1.460575,0.9100701
276,9.601868131868132,3,1333.001953125,454.8017578125,76.31832617021303,0.8932633996009827,True,-0.1980727,-1.4209543,0.92774075,-0.107962295,-1.4933416,0.93394405,-0.18661237,-1.5110899,0.64204216,0.17630365,-1.4098098,0.91146284,0.0,0.0,0.17500953,0.3470347,-0.90114963,0.99680316,-0.023293355,-1.0724736,0.9898358,0.364218,-0.4571351,0.9894984,-0.20775601,-0.9794278,0.8980802,0.16166514,-0.5351562,0.97590476,-0.6733064,-1.3404504,0.87084275,0.1968347,0.052121345,0.997528,-0.1968331,-0.052120943,0.9950606,0.5186694,0.8310464,0.9954541,-0.9234969,0.7507945,0.98821646,1.0628412,1.600323,0.98685175,-1.3238345,1.4454932,0.97393215
277,9.636657509157509,1,73.13673400878906,572.2180786132812,152.71146788908254,0.9090704917907716,True,0.9690597,-1.1429943,0.8869038,0.9649754,-1.2051734,0.42641103,0.91600496,-1.2074091,0.86685395,0.0,0.0,0.09214605,0.6590666,-1.1899037,0.8839396,0.8292393,-0.8525565,0.98586917,0.19504538,-0.8652447,0.9739972,1.3487613,-0.6871515,0.9297031,-0.27574652,-0.5279374,0.89147866,1.7375299,-0.7530483,0.8899869,-0.43968934,-0.31886616,0.85872024,0.14493611,-0.0054811607,0.9871954,-0.1449361,0.0054811607,0.98190224,0.31231877,0.4806791,0.95781666,0.55064136,0.5253202,0.94567615,-0.31169775,1.1269305,0.82192904,0.35340947,1.2404462,0.7676866
277,9.636657509157509,3,1336.842529296875,456.69976806640625,79.77847723565867,0.8926906585693359,True,-0.27134156,-1.4158996,0.9604394,-0.17430468,-1.4875308,0.9613075,-0.27363214,-1.5058329,0.77919614,0.092672996,-1.408438,0.92709064,0.0,0.0,0.23926243,0.257595,-0.90657645,0.9972697,-0.12565005,-1.089066,0.99257267,0.31296837,-0.48709938,0.9880277,-0.43247193,-1.0248781,0.90974665,0.2610959,-0.51193047,0.97449684,-0.9609112,-1.3447208,0.88707405,0.17207071,0.05237357,0.99732757,-0.17207223,-0.05237357,0.9950665,0.32115754,0.7253912,0.9949957,-0.7251234,0.63847566,0.9882741,0.7871375,1.4877752,0.9859071,-0.95678145,1.324277,0.9739976
278,9.671446886446889,1,73.59480285644531,571.2015991210938,151.5610203390865,0.9121379256248474,True,0.9581776,-1.2174827,0.84575844,0.94437414,-1.27787,0.34176725,0.90208286,-1.2809863,0.817292,0.0,0.0,0.105838105,0.6490805,-1.2431418,0.90894836,0.7376665,-0.8710437,0.9883376,0.1982408,-0.89646214,0.98394716,1.0982062,-0.64729166,0.93106234,-0.31147066,-0.52140266,0.9190268,1.4681283,-0.6866389,0.88273644,-0.41163602,-0.29611355,0.874179,0.12229163,-0.009558727,0.9894008,-0.12229161,0.009558727,0.9866218,0.26017272,0.5124462,0.964655,0.49853227,0.5928819,0.9592601,-0.43998113,1.1780994,0.8402252,0.23782942,1.3512044,0.80451316
278,9.671446886446889,3,1325.89111328125,455.9837646484375,84.02636876170047,0.8914968967437744,True,-0.054199643,-1.4073123,0.9352455,0.020635031,-1.4697767,0.915574,-0.0717432,-1.4811518,0.8028684,0.19667491,-1.3923924,0.8166976,-0.11783207,-1.4301461,0.39990065,0.36043605,-0.93499035,0.9967533,-0.23398185,-1.061008,0.9946068,0.5057704,-0.46010134,0.98671526,-0.50709385,-0.8916207,0.9573216,0.25126535,-0.41521862,0.9706388,-0.8257179,-1.1294131,0.93008834,0.24300058,0.033481807,0.9979809,-0.24299914,-0.033482168,0.9971233,0.55484176,0.67081577,0.994998,-0.80450034,0.6176516,0.99130905,1.0406642,1.4523835,0.98436177,-0.9800507,1.3465353,0.976616
279,9.706236263736264,3,1320.688720703125,454.6998291015625,87.71572471005102,0.8877734541893005,True,-0.15907767,-1.4066072,0.91232336,-0.09151406,-1.4715172,0.9078579,-0.18057044,-1.4740392,0.71080625,0.09532859,-1.3984352,0.83375406,0.0,0.0,0.2741888,0.33534372,-0.9583209,0.9962322,-0.32344502,-1.041644,0.9900775,0.5585003,-0.4864218,0.988196,-0.49167007,-0.8668629,0.92395973,0.12489298,-0.49943587,0.97226363,-0.76737565,-1.2077761,0.8930564,0.26552978,0.024272608,0.9975593,-0.26553118,-0.024272608,0.99566454,0.5584683,0.62814754,0.99440163,-0.8276623,0.58819515,0.98760146,1.0719428,1.42434,0.982681,-0.9087876,1.3355361,0.96909654
279,9.706236263736264,1,57.91998672485352,558.188232421875,158.3464616014341,0.8865482211112976,True,1.0029378,-1.1468762,0.82967275,0.0,0.0,0.19061962,0.9584879,-1.2186786,0.84800965,0.0,0.0,0.039163586,0.731586,-1.2065647,0.9314777,0.6651949,-0.80548203,0.97952497,0.41215265,-0.8795469,0.9891071,0.93882316,-0.53732395,0.8741964,-0.052055605,-0.4843168,0.9628488,1.2469972,-0.64777225,0.84113365,-0.22742486,-0.10169066,0.93619376,0.029078424,0.010684764,0.9902395,-0.029078424,-0.010684378,0.99300706,0.24109846,0.6138871,0.9739043,0.73420453,0.6025894,0.9823957,-0.36578012,1.1889887,0.88818926,0.32662803,1.3022846,0.8973916
280,9.74102564102564,1,75.35636901855469,565.2377319335938,166.84560297518746,0.9020909667015076,True,0.82188207,-1.1952094,0.8718042,0.0,0.0,0.24293461,0.7761975,-1.2727296,0.9047199,0.0,0.0,0.06513533,0.56867254,-1.2750129,0.96483827,0.44466215,-0.905944,0.9732048,0.27912864,-0.9584934,0.99702424,0.6045147,-0.40159228,0.8172111,0.13129142,-0.43272084,0.99114764,0.798181,-0.5178155,0.81050825,0.68658614,-0.5811847,0.9782768,0.042600352,-0.0046447935,0.9878221,-0.042600304,0.0046447935,0.9957295,0.295609,0.5114574,0.9597743,0.45875895,0.54201746,0.9858519,-0.16001354,1.1589541,0.8311449,0.034627024,1.221066,0.8988556
280,9.74102564102564,3,1316.27880859375,450.5128173828125,89.67738447225959,0.8807864785194397,True,-0.23174979,-1.3815376,0.90907484,-0.17073599,-1.4508265,0.9016573,-0.26402286,-1.4480734,0.7254227,0.01401236,-1.3938947,0.81057554,-0.32278657,-1.3914454,0.30290636,0.28357264,-0.98131645,0.99607855,-0.40078154,-1.0152462,0.989908,0.6089891,-0.5324016,0.9878242,-0.49827048,-0.76244783,0.92920476,0.22321087,-0.49158487,0.9712921,-0.712187,-0.9690043,0.896914,0.2707391,0.011193281,0.99746716,-0.2707391,-0.011193622,0.99562496,0.5748729,0.61568934,0.99365944,-0.7817247,0.59947044,0.98666304,1.0198613,1.3666543,0.9801041,-0.87667227,1.3146756,0.96587235
281,9.77581501831502,3,1313.2283935546875,446.1525268554687,89.09220274795985,0.8701388835906982,True,-0.41705117,-1.3554571,0.936676,-0.36253536,-1.4330268,0.9318212,-0.4563815,-1.4179834,0.76475006,-0.16611236,-1.392791,0.8524195,-0.4869415,-1.3549144,0.30093148,0.12111915,-1.0059673,0.9965515,-0.47570485,-0.962349,0.9905935,0.3534553,-0.60162705,0.98813605,-0.57906127,-0.63779306,0.9245633,-0.13164195,-0.6300027,0.97224945,-0.919607,-0.7637903,0.8940921,0.24573904,-0.004373884,0.99690264,-0.24573904,0.0043735416,0.9945531,0.49648738,0.5897899,0.9921067,-0.8049371,0.598139,0.9829873,0.9650468,1.3338287,0.9755073,-0.89624166,1.3228167,0.95763624
281,9.77581501831502,1,43.87851333618164,558.26416015625,172.83389516576753,0.8291566967964172,True,0.911728,-1.1389332,0.83297014,0.0,0.0,0.18559536,0.84531933,-1.2026992,0.9152931,0.0,0.0,0.034718234,0.58179814,-1.1876062,0.9565409,0.24138068,-0.87813634,0.86514497,0.57298243,-0.9485583,0.9878784,0.32515067,-0.43906343,0.39531732,1.1020579,-0.74271524,0.9680815,0.77065235,-0.27569237,0.4006896,1.6475284,-0.7686704,0.9185106,-0.11583947,-0.0022869569,0.9261509,0.11583946,0.0022866037,0.9775084,0.28438863,0.4748243,0.87193507,0.8372864,0.5078598,0.9604565,-0.22820276,1.0881995,0.7448885,0.45293367,1.20629,0.8559006
282,9.810604395604395,3,1313.736328125,448.40960693359375,92.7014791615646,0.8768898248672485,True,-0.50456244,-1.315948,0.87568784,-0.4616515,-1.3898636,0.8899401,-0.5328791,-1.3787006,0.5413712,-0.24953303,-1.3588648,0.85342634,0.0,0.0,0.15555422,0.06687687,-0.99537337,0.9946985,-0.48316556,-0.9608229,0.98191065,0.30581352,-0.58160174,0.98722607,-0.47785354,-0.62880844,0.8732254,-0.24917354,-0.57696724,0.9707364,-0.8117085,-0.71167374,0.844699,0.23204577,-0.0010949282,0.99642015,-0.23204577,0.001094599,0.99267817,0.40208423,0.5246652,0.9924474,-0.8394814,0.52389514,0.98029983,0.84352535,1.2430305,0.9783543,-0.9536581,1.2183595,0.9576054
282,9.810604395604395,1,29.49089241027832,554.699951171875,165.5226629842111,0.8551568984985352,True,0.81585956,-1.1925384,0.439684,0.0,0.0,0.037060924,0.765409,-1.2490661,0.614077,0.0,0.0,0.025146406,0.5399949,-1.2004248,0.89000154,0.051681254,-0.89949465,0.7437049,0.6402069,-0.97701585,0.9862385,-0.030609688,-0.5022583,0.34082732,1.4030975,-0.96506584,0.98189294,0.29054585,-0.34000096,0.38686875,1.9634415,-1.0347652,0.9476038,-0.17816831,-0.0013861011,0.9532185,0.17816831,0.0013857324,0.9900686,0.34168446,0.4746974,0.924906,0.9039603,0.49939466,0.983888,-0.10809164,1.1324697,0.84441394,0.52162975,1.2578726,0.9353262
283,9.845393772893772,1,32.81665802001953,559.871337890625,173.50223585824452,0.8921889662742615,True,0.71108353,-1.1364833,0.5209824,0.0,0.0,0.05299608,0.67248756,-1.1928993,0.70445013,0.0,0.0,0.02606391,0.47303993,-1.1854755,0.9150744,0.0028038872,-0.9271664,0.739614,0.5763224,-0.9871516,0.98364645,0.0,0.0,0.29204544,1.2588464,-1.0704988,0.9721593,0.0,0.0,0.29085767,1.532242,-1.2845026,0.9150334,-0.15707324,-0.005940913,0.9342715,0.15707323,0.005940913,0.9847686,0.5330031,0.4325212,0.8906566,0.7446153,0.48633873,0.974269,0.17575134,1.0469719,0.8021054,0.26503006,1.1682752,0.91056764
283,9.845393772893772,3,1302.816650390625,446.0152282714844,88.64934929107926,0.884281575679779,True,-0.5510389,-1.2845709,0.92867327,-0.48132408,-1.3723224,0.9135191,-0.5833434,-1.363344,0.6032312,-0.2305941,-1.3642986,0.901803,0.0,0.0,0.23478092,0.092237085,-1.0148541,0.99792874,-0.38766593,-0.96320623,0.9804007,0.32567883,-0.53831095,0.99546754,-0.60713524,-0.5339393,0.90397096,-0.30067247,-0.61865383,0.9892966,-0.9081106,-0.600652,0.89526063,0.21533416,0.0076365075,0.9990846,-0.21533416,-0.0076365075,0.99677426,0.37031022,0.6429542,0.9975182,-0.751686,0.5710757,0.99176735,0.9526484,1.401192,0.9873203,-0.907849,1.2490305,0.9739847
284,9.88018315018315,1,39.372589111328125,563.872314453125,173.32644764751143,0.8968747854232788,True,0.63215196,-1.1440288,0.35004812,0.0,0.0,0.03529477,0.6054217,-1.2025093,0.44375288,0.0,0.0,0.049234074,0.50108874,-1.1830971,0.885609,0.027341373,-0.8760679,0.90372795,0.63248366,-1.0119551,0.9899451,-0.13911343,-0.44733158,0.56981826,0.99348074,-1.0892897,0.97813886,-0.08020367,-0.21764605,0.48648658,0.8849466,-1.3436571,0.92714864,-0.20468345,0.016461484,0.9895578,0.20468342,-0.016461836,0.99701655,0.3335437,0.48777926,0.98559374,0.8934951,0.496488,0.99626607,-0.16771223,1.1205616,0.96913886,0.37937188,1.2145185,0.9863462
284,9.88018315018315,3,1297.6099853515625,453.9588012695313,89.6406808679138,0.8558086156845093,True,-0.6330885,-1.2685664,0.86316466,-0.5727593,-1.3540251,0.8631795,-0.65179116,-1.3432715,0.4005592,-0.32817382,-1.3429958,0.9089085,0.0,0.0,0.17428999,-0.009920521,-1.006154,0.9978089,-0.30427197,-0.9690132,0.9698005,0.20657425,-0.56048185,0.9957008,-0.4325306,-0.57016134,0.8566437,-0.33515564,-0.6401711,0.98819935,-0.7840874,-0.59036326,0.84281385,0.15567388,0.010294668,0.9990368,-0.15567388,-0.010294668,0.9959067,0.31310442,0.7113817,0.99716467,-0.6820865,0.64255387,0.98883396,0.9211949,1.2969198,0.98518777,-0.83675677,1.1741613,0.96610147
285,9.914972527472528,1,47.941776275634766,570.8829345703125,174.39670205390163,0.8969700932502747,True,0.0,0.0,0.22458608,0.0,0.0,0.021868968,0.5238851,-1.2140787,0.35158652,0.0,0.0,0.03574188,0.41860998,-1.1930859,0.8875121,-0.094598256,-0.9222144,0.8002331,0.5904085,-1.0153543,0.97586787,0.0731078,-0.61353093,0.32560453,0.82006586,-0.9132705,0.93981266,0.0,0.0,0.24088301,0.6174407,-0.9238743,0.80953294,-0.25327408,0.007430051,0.9555631,0.25327405,-0.0074304007,0.9864422,0.2278257,0.4903165,0.9443971,0.96339315,0.48046777,0.9841809,-0.259331,1.1014664,0.9190914,0.4478939,1.1894332,0.9607282
285,9.914972527472528,3,1300.3310546875,460.877685546875,91.5618666827136,0.8351386785507202,True,-0.67828035,-1.2322931,0.8290496,-0.6194582,-1.3205003,0.8262599,-0.6996169,-1.3133757,0.3700804,-0.43560722,-1.3177955,0.89804,0.0,0.0,0.21776065,-0.17144957,-0.9705082,0.99740726,-0.43956947,-0.9338702,0.9644589,-0.09145088,-0.4961565,0.99377835,-0.5360492,-0.5096335,0.7965275,-0.7610801,-0.53505963,0.9824854,-0.93458545,-0.48913822,0.77916217,0.087736584,0.0013798623,0.9982545,-0.087736584,-0.0013801956,0.9926571,-0.083354354,0.6075714,0.9951214,-0.23216617,0.5607987,0.9807833,0.37104833,1.1378812,0.97611,0.19951077,1.03683,0.945173
286,9.949761904761903,1,62.95812225341797,571.674560546875,158.7191939661367,0.8988841772079468,True,0.0,0.0,0.19468385,0.0,0.0,0.019812351,0.0,0.0,0.28621694,0.0,0.0,0.067473955,0.28992838,-1.2861135,0.9195464,-0.29278567,-0.9728731,0.89324325,0.46970385,-1.0192865,0.987164,-0.38939682,-0.42469543,0.43864003,0.69023794,-0.5580346,0.95329857,0.0,0.0,0.28678027,0.6988032,-0.12257584,0.8294426,-0.28096685,-0.00618161,0.9684683,0.28096685,0.006181225,0.98992425,0.106628634,0.50678855,0.94336426,0.97606057,0.5230542,0.9824938,-0.39489952,1.21454,0.8981466,0.53716886,1.323564,0.9476867
286,9.949761904761903,3,1300.780029296875,466.7193603515625,93.66636033613888,0.7854246497154236,True,-0.77389354,-1.1661683,0.9194528,-0.7091952,-1.253771,0.9506794,-0.8144858,-1.2498524,0.47391772,-0.48168626,-1.2586724,0.96313775,0.0,0.0,0.10556176,-0.2553424,-0.92588854,0.9969368,-0.50216025,-0.9251082,0.9775544,-0.35859206,-0.4745324,0.9873883,-0.60244244,-0.47752044,0.63299316,-0.68520373,-0.5111562,0.96911746,-0.8771341,-0.49165446,0.6514264,0.0845533,0.011839665,0.99417466,-0.084554605,-0.011839339,0.9821613,-0.5533009,0.21424681,0.99173963,-0.6231914,0.18533657,0.9652756,-0.26628053,0.9122787,0.9822427,-0.32796317,0.85481733,0.9505717
287,9.984551282051282,1,82.63351440429688,582.0388793945312,159.3107170877405,0.9075126051902772,True,0.0,0.0,0.25630915,0.0,0.0,0.026827475,0.0,0.0,0.28206545,0.0,0.0,0.08659104,0.092196345,-1.3129654,0.92756903,-0.4386076,-0.9629836,0.96399486,0.3361124,-1.0343882,0.9880277,-0.518694,-0.48863766,0.70814204,0.6288992,-0.67035174,0.94140834,-0.39528474,-0.120287105,0.46098346,0.46804887,-0.31611365,0.80437076,-0.285983,-0.0010895939,0.9800567,0.28598297,0.0010895939,0.9893091,-0.089221224,0.4533592,0.9311789,0.86154944,0.47409824,0.9640416,-0.518694,1.0779688,0.791904,0.54573005,1.1905384,0.8431153
287,9.984551282051282,3,1293.0985107421875,465.6990966796875,87.23707813716985,0.7995420694351196,True,-0.7794977,-1.1713088,0.87088424,-0.7035748,-1.241223,0.9149054,-0.7986988,-1.2499508,0.36619553,-0.4890868,-1.2214304,0.95824564,0.0,0.0,0.12474594,-0.32668057,-0.8933848,0.9965926,-0.512532,-0.92202765,0.97155434,-0.42918304,-0.42628545,0.98606026,-0.5837476,-0.45992097,0.55978847,-0.7461651,-0.44180572,0.9634937,-0.88786596,-0.46254325,0.5785149,0.025492337,0.009501905,0.99538064,-0.025492337,-0.009501556,0.9841149,-0.63465255,0.42550498,0.99384016,-0.041662578,0.39871937,0.972297,-0.3081889,1.1248854,0.9880751,0.68876743,1.0448724,0.96456116
288,10.01934065934066,1,85.88735961914062,585.45654296875,166.5509881312594,0.9102104902267456,True,0.0,0.0,0.16506198,0.0,0.0,0.019966915,0.0,0.0,0.18795922,0.0,0.0,0.08894695,0.061149683,-1.2995071,0.89278936,-0.4504504,-0.9412256,0.92258596,0.34471118,-1.0559771,0.9798078,-0.5156821,-0.4268038,0.52701336,0.63866353,-0.7420316,0.9139076,0.0,0.0,0.2901412,0.42278066,-0.5758714,0.72152036,-0.29439673,0.011090705,0.9498574,0.2943968,-0.011091072,0.9770597,-0.1322709,0.42832866,0.8455694,0.8188876,0.41730577,0.9282207,-0.5156821,1.028144,0.65083575,0.5324758,1.1031818,0.7513309
288,10.01934065934066,3,1286.452880859375,463.2444458007813,81.1877446819806,0.7588236927986145,True,-0.9536258,-1.1295438,0.8503266,-0.86542726,-1.2202435,0.8678072,-0.97749627,-1.213246,0.3892398,-0.6203461,-1.2248771,0.9052847,0.0,0.0,0.17764859,-0.33368716,-0.9294032,0.9964264,-0.56621057,-0.8567062,0.9400391,-0.3829211,-0.46456456,0.99023813,-0.5657715,-0.38058683,0.65325814,-0.89495254,-0.42162752,0.97192365,-0.99215144,-0.43452877,0.6499529,0.0050970544,-0.0034950157,0.99647033,-0.0050970544,0.0034950157,0.98409677,-0.84457743,0.6643484,0.9917955,0.09480221,0.6518644,0.9655763,-0.8054113,1.1970906,0.97002685,0.99063736,1.1195493,0.92865616
289,10.054130036630037,1,90.47454071044922,582.6162109375,165.04699357683353,0.9140636324882508,True,0.0,0.0,0.19174422,0.0,0.0,0.02215298,0.0,0.0,0.21672733,0.0,0.0,0.10205786,0.06949569,-1.3150738,0.91799176,-0.45730087,-0.94693637,0.9469035,0.33802754,-1.0495039,0.9856716,-0.5395134,-0.40631145,0.5961477,0.6418437,-0.6661742,0.92871225,-0.37378675,-0.1262369,0.33902386,0.5499464,-0.44514817,0.7512343,-0.29442447,0.0075983773,0.9632329,0.2944245,-0.0075983773,0.98250717,-0.19385535,0.43466845,0.8786153,0.7865587,0.42724612,0.9415195,-0.54817444,1.0591034,0.6922752,0.5332482,1.1404145,0.7766215
289,10.054130036630037,3,1278.17919921875,467.02252197265625,83.73867025365978,0.7967261672019958,True,-0.94175667,-1.1428148,0.8754118,-0.8533206,-1.2386725,0.89998883,-0.975457,-1.2246351,0.44473112,-0.600692,-1.215295,0.91562927,0.0,0.0,0.17628425,-0.38216603,-0.892306,0.9963767,-0.5440233,-0.88031125,0.9286533,-0.44967458,-0.47940037,0.99237025,-0.55829906,-0.5349593,0.6421482,-0.9822662,-0.39530584,0.97777236,-1.0039561,-0.45212507,0.65645486,0.099342965,0.003650214,0.9963834,-0.099341504,-0.0036498494,0.98145413,0.029835835,0.6022853,0.990798,-0.59321225,0.55373704,0.95602036,0.91002864,1.1404265,0.9666755,-0.20193234,1.0590053,0.9135684
290,10.088919413919411,1,92.98225402832033,583.38037109375,167.50189658574638,0.9205202460289,True,0.0,0.0,0.2533448,0.0,0.0,0.03536923,0.0,0.0,0.24768001,0.0,0.0,0.20398562,0.13447432,-1.3397874,0.93635523,-0.4311919,-0.9947018,0.975476,0.3946913,-1.0049651,0.99209595,-0.4974751,-0.46306485,0.7405682,0.7007695,-0.5761477,0.9445059,-0.32133266,-0.20130041,0.47092193,0.5349777,-0.5738659,0.7916645,-0.3039147,-0.009805596,0.97832346,0.30391476,0.009805596,0.9881274,-0.2098704,0.39447868,0.91526634,0.72628224,0.4492552,0.9535982,-0.55511165,1.0756032,0.73345196,0.4910037,1.1745764,0.7945612
290,10.088919413919411,3,1266.385498046875,465.33013916015625,82.10658076338312,0.8042364716529846,True,-0.9505289,-1.1254575,0.85709697,-0.8712327,-1.2205617,0.8984457,-0.98252034,-1.2038294,0.3813415,-0.6115441,-1.198669,0.91811115,0.0,0.0,0.13660988,-0.38768268,-0.89721924,0.99664754,-0.5010607,-0.89446545,0.89852995,-0.52907515,-0.48830566,0.99360305,-0.47002968,-0.55167717,0.55375147,-0.85999745,-0.23979987,0.97754544,-0.8581673,-0.35598633,0.5693454,0.12304921,7.470818e-05,0.99689543,-0.12304921,-7.470818e-05,0.9800323,0.30125758,0.63555104,0.9921183,-0.7991545,0.63307714,0.95387757,1.2568429,1.2166164,0.97227275,-0.72345614,1.2179381,0.91702056
291,10.123708791208792,1,90.5973663330078,577.3927001953125,174.52172983555903,0.923085629940033,True,0.3208473,-1.2829791,0.3151754,0.0,0.0,0.04252427,0.28788885,-1.3630369,0.35121122,0.0,0.0,0.21143454,0.19700561,-1.3148887,0.95935273,-0.40685365,-1.0028638,0.9730195,0.45308477,-0.9966019,0.99383163,-0.5021566,-0.4875413,0.6535178,0.8096707,-0.60151505,0.9473272,-0.33620226,-0.16561794,0.36456946,0.6658737,-0.5619419,0.7737251,-0.31085613,-0.011973292,0.97266495,0.3108561,0.011972942,0.9872825,-0.19915174,0.38027617,0.9029028,0.71241367,0.4404581,0.953928,-0.51911795,1.0659461,0.7312488,0.48280692,1.1674862,0.8078686
291,10.123708791208792,3,1261.4644775390625,449.9700927734375,74.72747666577597,0.8059821128845215,True,-1.0583395,-1.0386415,0.8023176,-0.9985372,-1.1311603,0.8627198,-1.0766073,-1.1191349,0.31205526,-0.74544466,-1.1430429,0.90774554,0.0,0.0,0.1287388,-0.4998583,-0.8858458,0.99486816,-0.55889934,-0.8109243,0.88625705,-0.5901489,-0.41461325,0.98898906,-0.5196715,-0.3219511,0.5069264,-0.7443502,-0.007116108,0.9596584,-0.9045678,-0.11133595,0.48623297,0.09099471,-0.024734652,0.995939,-0.09099471,0.024734244,0.97664213,0.27375188,0.7130267,0.99103516,-0.78874004,0.7965157,0.95262694,1.2793721,1.4649227,0.9739488,-0.617777,1.498607,0.9272893
292,10.158498168498168,1,93.26658630371094,564.4501953125,179.51520138207587,0.9194301962852478,True,0.0,0.0,0.1684588,0.0,0.0,0.030834224,0.0,0.0,0.16715741,0.0,0.0,0.19886458,0.264039,-1.2934563,0.8540845,-0.3589672,-1.0265117,0.92676514,0.48199657,-0.9697006,0.9808034,-0.48985124,-0.50311047,0.5885925,0.73713404,-0.52940965,0.9071547,-0.3816416,-0.1220049,0.37588742,0.59849143,-0.41524363,0.719388,-0.3028093,-0.021503296,0.96244776,0.3028093,0.021503296,0.9805259,-0.1568064,0.46366403,0.924181,0.6811108,0.53573483,0.960444,-0.49675336,1.1440059,0.84213275,0.4184127,1.2382967,0.8884466
292,10.158498168498168,3,1266.1934814453125,455.8486328125,88.66642584101757,0.7366425395011902,True,-1.0609559,-0.9458342,0.65987647,-1.0175585,-1.021711,0.74319553,0.0,0.0,0.19269496,-0.8389667,-1.0270648,0.89242077,0.0,0.0,0.13849676,-0.74307156,-0.7918817,0.9935034,-0.46329114,-0.8033265,0.90049326,-0.7920324,-0.4068243,0.9849141,-0.50809705,-0.46477938,0.5521809,-1.0404466,-0.3925988,0.9492221,-0.9146528,-0.56640494,0.51645374,-0.08537556,-0.009078889,0.99602807,0.08537556,0.0090785455,0.9817074,-0.16516021,0.64443046,0.9927377,-0.107514866,0.6293514,0.9688835,0.6529724,1.2991389,0.9764771,0.38127893,1.1988078,0.9435396
293,10.193287545787546,1,95.48768615722656,558.6928100585938,179.29538735383466,0.9160526394844056,True,0.42412907,-1.2754492,0.42824033,0.0,0.0,0.07339713,0.391041,-1.3484972,0.44797415,0.0,0.0,0.23450765,0.28135478,-1.2990035,0.953461,-0.34967923,-1.0349898,0.9723886,0.5154392,-0.95812905,0.99158114,-0.48432583,-0.5239245,0.6805488,0.8362278,-0.5243693,0.92570966,-0.43869397,-0.11361239,0.41112894,0.6640652,-0.5022715,0.74256265,-0.308958,-0.024022872,0.96633667,0.308958,0.024022872,0.9809094,-0.20602712,0.47387102,0.88838375,0.69071907,0.5641414,0.9347474,-0.5325719,1.1693013,0.690084,0.43297762,1.2621217,0.7483005
293,10.193287545787546,3,1248.1922607421875,444.76165771484375,77.03059499454383,0.7635719776153564,True,-1.1288905,-0.86403614,0.6929881,-1.0828359,-0.9376617,0.8112258,0.0,0.0,0.17848545,-0.89079106,-0.9604065,0.9119792,0.0,0.0,0.05616947,-0.6358114,-0.7344847,0.9898407,-0.72146595,-0.7344585,0.926346,-0.5768828,-0.29587242,0.96706724,-0.6981693,-0.27900726,0.38296643,-0.6694181,-0.23480882,0.9319173,-0.94458205,-0.23989333,0.4385117,0.023794256,-0.006099903,0.99461335,-0.023794256,0.0060995067,0.98337746,-0.16764057,0.6905754,0.996974,-0.08847692,0.68457294,0.987525,0.45106715,1.4612843,0.996342,0.5150129,1.3975905,0.9897183
294,10.228076923076925,1,101.1467742919922,546.2186279296875,175.5704246524968,0.922160267829895,True,0.45802677,-1.3074129,0.34759572,0.0,0.0,0.05549067,0.42991772,-1.3851309,0.38118455,0.0,0.0,0.20672481,0.33416668,-1.330589,0.9387047,-0.280119,-1.0254735,0.96918476,0.5290314,-0.95897675,0.9915138,-0.5183459,-0.44842482,0.6957702,0.7985763,-0.47263247,0.9393232,-0.52038896,-0.09429156,0.46099252,0.61504835,-0.46646136,0.7891668,-0.2949335,-0.020480119,0.98518384,0.2949335,0.020480119,0.99246407,-0.14166552,0.52852,0.9729335,0.75482094,0.6052916,0.9868075,-0.57610375,1.2504469,0.93747395,0.41411883,1.3485205,0.9572548
294,10.228076923076925,3,1237.531494140625,441.91644287109375,79.75375240677482,0.6365509033203125,True,-1.1505905,-0.79267967,0.799506,-1.1173706,-0.8694506,0.8687844,0.0,0.0,0.2995854,-0.9177587,-0.921017,0.89295226,0.0,0.0,0.06863057,-0.61364114,-0.7215049,0.99235874,-0.81493825,-0.67819494,0.9472153,-0.63231283,-0.3999926,0.9837526,-0.92765397,-0.3621296,0.6096233,-0.82068104,-0.4996271,0.9665205,-1.2945747,-0.5315342,0.6646781,0.093734875,-0.016478334,0.99601907,-0.0937364,0.016477952,0.98819864,0.17141692,0.71003926,0.99651706,-0.32020712,0.72559655,0.9864842,0.8777032,1.3633962,0.9936935,0.039639223,1.3299605,0.9831381
295,10.2628663003663,1,100.2554931640625,541.4733276367188,177.6429551164733,0.9226806163787842,True,0.5019269,-1.3141534,0.3712027,0.0,0.0,0.05120211,0.47240034,-1.3917806,0.4252196,0.0,0.0,0.15991476,0.3634242,-1.3328899,0.94748527,-0.2608567,-1.0203596,0.96476704,0.5547361,-0.9579313,0.99188495,-0.45606595,-0.40652382,0.6676203,0.827842,-0.4534927,0.9475041,-0.49910817,-0.047348876,0.45089304,0.7093589,-0.50558525,0.81647414,-0.30037996,-0.020087255,0.9810199,0.30037996,0.020087255,0.99124944,-0.14531118,0.5507507,0.9629646,0.84130436,0.6223613,0.9835686,-0.56436515,1.2729717,0.91060936,0.49062634,1.3511637,0.94159955
295,10.2628663003663,3,1228.473388671875,440.7789916992187,71.80696990696231,0.7163149118423462,True,-1.2416813,-0.78525966,0.8182976,-1.1886896,-0.8763946,0.89004034,-1.2605715,-0.85749555,0.3198365,-0.9437856,-0.9098132,0.90579015,0.0,0.0,0.06311709,-0.586224,-0.69992495,0.98962665,-0.900579,-0.6377674,0.928933,-0.62367284,-0.458307,0.9752128,-1.0897797,-0.39653403,0.5066879,-0.8404864,-0.54255116,0.9538857,-1.4463214,-0.54454905,0.5852074,0.12515752,-0.016057998,0.99091256,-0.12515582,0.016058423,0.9742691,-0.09798337,0.6821062,0.9908048,-0.49481958,0.6862287,0.9654186,0.6510442,1.4938936,0.9819012,0.05730458,1.457429,0.9528229
296,10.297655677655678,1,99.0602569580078,534.7041015625,178.7927524676518,0.9199328422546388,True,0.5850607,-1.2824798,0.32504785,0.0,0.0,0.034287315,0.5597928,-1.3666441,0.3847713,0.0,0.0,0.14097707,0.45754325,-1.3183107,0.95694757,-0.19797951,-1.0021834,0.9721204,0.60887825,-0.9551522,0.99546236,-0.369872,-0.33983094,0.7253632,0.83642745,-0.39280412,0.97443694,-0.41871017,0.05884601,0.5403707,0.915505,-0.37348613,0.8971034,-0.297841,-0.01829388,0.9892925,0.297841,0.018293537,0.9958134,-0.123571545,0.592377,0.9766465,0.8990637,0.6533532,0.9912315,-0.55405074,1.3493676,0.9319569,0.5099747,1.417316,0.96018577
296,10.297655677655678,3,1225.2996826171875,429.67919921875,74.9590084744373,0.6846226453781128,True,-1.2911646,-0.60776544,0.6703315,-1.2676215,-0.6829571,0.7416143,0.0,0.0,0.20339033,-1.0691667,-0.74752116,0.8216112,0.0,0.0,0.066475235,-0.67123115,-0.60519123,0.97985804,-0.9272402,-0.5968444,0.924423,-0.78650737,-0.33579835,0.9528483,-1.1979969,-0.30656323,0.60535693,-1.1025753,-0.44412538,0.9214501,-1.6101248,-0.32611004,0.6423691,0.09417745,-0.00454187,0.9886723,-0.09417745,0.00454187,0.9772503,-0.27519435,0.7379049,0.9881021,-0.39885893,0.72016084,0.9692244,0.22509861,1.5299687,0.97719157,0.05289675,1.4614499,0.9549219
297,10.332445054945056,1,97.2628173828125,537.0023193359375,182.9542310001547,0.9210802912712096,True,0.61563206,-1.2767447,0.38295957,0.0,0.0,0.03899887,0.5911875,-1.3615948,0.44429737,0.0,0.0,0.1594437,0.49095467,-1.3143815,0.96779376,-0.1681827,-1.0048516,0.98027384,0.6180756,-0.9438908,0.9971994,-0.33474696,-0.39934602,0.775387,0.811048,-0.37975082,0.9833666,-0.3759628,-0.025547434,0.603944,0.9797606,-0.32901275,0.92728597,-0.2916074,-0.02214329,0.99184,0.29160735,0.022142956,0.9969893,-0.0865959,0.5866662,0.9787137,0.95727,0.6509029,0.99250364,-0.5316238,1.3211685,0.92873967,0.58801156,1.390639,0.9598653
297,10.332445054945056,3,1216.390380859375,421.8758544921875,70.20812984927815,0.7332481145858765,True,-1.3492684,-0.54303956,0.65113914,-1.3196846,-0.6377661,0.74995714,0.0,0.0,0.21477439,-1.1000113,-0.7329582,0.7927863,0.0,0.0,0.060007617,-0.61901957,-0.5844822,0.96364594,-1.0067322,-0.5803893,0.8525958,-0.49317127,-0.015504786,0.9114658,-1.1064757,-0.06318798,0.39386976,-0.7937998,0.2555886,0.857616,-1.3349277,0.09919281,0.44982797,0.13476254,-0.0009458484,0.9708373,-0.1347608,0.0009454138,0.93942314,-0.3196933,0.72530925,0.97537225,-0.55916685,0.7041789,0.9344561,0.2599101,1.7336742,0.96285707,0.03066531,1.6496214,0.9243162
298,10.367234432234431,1,100.61589813232422,534.693603515625,181.81039409326925,0.92751944065094,True,0.65245426,-1.2684999,0.45806038,0.0,0.0,0.044321276,0.6317007,-1.3574743,0.5393389,0.0,0.0,0.16679844,0.523752,-1.3201735,0.9785459,-0.13767219,-1.0026853,0.9846123,0.5872078,-0.9461394,0.99840504,-0.34423292,-0.39338234,0.7729806,0.7831343,-0.33839944,0.9891395,-0.3132891,-0.092425376,0.5848514,1.0396824,-0.25143066,0.9421494,-0.27650946,-0.023577426,0.99364763,0.2765095,0.02357776,0.9980102,-0.09252764,0.6351919,0.98222107,0.99033403,0.70306265,0.9946504,-0.5534111,1.4124037,0.93588346,0.7427693,1.5038307,0.9672943
298,10.367234432234431,3,1202.95166015625,425.6938171386719,79.7117730425687,0.6358898282051086,True,-1.1842885,-0.7125767,0.826914,-1.1449087,-0.8035493,0.8931701,-1.2477878,-0.7889298,0.39659348,-0.93977964,-0.8576573,0.88913035,0.0,0.0,0.09685351,-0.5926121,-0.66804636,0.98266184,-0.93235236,-0.6259724,0.9065343,-0.568926,-0.24264936,0.9442306,-1.0102545,-0.16331461,0.40558878,-0.76162153,-0.00038170052,0.8984351,-1.1251689,0.016716722,0.4587757,0.11557601,-0.013901632,0.9739328,-0.11557601,0.013901632,0.9368264,-0.29254416,0.6217412,0.97054124,-0.39295322,0.62990505,0.91089857,0.07841515,1.4648069,0.9474254,0.04293882,1.4329379,0.8854382
299,10.40202380952381,1,110.22349548339844,537.8770141601562,186.6186480066459,0.9298753142356871,True,0.666349,-1.2451571,0.5625714,0.0,0.0,0.071678326,0.64304715,-1.3244209,0.65995544,0.0,0.0,0.14394268,0.4890093,-1.3068274,0.9733427,-0.105607,-1.0062383,0.9713637,0.4729666,-0.9597341,0.99690515,-0.35282448,-0.4271594,0.6751408,0.70726526,-0.39299196,0.980451,-0.20343497,-0.17252745,0.5014799,0.93972963,-0.17727241,0.9134748,-0.23029388,-0.025224036,0.9860388,0.23029393,0.025224036,0.99544203,-0.12516148,0.7076257,0.97048,0.8716478,0.7866786,0.9904206,-0.51824135,1.5010306,0.91719794,0.86692244,1.6580862,0.95515764
299,10.40202380952381,3,1191.544677734375,422.5506591796875,84.74662161383775,0.7555997967720032,True,-1.1473526,-0.6570756,0.8504788,-1.1302087,-0.7463608,0.88314784,-1.1937325,-0.7313113,0.3978585,-0.95784867,-0.85806316,0.89547265,0.0,0.0,0.11943422,-0.58285964,-0.75271773,0.99400675,-0.79883695,-0.69328076,0.9716655,-0.44709477,-0.3423744,0.9795832,-0.7856701,-0.22439758,0.7214359,-0.74092215,-0.14784168,0.9590598,-1.0364996,-0.039298486,0.7337195,0.080815926,-0.015480861,0.99545574,-0.080815926,0.015480861,0.98963135,-0.16239671,0.74814045,0.99405247,-0.33676472,0.75997955,0.9828263,0.16877776,1.4702915,0.9858847,-0.06488926,1.4400212,0.9698738
300,10.436813186813186,1,108.5569076538086,558.645263671875,199.26094285888945,0.9285139441490172,True,0.6829351,-1.2661531,0.6070498,0.0,0.0,0.08107915,0.6502583,-1.3402592,0.7093124,0.0,0.0,0.15718669,0.49723113,-1.3041021,0.9774736,-0.0227363,-1.0057176,0.97595066,0.46464136,-0.94485164,0.9977342,-0.22869135,-0.4429621,0.6915207,0.6243457,-0.3948312,0.98547494,0.00019151888,-0.19971353,0.5260075,0.91005087,-0.23050877,0.9315489,-0.19926597,-0.029861324,0.9886606,0.19926597,0.029861629,0.99652845,-0.026916366,0.6127899,0.9747062,0.8748363,0.71550226,0.9924569,-0.49040806,1.3447354,0.9270804,0.7526565,1.5345913,0.9627144
300,10.436813186813186,3,1177.2125244140625,418.90478515625,83.65150135071697,0.7686357498168945,True,-1.1526192,-0.7373097,0.78535295,-1.136595,-0.8143498,0.83406425,-1.1836697,-0.8158098,0.32358816,-0.9913522,-0.8707565,0.8784679,0.0,0.0,0.121236145,-0.6589577,-0.71241343,0.9913902,-0.73066634,-0.7259693,0.95861787,-0.471736,-0.27710813,0.9697021,-0.6308828,-0.24113269,0.6209276,-0.63504755,0.0035263314,0.9380565,-0.79983586,0.029762222,0.6348493,0.028984064,-0.0017263191,0.9936521,-0.028984064,0.0017266838,0.9851952,-0.21703464,0.755277,0.9930628,-0.2583481,0.7464725,0.9797005,0.15776922,1.5819029,0.9859715,0.07334886,1.5191206,0.96955734
301,10.471602564102565,1,118.56822204589844,564.782958984375,197.0649674123236,0.9324188828468324,True,0.6745383,-1.2724267,0.76805794,0.0,0.0,0.1117526,0.6357602,-1.357784,0.85702294,0.0,0.0,0.08460914,0.44127706,-1.3409457,0.98406595,0.022410326,-0.9776592,0.9783326,0.34465247,-0.9883683,0.99817884,-0.1639985,-0.3747463,0.6523353,0.37614182,-0.397036,0.98832893,0.22348313,-0.2299697,0.48430744,0.80119437,-0.23419832,0.9435856,-0.15282029,-0.019106379,0.99005497,0.15282029,0.019106379,0.9972771,-0.008325726,0.61601615,0.97747177,0.920943,0.6880833,0.99406296,-0.58603483,1.3036838,0.92931175,0.7280499,1.4793687,0.96563405
301,10.471602564102565,3,1160.6796875,418.814453125,80.23335418666986,0.7686600089073181,True,-1.1080853,-0.78232,0.7514224,-1.0881817,-0.881246,0.771104,0.0,0.0,0.25062826,-0.90316236,-0.9805896,0.8431955,0.0,0.0,0.12482443,-0.49058408,-0.8026244,0.996624,-0.77472687,-0.7462436,0.9115072,-0.25920486,-0.31223696,0.994423,-0.5754044,-0.28978163,0.6566461,-0.43166324,0.042480916,0.98334783,-0.65655655,-0.103464834,0.6855,0.10706685,-0.025945513,0.99857044,-0.10706532,0.025945513,0.99128574,0.11661845,0.7593512,0.99730337,-0.24100082,0.831442,0.98508376,0.5248515,1.6700485,0.98862785,0.03935055,1.6916157,0.9667409
302,10.50639194139194,1,132.0440673828125,573.3217163085938,204.8662879114062,0.9320805072784424,True,0.6074565,-1.282599,0.9106664,0.0,0.0,0.26044628,0.54450613,-1.3602638,0.94928443,0.0,0.0,0.047675494,0.31324506,-1.3411276,0.98001283,0.13707627,-0.9720268,0.9675271,0.20641403,-0.998256,0.99667716,0.22576281,-0.42218953,0.60300714,0.13763085,-0.38657105,0.9836325,0.7018847,-0.27214092,0.5130028,0.5902532,-0.17389928,0.9462413,-0.08133137,-0.013487146,0.98190284,0.08133141,0.013487146,0.99471235,-0.011271837,0.60428464,0.9654336,0.9036806,0.6515382,0.9904435,-0.6327075,1.2415667,0.9023958,0.6553697,1.3815682,0.94984204
302,10.50639194139194,3,1152.69580078125,421.92230224609375,80.69167455813833,0.7864203453063965,True,-1.061719,-0.81266296,0.69374514,-1.0374067,-0.90085804,0.70837957,0.0,0.0,0.21280305,-0.86488706,-0.9869503,0.8293021,0.0,0.0,0.13267767,-0.55128527,-0.80551195,0.99573743,-0.68047225,-0.77017033,0.92116606,-0.34646586,-0.320316,0.9919335,-0.5667552,-0.2861804,0.6743706,-0.5311469,0.025121545,0.9769121,-0.71835124,-0.05098928,0.68131083,0.016419925,-0.018343449,0.99849784,-0.016421437,0.018343449,0.9924803,-0.24990235,0.85264206,0.997581,0.014073572,0.87916636,0.98883784,0.08160342,1.8074715,0.9904711,0.55942565,1.7446419,0.9753542
303,10.54118131868132,1,144.97802734375,571.1700439453125,203.54963204351387,0.9295051097869872,True,0.5627687,-1.3046596,0.9487634,0.56973475,-1.3912234,0.47818127,0.48729253,-1.3813202,0.9694569,0.0,0.0,0.09098545,0.24285087,-1.3577715,0.9789145,0.18788464,-1.0141749,0.9694734,0.086416624,-0.96692544,0.99638015,0.22825046,-0.4718341,0.64053905,0.000525419,-0.33799353,0.97939783,0.5765401,-0.213475,0.5711958,0.35822028,-0.14152776,0.9421588,-0.021211667,-0.029547006,0.97842854,0.021211667,0.029547306,0.9927797,0.06294856,0.5867194,0.96336836,0.76072884,0.69020677,0.9881881,-0.5900837,1.2661659,0.9125957,0.55057,1.4354383,0.9515829
303,10.54118131868132,3,1144.9833984375,427.9830322265625,84.62999157899635,0.7329196333885193,True,-1.0023022,-0.8723427,0.64726406,-0.98045564,-0.94967985,0.6631276,0.0,0.0,0.19421232,-0.8140459,-1.0172977,0.8065184,0.0,0.0,0.13725664,-0.6135278,-0.8303191,0.9936021,-0.50175476,-0.8298463,0.90896034,-0.47799265,-0.37386364,0.98695093,-0.41321737,-0.33598295,0.64116246,-0.66357183,-0.079090044,0.9639162,-0.71959615,-0.0747834,0.6358143,-0.060965925,-0.0068943123,0.9976036,0.06096737,0.0068943123,0.9896488,-0.27659464,0.8513154,0.99632347,0.09481473,0.8260355,0.9853196,-0.04673809,1.7519976,0.9870237,0.46345904,1.5995215,0.96952426
304,10.575970695970696,1,155.30728149414062,564.0558471679688,197.5889435854655,0.9260050058364868,True,0.48071367,-1.3315731,0.94996405,0.49765867,-1.4224412,0.532568,0.39805636,-1.4095256,0.96479565,0.0,0.0,0.1281012,0.1690238,-1.3844159,0.9735701,0.28778744,-1.0251714,0.9771061,-0.06596413,-0.962489,0.9972529,0.25719154,-0.4845769,0.7295264,-0.21324648,-0.32465956,0.9846868,0.47773248,-0.2562956,0.6651063,0.20290506,-0.17446591,0.9564465,0.06382948,-0.0337269,0.9864557,-0.06382948,0.0337269,0.9953868,0.105686694,0.62961966,0.97290367,0.6245369,0.7626371,0.9910472,-0.60956967,1.2983738,0.925087,0.47092587,1.5055469,0.9588267
304,10.575970695970696,3,1133.9501953125,442.0521240234375,91.5677943062882,0.6880671381950378,True,-0.9216884,-1.0044258,0.5648004,-0.9043166,-1.0791764,0.5908971,0.0,0.0,0.16127948,-0.7501393,-1.1050179,0.79445755,0.0,0.0,0.13966596,-0.52193147,-0.8800099,0.9909326,-0.42177063,-0.88334733,0.8897486,-0.25547132,-0.43795162,0.98000413,-0.26484445,-0.3774679,0.598083,-0.22474703,-0.00064856,0.9453835,-0.32689023,-0.0023076204,0.57490426,-0.047752146,-0.0032244695,0.9959947,0.047752146,0.003224803,0.98434156,-0.19407474,0.7636674,0.99360424,-0.014977536,0.73771566,0.9771145,-0.09370858,1.7338015,0.9790511,0.13936508,1.5804894,0.95414084
305,10.610760073260073,1,158.0921173095703,557.7618408203125,198.95378106790804,0.9322236776351928,True,0.39092872,-1.3222088,0.9753915,0.43039668,-1.4173784,0.7926542,0.2997613,-1.40208,0.97446364,0.4113666,-1.4345511,0.31821454,0.11238853,-1.3931873,0.9579707,0.42017865,-1.0335283,0.98689216,-0.13851082,-0.9465382,0.9978886,0.35751435,-0.5333259,0.8349952,-0.2641352,-0.29426578,0.98597324,0.49164656,-0.32779428,0.7880419,0.17667294,-0.10148486,0.96299666,0.13310443,-0.034514043,0.9917858,-0.13310443,0.034513734,0.99666363,0.13684078,0.664214,0.9822077,0.51279545,0.80623347,0.9930883,-0.5800088,1.2712208,0.9456978,0.47225335,1.4951918,0.9684635
305,10.610760073260073,3,1111.9365234375,458.0341796875,97.10963444404668,0.5939291715621948,True,-0.6745947,-1.0980679,0.54513294,-0.64691347,-1.1834664,0.644119,0.0,0.0,0.16322365,-0.4800055,-1.2235245,0.7565169,0.0,0.0,0.06056864,-0.18932974,-0.981254,0.96146375,-0.3171238,-0.9535593,0.831368,0.18383022,-0.6164505,0.8990227,-0.067075446,-0.52814245,0.34858745,0.18225263,-0.23904143,0.83721197,-0.09509729,-0.16835767,0.3920215,0.039971232,-0.00010213418,0.9789548,-0.039971232,0.00010213418,0.95381093,-0.10739362,0.74501574,0.97997755,-0.12677711,0.74194854,0.9485505,-0.0012520079,1.5387139,0.9686348,-0.028039446,1.5129347,0.937769
306,10.645549450549453,1,162.85028076171875,550.641845703125,197.70670457778215,0.9301055669784546,True,0.30268252,-1.3359653,0.98164076,0.35731822,-1.4328876,0.8967432,0.2058465,-1.4096491,0.9719939,0.4215486,-1.4553043,0.58685887,0.065840565,-1.3908857,0.92315197,0.52858496,-1.0306966,0.9905338,-0.1856749,-0.93968743,0.998061,0.4662873,-0.53830487,0.89330685,-0.37694892,-0.3312675,0.9860389,0.5023688,-0.29195735,0.86492425,-0.0030872338,-0.06908347,0.96641046,0.18369879,-0.03035632,0.9939621,-0.18369871,0.03035601,0.9971616,0.13763316,0.70589626,0.9857572,0.3827507,0.8426783,0.9936114,-0.50225466,1.2944272,0.95192134,0.45573407,1.5370314,0.9709255
306,10.645549450549453,3,1110.7906494140625,453.69000244140625,95.47248966140096,0.5171841382980347,True,-0.68116575,-1.0878432,0.56592757,-0.6570451,-1.1686771,0.659153,0.0,0.0,0.18552336,-0.5177145,-1.2012424,0.76160973,0.0,0.0,0.07672232,-0.27682528,-0.94922215,0.96161205,-0.3455662,-0.95146996,0.841651,-0.04816326,-0.51115596,0.87821794,-0.17153966,-0.48979643,0.31285048,-0.084787235,-0.08811701,0.8014488,-0.20962508,-0.12490592,0.34808433,0.017771143,0.0014838055,0.97838277,-0.017771143,-0.0014838055,0.95342577,-0.08112279,0.82720137,0.9824201,-0.031674545,0.82186776,0.95524913,0.046217248,1.6167904,0.97578365,0.1023423,1.5759759,0.95204455
307,10.680338827838828,1,170.1520538330078,549.7568359375,209.2076172669043,0.9161675572395324,True,0.22599195,-1.3048636,0.98189753,0.28400108,-1.3986286,0.9225873,0.13178074,-1.3718574,0.9625497,0.3938991,-1.433074,0.7169011,0.02251968,-1.3600599,0.87056315,0.58908224,-1.0101248,0.9933838,-0.23130114,-0.95761317,0.9979443,0.5295012,-0.480797,0.93546087,-0.43490002,-0.38644817,0.98511326,0.4796966,-0.29799885,0.91540974,-0.12802519,-0.069082454,0.96712846,0.22331525,-0.018674852,0.9960271,-0.22331525,0.01867456,0.9976671,0.17528005,0.6748078,0.9896718,0.2592344,0.7769583,0.9942906,-0.40020102,1.1857841,0.9607129,0.40352318,1.4291953,0.9735835
307,10.680338827838828,3,1105.35791015625,445.2718811035156,94.41099587634687,0.4051381647586822,True,-0.658834,-1.0954916,0.49319503,-0.64036137,-1.1770836,0.48462984,0.0,0.0,0.15921928,-0.5175437,-1.1969656,0.6927074,0.0,0.0,0.15233624,-0.32946354,-0.97495055,0.98012835,-0.25772068,-0.93691176,0.83401686,-0.144705,-0.53840995,0.9595969,-0.112104125,-0.44520673,0.529787,-0.1843978,-0.18154648,0.9058781,-0.22289589,-0.14002381,0.51064605,-0.031186366,-0.0113962125,0.9873634,0.031185074,0.0113962125,0.95941865,-0.05150276,0.7963207,0.9758329,0.10643705,0.8214023,0.92969745,0.0074061155,1.725666,0.9246812,0.18313845,1.6918569,0.85717845
308,10.715128205128206,1,190.03997802734375,538.06884765625,200.5060113343457,0.9079350233078004,True,0.12170585,-1.3481425,0.98996955,0.18503767,-1.4356302,0.9487651,0.033657674,-1.4138889,0.9733849,0.31751218,-1.4532721,0.7614435,-0.06862931,-1.3929975,0.8603649,0.5542042,-1.0085084,0.9965945,-0.32076707,-0.97782177,0.99906737,0.49647048,-0.48498422,0.9705207,-0.5355969,-0.3931263,0.9943051,0.39420757,-0.42879853,0.9655636,-0.259621,-0.029396756,0.9878897,0.24847382,-0.009337642,0.9985979,-0.24847382,0.009337642,0.9992281,0.19510908,0.7602281,0.9955165,0.15626267,0.81329906,0.9976548,-0.3504429,1.3035102,0.9736284,0.27290657,1.4979265,0.9833677
308,10.715128205128206,3,1104.1549072265625,436.39898681640625,95.2776367095726,0.3345802426338196,True,-0.6785154,-1.099646,0.37842852,-0.67163014,-1.1814455,0.37358043,0.0,0.0,0.09804944,-0.5741239,-1.1979526,0.7098135,0.0,0.0,0.14780271,-0.36768574,-0.97618186,0.98325044,-0.20250107,-0.9408183,0.85264003,-0.22870559,-0.49202102,0.96710694,-0.08716944,-0.41215384,0.5631126,-0.32769543,-0.1290258,0.91626716,-0.32946604,-0.13868706,0.5267344,-0.06614356,-0.008266023,0.9891127,0.06614356,0.008266344,0.9644384,-0.15345009,0.80511713,0.9746678,0.085869014,0.83026975,0.9252301,-0.10557397,1.7135757,0.9100713,0.21492365,1.6704382,0.8305184
309,10.749917582417584,1,198.2727508544922,534.542724609375,197.2389795519931,0.9033063650131226,True,0.044199504,-1.3678933,0.99350774,0.14087601,-1.4437528,0.9709046,-0.028997807,-1.4558719,0.98156273,0.2944908,-1.4198234,0.8184775,-0.13443415,-1.4425381,0.85151017,0.45078033,-0.9776042,0.99615675,-0.344821,-1.0195872,0.998987,0.5373208,-0.43737683,0.96590203,-0.57725245,-0.4497993,0.99294937,0.34887564,-0.5169303,0.96522295,-0.35974225,-0.041625053,0.98572284,0.24145782,0.010537934,0.9985384,-0.24145782,-0.010538243,0.99918133,0.17148046,0.84781873,0.99398947,-0.10091965,0.776086,0.996601,0.0027290196,1.5502858,0.960357,0.06521766,1.5244018,0.97416085
309,10.749917582417584,3,1097.92431640625,432.6240234375,96.07555075585503,0.3704016208648681,True,-0.62866324,-1.1263541,0.44613045,-0.61502755,-1.2075902,0.41591012,0.0,0.0,0.124102235,-0.52068424,-1.2161872,0.71517986,0.0,0.0,0.17147629,-0.35520193,-0.97701526,0.9861466,-0.19742942,-0.94511896,0.8899668,-0.32105294,-0.47666007,0.9720576,-0.15566464,-0.41531557,0.6396339,-0.5306848,-0.17596097,0.93091744,-0.48350492,-0.21003851,0.6050941,-0.06671996,-0.007100875,0.9916037,0.06672122,0.0071011926,0.9741587,-0.18114457,0.82121056,0.98048246,0.12214203,0.8412035,0.9448468,-0.117580704,1.7724266,0.9247918,0.30456987,1.7270896,0.86118805
310,10.78470695970696,1,200.796142578125,539.72998046875,204.50792668383264,0.904922902584076,True,0.021452578,-1.3868322,0.9924914,0.118250735,-1.4542263,0.9717652,-0.04230184,-1.4693676,0.9753249,0.26978925,-1.4138877,0.8511825,-0.13562919,-1.4434295,0.79958814,0.43701926,-0.9708228,0.9965215,-0.35375687,-1.0274434,0.9986979,0.534099,-0.4307299,0.9723169,-0.55533284,-0.48131442,0.9905393,0.30333087,-0.5398907,0.9694797,-0.40844974,-0.06906316,0.9816327,0.24180654,0.015109869,0.9986462,-0.24180654,-0.015110167,0.9990833,0.17531326,0.82379407,0.9941158,-0.12903698,0.73149365,0.9959757,0.09469021,1.4873569,0.9597983,0.13083751,1.4348615,0.9706162
310,10.78470695970696,3,1088.739501953125,419.1142578125,86.72305622097086,0.4699718356132507,True,0.0,0.0,0.214057,0.0,0.0,0.27928233,0.0,0.0,0.0377377,-0.5423084,-1.2443086,0.8481622,0.0,0.0,0.09455036,-0.41637573,-0.9401842,0.98359215,0.010849686,-1.0182712,0.9353807,-0.42270425,-0.37887898,0.9367665,0.15182945,-0.49528158,0.5127257,-0.6289961,-0.1884503,0.82470477,-0.08147399,-0.2843841,0.39868867,-0.15151416,0.02095863,0.9921789,0.15151416,-0.02095863,0.9831724,-0.2358554,0.88426316,0.9870984,0.1419496,0.84389603,0.96703154,-0.09189155,1.7056297,0.9738203,0.30475822,1.6079326,0.94898546
311,10.819496336996338,1,205.32192993164065,537.5299072265625,209.92013942490524,0.9049890637397766,True,-0.02102458,-1.3747842,0.99190813,0.073912546,-1.4428903,0.9747728,-0.0855744,-1.4525698,0.9654598,0.2399778,-1.4060117,0.8815759,-0.16318128,-1.4230719,0.7125019,0.42534965,-0.9777503,0.9977187,-0.35649928,-1.0210642,0.9980299,0.5298259,-0.46806812,0.9852064,-0.58248925,-0.49232328,0.9855586,0.23614334,-0.5813595,0.982008,-0.43155527,-0.081120126,0.9773297,0.241609,0.011103902,0.9990344,-0.24160908,-0.011104193,0.9990294,0.22097427,0.7922019,0.9957574,-0.11736001,0.7080917,0.9957419,0.16630928,1.4319332,0.9677815,0.107534125,1.3856084,0.96969885
312,10.854285714285714,1,209.7564392089844,541.6522827148438,220.0377919657068,0.9071959853172302,True,-0.046677288,-1.3567377,0.99191964,0.04342592,-1.4279399,0.97669834,-0.11226875,-1.4308089,0.9625665,0.20654932,-1.4023066,0.89370793,-0.18572152,-1.4028512,0.6728865,0.39762527,-0.9842023,0.99782026,-0.34808412,-1.0151838,0.9977214,0.50027543,-0.47188467,0.98676085,-0.54349464,-0.49939016,0.9829633,0.19482064,-0.6189562,0.98348755,-0.48621264,-0.114634015,0.9743231,0.23169279,0.009814987,0.9990695,-0.23169287,-0.009814987,0.99896014,0.21457537,0.7854494,0.9957287,-0.12255315,0.7064333,0.99523336,0.21379079,1.3906971,0.9660361,0.13213527,1.3617767,0.9658937
313,10.88907509157509,1,211.2965087890625,536.0042724609375,220.18916651598508,0.9100292921066284,True,-0.053443037,-1.3394643,0.99229264,0.0336073,-1.4111172,0.9772341,-0.11512907,-1.4146011,0.9625518,0.19829488,-1.3971127,0.8968001,-0.18284462,-1.3987402,0.66616094,0.404144,-0.9804986,0.99814713,-0.3484247,-1.018725,0.9980379,0.49905598,-0.45998034,0.98870426,-0.54047716,-0.512839,0.98516166,0.18112645,-0.6317419,0.9857589,-0.5476044,-0.14492363,0.9774205,0.23617887,0.012820508,0.99936193,-0.23617887,-0.012820508,0.99927884,0.227962,0.80257195,0.99729294,-0.15326406,0.71657413,0.9969421,0.23492402,1.4225436,0.97777164,0.10272512,1.3887562,0.97755826
314,10.923864468864467,1,213.96441650390625,533.189697265625,222.56923842360297,0.9114516377449036,True,-0.0633341,-1.3657635,0.9939323,0.024782917,-1.4343851,0.97799665,-0.12376005,-1.4384274,0.97402453,0.18381834,-1.4080397,0.8923304,-0.19226037,-1.4105713,0.7527673,0.3912845,-0.9899133,0.99821126,-0.3609521,-1.0098568,0.99899393,0.4860234,-0.49507272,0.9876057,-0.5239126,-0.51225626,0.992735,0.17173056,-0.63375056,0.9853504,-0.5946882,-0.1202604,0.9867885,0.23912525,0.010443774,0.9995043,-0.23912525,-0.0104435,0.99959475,0.25666967,0.78113776,0.9977823,-0.17952801,0.6997129,0.9981608,0.25224167,1.4086132,0.98152417,0.06496021,1.3659958,0.9848593
315,10.958653846153846,1,214.5409240722656,532.8226928710938,227.99100936869377,0.9179881811141968,True,-0.051126387,-1.34791,0.9943178,0.03590374,-1.4159889,0.97626865,-0.11691611,-1.4183156,0.979158,0.1851636,-1.3924984,0.86326736,-0.20218271,-1.3918151,0.8024817,0.39689755,-0.99224526,0.9972996,-0.36812016,-1.0075477,0.99920756,0.47725552,-0.4988276,0.9806897,-0.5044182,-0.49205324,0.9948553,0.15657246,-0.68659484,0.9788617,-0.6394439,-0.13121603,0.98919106,0.2458087,0.010569404,0.99919397,-0.24580865,-0.010569404,0.99951446,0.28017044,0.7825481,0.9954527,-0.19630437,0.70646375,0.997218,0.24389218,1.3804694,0.96149176,0.03398728,1.356868,0.9741761
316,10.993443223443224,1,220.4647216796875,524.1883544921875,226.16887312447724,0.9150193333625792,True,-0.0820998,-1.3479383,0.99412906,0.0072889975,-1.4195186,0.97803783,-0.15041003,-1.4186742,0.9756805,0.16574512,-1.3982524,0.8848143,-0.23098476,-1.3894445,0.7650111,0.387245,-0.9966167,0.997664,-0.38370112,-1.0033801,0.99914837,0.45319876,-0.49829948,0.98438025,-0.51674074,-0.47322008,0.9943499,0.108339086,-0.7031249,0.98234504,-0.6741392,-0.077202015,0.9885661,0.24674834,0.009177313,0.9993273,-0.2467484,-0.009177313,0.9995449,0.26897094,0.78713316,0.9963799,-0.20216934,0.71239585,0.9975223,0.24176595,1.3981918,0.96848696,0.054566585,1.384729,0.97750956
317,11.0282326007326,1,227.25924682617188,520.36279296875,228.8800547837108,0.917542040348053,True,-0.09363826,-1.3367119,0.9936267,-0.007838061,-1.4065294,0.9766377,-0.16118713,-1.4062797,0.9724363,0.14139643,-1.3865645,0.86795425,-0.2519103,-1.380148,0.7452343,0.3601844,-1.0013682,0.9978472,-0.40311006,-0.9981711,0.99886143,0.41720244,-0.51626253,0.9867181,-0.5446666,-0.44767988,0.9924132,0.09239472,-0.7076503,0.98289317,-0.6979213,-0.04755477,0.9851752,0.24851033,0.0051947073,0.9993393,-0.24851027,-0.0051947073,0.9994579,0.28883344,0.78031033,0.9962864,-0.21565987,0.7194517,0.99695086,0.24219935,1.3809543,0.9669225,-0.025297796,1.3748014,0.97307914
318,11.063021978021975,1,229.5625915527344,512.996337890625,220.63135172883383,0.9161311388015748,True,-0.099679746,-1.3858967,0.9935023,-0.014329536,-1.45954,0.9735205,-0.17418449,-1.4513444,0.9764064,0.1397689,-1.427327,0.8729223,-0.2542273,-1.4016864,0.7991137,0.38425246,-1.0060322,0.99737203,-0.41799724,-0.9936831,0.9992436,0.42857465,-0.5191693,0.9812424,-0.56007224,-0.43618056,0.99523675,0.1290006,-0.70279646,0.97835183,-0.72048604,-0.040096004,0.989754,0.25941607,0.003878197,0.99911696,-0.25941607,-0.0038779203,0.99947876,0.38218015,0.7726213,0.9961218,-0.15438262,0.72327363,0.99773103,0.2788274,1.3993013,0.9685677,0.027815392,1.4315405,0.97962064
319,11.097811355311356,1,233.2427978515625,511.1410827636719,222.56186654708307,0.9141578674316406,True,-0.11182851,-1.3832123,0.99299604,-0.02680817,-1.4541667,0.9736346,-0.18299314,-1.4492385,0.97283685,0.12679881,-1.4193137,0.8753724,-0.26101375,-1.4013898,0.7711868,0.35800812,-1.0068169,0.99742365,-0.4200006,-0.99222213,0.9990676,0.40259513,-0.53691125,0.98276144,-0.55814743,-0.42542472,0.9940084,0.117326595,-0.71359867,0.9785951,-0.7100658,-0.018565161,0.9874499,0.2547356,0.0022631579,0.9991561,-0.25473553,-0.0022631579,0.9994357,0.39553964,0.7775216,0.9964179,-0.16109084,0.7298498,0.99763536,0.3464591,1.4153262,0.97127366,0.030577587,1.4389064,0.97984797
320,11.132600732600732,1,243.98789978027344,513.246337890625,227.55140634714655,0.9099422097206116,True,-0.16230424,-1.3757147,0.98661846,-0.08696048,-1.4437513,0.9587844,-0.22411533,-1.4371575,0.9439213,0.059233844,-1.4086697,0.8480101,-0.28401384,-1.3955009,0.6993342,0.2900192,-1.00637,0.9978922,-0.41190904,-0.9899122,0.99751854,0.3409015,-0.6034933,0.9887056,-0.6173954,-0.46234736,0.98311824,0.108543,-0.64099526,0.98146504,-0.7369302,-0.1174727,0.9733041,0.23152278,-0.00062442967,0.99932265,-0.23152278,0.00062416145,0.9992269,0.3647402,0.7565496,0.99837154,-0.16413139,0.726198,0.9981932,0.36262834,1.399909,0.98895246,-0.032508764,1.4132441,0.98872024
321,11.16739010989011,1,245.6237945556641,507.766357421875,226.33153136388265,0.9178735613822936,True,-0.15771824,-1.367553,0.9883083,-0.07903592,-1.4363475,0.9616596,-0.2203162,-1.4320813,0.95189273,0.07120291,-1.4042085,0.84467393,-0.2860286,-1.396303,0.71816844,0.29660377,-1.0063697,0.99795747,-0.41834086,-0.98992205,0.9979274,0.35295781,-0.60302573,0.98875684,-0.6109606,-0.4419542,0.9860307,0.09420009,-0.64247733,0.9820149,-0.71143275,-0.0598463,0.97706807,0.23852569,-0.00016274673,0.9994281,-0.23852569,0.00016288157,0.99939275,0.39126533,0.77421117,0.9987122,-0.17656226,0.73535043,0.9986681,0.4279683,1.4523529,0.9913727,-0.028263457,1.4519997,0.9916106
322,11.202179487179489,1,250.65701293945312,505.591064453125,228.34508028366247,0.9248659610748292,True,-0.15168566,-1.3450215,0.9883986,-0.07654751,-1.4157125,0.95814496,-0.21489014,-1.4111453,0.954889,0.06510348,-1.3934917,0.8175877,-0.2892381,-1.3853124,0.73931384,0.2792899,-1.0066108,0.9978398,-0.41956833,-0.9884638,0.9980032,0.34346667,-0.60000896,0.98791784,-0.59609604,-0.449156,0.9868765,0.08053727,-0.6260291,0.98066634,-0.69994825,-0.09177817,0.97795177,0.2356537,-0.0012426475,0.99944085,-0.23565364,0.0012427812,0.99943286,0.4055059,0.7818982,0.9987539,-0.17458022,0.7467419,0.9987662,0.47840136,1.4607438,0.99164724,-0.020059641,1.4589051,0.9920527
323,11.236968864468864,1,253.5373077392578,501.24127197265625,226.98704529869212,0.9239967465400696,True,-0.15496501,-1.3553925,0.9895671,-0.073558085,-1.4283801,0.96379507,-0.22216135,-1.4237794,0.96174675,0.07753931,-1.4016117,0.8305117,-0.29720023,-1.3924489,0.75209945,0.28298783,-1.0065867,0.9974247,-0.42006898,-0.9887099,0.9979381,0.3448782,-0.6005748,0.9842391,-0.5868172,-0.43741325,0.9857819,0.09644959,-0.62087965,0.9751609,-0.67037266,-0.031583596,0.9751116,0.23929882,-0.0011434661,0.9992725,-0.23929882,0.0011433318,0.99931633,0.43017513,0.7880513,0.99847203,-0.18728866,0.7490089,0.9985979,0.5368622,1.4943738,0.9907278,-0.028584637,1.4951845,0.99163705
324,11.271758241758242,1,255.18878173828125,504.3468933105469,229.27104577677105,0.919546902179718,True,-0.14492355,-1.3704382,0.98970467,-0.06077705,-1.4426367,0.9665255,-0.21014884,-1.4390694,0.9579952,0.096045874,-1.4085124,0.854639,-0.27766225,-1.4006335,0.7200492,0.29433575,-1.0056703,0.99789536,-0.3927697,-0.9919059,0.99799013,0.3720705,-0.5945306,0.98795563,-0.5654778,-0.4405048,0.98615605,0.10508451,-0.62554455,0.98066163,-0.6478546,-0.04390321,0.97662634,0.23506507,0.0006612755,0.99944407,-0.23506507,-0.0006612755,0.99942267,0.44711995,0.77756935,0.99882096,-0.17258665,0.7295207,0.99881554,0.5840273,1.4789314,0.99248147,-0.02449894,1.4661616,0.9928543
325,11.30654761904762,1,257.3759765625,507.7838439941406,234.10858128403993,0.9132909774780272,True,-0.11680387,-1.3758729,0.99000895,-0.03503351,-1.4487473,0.9665021,-0.18563661,-1.442251,0.961308,0.109870985,-1.4097269,0.84410864,-0.26438466,-1.3957661,0.74074155,0.28470814,-1.0082494,0.997855,-0.37280047,-0.9898095,0.9978522,0.3805155,-0.61398333,0.9871169,-0.5394969,-0.46951327,0.98462707,0.12451511,-0.65136987,0.97842693,-0.5932508,-0.14407614,0.97379524,0.22629942,-0.0016082083,0.99940026,-0.22629942,0.0016082083,0.99936134,0.45556995,0.75262207,0.9987257,-0.15274277,0.71379274,0.9986945,0.6194089,1.4307406,0.9921296,-0.020580817,1.42445,0.99235594
326,11.341336996336995,1,264.388916015625,506.9363403320313,234.46937515726205,0.9044873118400574,True,-0.11933573,-1.3739847,0.98766243,-0.044985402,-1.448509,0.9657329,-0.18858598,-1.4366971,0.9568647,0.09550607,-1.4127538,0.8492704,-0.25646523,-1.3854975,0.71919674,0.27124038,-1.0191067,0.9964468,-0.35629892,-0.9790838,0.99638015,0.36301515,-0.64251095,0.9793475,-0.526291,-0.44276494,0.9751263,0.2175421,-0.6521287,0.96530336,-0.53104556,-0.16227424,0.9592733,0.21794558,-0.008918154,0.9987092,-0.21794544,0.008918154,0.99862206,0.4668616,0.72426355,0.99767154,-0.15244955,0.72252154,0.9976418,0.6093699,1.4382857,0.9892869,-0.08648588,1.4793181,0.98962736
327,11.376126373626374,1,266.3005676269531,503.7332458496094,233.79580962735065,0.9066153168678284,True,-0.094571926,-1.3798043,0.98961955,-0.020137263,-1.4551162,0.96695274,-0.16567244,-1.4413708,0.9638842,0.12052075,-1.418226,0.8429479,-0.23848812,-1.3864838,0.74845886,0.30417642,-1.0148338,0.99691796,-0.34419915,-0.9847656,0.997399,0.37767732,-0.6115062,0.98229873,-0.5201525,-0.43172246,0.9832787,0.15689866,-0.6656431,0.97196084,-0.53994536,-0.13732857,0.9719686,0.22598971,-0.0047758645,0.9989594,-0.22598979,0.0047758645,0.99899215,0.4856375,0.7446651,0.99796546,-0.15568584,0.72680247,0.9981261,0.62500143,1.4613863,0.989643,-0.096148804,1.499655,0.990604
328,11.41091575091575,1,267.35980224609375,501.0856628417969,231.39615498267793,0.909646213054657,True,-0.08684631,-1.3830686,0.98915035,-0.006449814,-1.4578211,0.97055995,-0.15469068,-1.4460202,0.95730096,0.15199351,-1.4193504,0.8737178,-0.21347038,-1.3905826,0.68294007,0.34375736,-1.0139855,0.9970005,-0.32634997,-0.9859387,0.9969682,0.40313783,-0.60751224,0.984382,-0.5167569,-0.41852865,0.98089874,0.17074512,-0.69190985,0.9751644,-0.52480686,-0.13037369,0.9695403,0.23399723,-0.0032988284,0.9989737,-0.23399723,0.0032988284,0.9989021,0.505603,0.7497182,0.99801946,-0.15807247,0.7277016,0.9980045,0.6463157,1.4880788,0.9899074,-0.09802728,1.5234234,0.9904021
329,11.445705128205129,1,271.87127685546875,501.2311706542969,228.55919142930887,0.9062337279319764,True,-0.07792859,-1.3853414,0.989986,0.0047990317,-1.4600658,0.9709165,-0.14685395,-1.4520186,0.9635685,0.16148484,-1.4218813,0.8586011,-0.21523194,-1.4012675,0.71089476,0.33643854,-1.0190955,0.99677676,-0.33865145,-0.98090315,0.9971022,0.39845487,-0.6402029,0.98238534,-0.5091562,-0.36390364,0.9818425,0.25041527,-0.72306687,0.9726423,-0.47287133,0.00625455,0.9704368,0.23583658,-0.0063890065,0.9989427,-0.23583652,0.0063890065,0.99893636,0.514415,0.7589855,0.99804,-0.15864116,0.74252766,0.99813855,0.6428634,1.5090573,0.99051243,-0.10637148,1.5508866,0.9912527
330,11.480494505494503,1,285.0351257324219,502.9600830078125,228.9431590214777,0.9065392017364502,True,-0.10640816,-1.4092226,0.9935502,-0.021946786,-1.4799206,0.97965175,-0.17499079,-1.4788778,0.97047836,0.1332419,-1.426361,0.89079165,-0.2525906,-1.4177743,0.72375494,0.3160296,-1.0134506,0.9982724,-0.4006473,-0.9847587,0.9985349,0.40122196,-0.5637123,0.98949695,-0.53503233,-0.42089418,0.9897037,0.2748665,-0.64155465,0.98397326,-0.46658847,-0.034546476,0.980859,0.25357753,-0.010200467,0.99958605,-0.25357753,0.010200467,0.99958247,0.50451374,0.765866,0.9982864,-0.25630718,0.75555784,0.9982949,0.66519564,1.5030199,0.98657274,-0.14837492,1.5312767,0.98745733
331,11.515283882783883,1,290.318603515625,503.6097412109375,228.07902681427944,0.9205518364906312,True,-0.08411838,-1.4159087,0.9941056,-0.0033129535,-1.4882116,0.97982866,-0.15693118,-1.4833938,0.975754,0.14510617,-1.4363923,0.885455,-0.24049006,-1.4183826,0.7666139,0.32084686,-1.0113679,0.99804556,-0.3842764,-0.98762614,0.998806,0.4431125,-0.56460315,0.98691076,-0.5371409,-0.44861713,0.9916543,0.37807024,-0.59786475,0.9813828,-0.44816273,-0.03451921,0.9834917,0.24682441,-0.009157052,0.9995472,-0.24682447,0.009156918,0.9996146,0.47033316,0.7677695,0.99816483,-0.26255706,0.7578071,0.9984432,0.66224873,1.4996619,0.98630095,-0.1402676,1.5421959,0.988473
332,11.55007326007326,1,296.63714599609375,503.4842529296875,227.72119483566013,0.928302764892578,True,-0.060872145,-1.4095995,0.9943276,0.022302829,-1.4827497,0.98016363,-0.13623309,-1.4775753,0.9765612,0.17256132,-1.4283752,0.8850474,-0.22548608,-1.4096254,0.760333,0.3465504,-0.9964233,0.99798054,-0.3619119,-1.0035179,0.9987924,0.45006892,-0.52895415,0.9869306,-0.53827614,-0.47794053,0.9919727,0.24530418,-0.64073205,0.9825216,-0.43636203,-0.045764334,0.98473316,0.2487991,0.00047534375,0.9995097,-0.24879904,-0.00047547778,0.999589,0.4596168,0.7712879,0.9979996,-0.26897985,0.72093874,0.99832565,0.68302447,1.5104165,0.98482764,-0.14256682,1.529601,0.987394
333,11.584862637362637,1,303.6122131347656,501.2854614257813,226.4200448314323,0.931100845336914,True,-0.017194944,-1.405675,0.99543107,0.0575448,-1.4772507,0.9782562,-0.09292643,-1.4720862,0.9817178,0.18662381,-1.421565,0.8414531,-0.20549141,-1.4042879,0.81216586,0.3723761,-0.9889029,0.9986078,-0.36668578,-1.011089,0.99914587,0.47619623,-0.48960406,0.99120975,-0.5288875,-0.46746957,0.9948171,0.21835092,-0.6446808,0.98820496,-0.42683572,-0.055993047,0.9902,0.2625561,0.0043459437,0.99969685,-0.2625562,-0.0043459437,0.9997434,0.5048686,0.76613474,0.99863356,-0.28758574,0.70532846,0.99885035,0.6941157,1.5269663,0.987834,-0.21367659,1.5418819,0.98966134
334,11.619652014652017,1,315.0309143066406,502.5101318359375,226.46824966694336,0.9282917976379396,True,-0.014344733,-1.4217266,0.99465734,0.05909732,-1.4868256,0.97539,-0.086049266,-1.4880978,0.9789354,0.18266556,-1.420324,0.8316283,-0.19657788,-1.4168316,0.8042311,0.36336762,-0.9913333,0.9985374,-0.3718411,-1.0086488,0.99902403,0.45014375,-0.5142178,0.9907382,-0.5481698,-0.4599303,0.9940204,0.27064815,-0.62430483,0.9865745,-0.442101,-0.042480092,0.9883228,0.26172647,0.0016479108,0.9996929,-0.2617264,-0.0016480455,0.99972755,0.51415527,0.7643551,0.99858546,-0.28538463,0.7183613,0.99876213,0.63980335,1.5136057,0.9878429,-0.27826905,1.5292547,0.9893483
335,11.654441391941392,1,326.23101806640625,499.4832153320313,227.57877348783057,0.921457052230835,True,0.008158581,-1.3891705,0.99136823,0.08244725,-1.4600892,0.96111876,-0.06590802,-1.462552,0.9726635,0.19320059,-1.4081829,0.7466171,-0.18565269,-1.4159609,0.82699865,0.33428368,-0.993695,0.9974179,-0.36252016,-1.0061057,0.9977831,0.43852594,-0.55366355,0.983949,-0.59250426,-0.4243232,0.9857377,0.3507289,-0.5635567,0.9765296,-0.5013173,-0.019361963,0.97709936,0.2446389,-0.0009386774,0.99907494,-0.24463904,0.0009386774,0.9991008,0.42932448,0.7734707,0.99732214,-0.30032834,0.746285,0.99738437,0.5123797,1.5400853,0.9807313,-0.31536946,1.5557288,0.9810666
336,11.68923076923077,1,339.034423828125,502.6569519042969,230.61952543256447,0.9210057854652404,True,0.03800559,-1.3855257,0.99327797,0.10554522,-1.4582989,0.9595478,-0.04064568,-1.4575758,0.9824287,0.19790111,-1.4103662,0.66454166,-0.18461797,-1.4113133,0.8855887,0.34353346,-0.99931127,0.99728143,-0.3710952,-1.0004987,0.9982613,0.45826602,-0.5728338,0.9804303,-0.5840294,-0.43758303,0.9888566,0.3188772,-0.5815117,0.9729074,-0.5180931,-0.042804755,0.9811265,0.25034615,-0.0014752002,0.99895954,-0.25034615,0.0014752002,0.9991366,0.41785362,0.76491207,0.9967554,-0.31868136,0.73991704,0.99726796,0.447035,1.5244144,0.97621876,-0.37235525,1.5385939,0.9783528
337,11.724020146520148,1,344.6495056152344,492.92669677734375,219.15073451832023,0.9091190695762634,True,0.10661036,-1.400868,0.99522877,0.16495173,-1.4756925,0.9550851,0.020777646,-1.4724364,0.99081975,0.22853781,-1.4254663,0.5076487,-0.16212167,-1.4235092,0.94233143,0.3487633,-0.9987933,0.9970728,-0.37481546,-1.001037,0.99884355,0.5155383,-0.5498308,0.9746796,-0.5766103,-0.42457935,0.9930276,0.54589826,-0.48721015,0.96831113,-0.5116713,0.011009686,0.9871749,0.25151092,-0.0044247904,0.9989969,-0.25151092,0.0044249296,0.99935466,0.4274651,0.8244634,0.9970072,-0.32863793,0.8216597,0.99801624,0.43574637,1.6525925,0.9780832,-0.42734918,1.700026,0.98236185
338,11.758809523809523,1,358.5498046875,488.52691650390625,217.44072785117913,0.916257619857788,True,0.14628178,-1.386596,0.99522686,0.19629331,-1.455588,0.94077694,0.06874895,-1.4595772,0.9913018,0.2368512,-1.405617,0.39480782,-0.12665215,-1.4234877,0.9529072,0.3403747,-0.9862659,0.9974573,-0.36096963,-1.0136282,0.999091,0.4774145,-0.5266392,0.97926795,-0.59255904,-0.4281968,0.99521965,0.45214215,-0.49228743,0.97492,-0.5446565,0.023252454,0.99123,0.24608842,0.0016771699,0.99927,-0.24608842,-0.0016771699,0.9995523,0.41118777,0.83453393,0.99771833,-0.3348378,0.80978733,0.99854666,0.39876336,1.6691364,0.9812664,-0.48471102,1.6876987,0.98508656
339,11.793598901098902,1,366.8377685546875,499.8863830566406,224.30174874022265,0.9094333052635192,True,0.18951118,-1.3942413,0.9883229,0.22896305,-1.4645171,0.87020516,0.11641746,-1.4613497,0.9844899,0.24471314,-1.4142213,0.30269668,-0.06523459,-1.4176217,0.95086044,0.34812123,-0.98399484,0.99390185,-0.29841048,-1.0153874,0.9986526,0.45120916,-0.5231569,0.95318234,-0.55526024,-0.40974283,0.9941063,0.4118079,-0.49194103,0.94518036,-0.51694083,0.040479083,0.9879951,0.22420394,0.0047306637,0.99843234,-0.22420394,-0.0047306637,0.9992588,0.3865298,0.78261524,0.9968233,-0.29299122,0.75584865,0.9984516,0.3495943,1.564434,0.98363703,-0.4743381,1.6120583,0.9890454
340,11.828388278388278,1,387.2725830078125,500.646484375,224.070341950657,0.9086053371429444,True,0.19431157,-1.3811542,0.98700154,0.22315837,-1.4470001,0.81080383,0.12566149,-1.4456947,0.9852668,0.0,0.0,0.17622887,-0.07649022,-1.4065201,0.96049905,0.2869897,-0.9859256,0.99295926,-0.31210554,-1.0139166,0.99881977,0.40023798,-0.54384756,0.94895196,-0.56172496,-0.39932394,0.99571747,0.39129192,-0.5397053,0.94442385,-0.55254465,0.037993763,0.9910966,0.20723633,0.004845324,0.99869823,-0.2072362,-0.004845324,0.9994672,0.31449634,0.78794694,0.99750656,-0.30305746,0.75690943,0.99892586,0.26805526,1.5601332,0.9869108,-0.5068521,1.5935284,0.991751
341,11.863177655677656,1,401.3543090820313,499.1116027832031,226.21047639305965,0.9072309136390686,True,0.22413623,-1.3448187,0.984327,0.25181583,-1.4095614,0.7649512,0.16481185,-1.4186047,0.9817078,0.0,0.0,0.13909134,-0.044900987,-1.4051747,0.96131086,0.264624,-0.9777474,0.9934568,-0.31021205,-1.0217328,0.9988931,0.31262058,-0.5355602,0.95432997,-0.55932987,-0.36713228,0.99595225,0.37296528,-0.55241406,0.94625145,-0.5355147,0.10276622,0.9909355,0.2040633,0.005132436,0.99890244,-0.20406343,-0.005132436,0.99952555,0.3053392,0.79715115,0.9976083,-0.30538115,0.77316695,0.998911,0.20950237,1.5398976,0.98607767,-0.53334874,1.5847404,0.9908047
342,11.897967032967031,1,412.6575622558594,495.24603271484375,226.6669064151994,0.9074402451515198,True,0.25376734,-1.3184595,0.9802965,0.27679864,-1.3829076,0.72182727,0.19575638,-1.39202,0.97848606,0.0,0.0,0.113219246,-0.027055824,-1.3879657,0.96013486,0.23407249,-0.9793324,0.9912691,-0.2970669,-1.0196753,0.998376,0.2708729,-0.5641713,0.94347584,-0.5603218,-0.400097,0.994113,0.36019567,-0.5351355,0.93430096,-0.54681116,0.080527276,0.9876546,0.18753777,0.0023366117,0.9983222,-0.18753777,-0.0023366117,0.99922776,0.25723815,0.80469084,0.996378,-0.28601474,0.79072183,0.99822325,0.16913839,1.5323637,0.9797329,-0.48935518,1.5829192,0.98575157
343,11.93275641025641,1,415.4463806152344,492.52349853515625,224.5483808445148,0.9051198363304138,True,0.3051417,-1.3141596,0.9708819,0.3286353,-1.3752586,0.6134659,0.25581565,-1.3923239,0.9720425,0.0,0.0,0.08277175,0.042014264,-1.3980225,0.95698076,0.23093988,-0.9602428,0.98454434,-0.23412716,-1.0397545,0.99836797,0.2258317,-0.47876045,0.91029906,-0.5060719,-0.39040807,0.9953316,0.34335628,-0.4566963,0.9118378,-0.48988262,0.11317475,0.9897653,0.1643203,0.009068088,0.997741,-0.1643203,-0.009067952,0.9992236,0.2588907,0.81997836,0.9956987,-0.21110013,0.7824935,0.998406,0.16899154,1.5600456,0.9782275,-0.40876046,1.5931432,0.9874035
344,11.967545787545788,1,432.912109375,493.28863525390625,226.6668598834268,0.879763662815094,True,0.2847079,-1.3071967,0.9626197,0.2848051,-1.3653314,0.4484381,0.24087436,-1.3769634,0.9716337,0.0,0.0,0.04931686,0.026369723,-1.3864467,0.9791246,0.14932723,-0.9782182,0.9859993,-0.26649943,-1.0183464,0.9991792,0.1404656,-0.51227075,0.873841,-0.4926979,-0.4014281,0.9969662,0.33265388,-0.39706534,0.85674345,-0.50208205,0.10727036,0.99017525,0.14184684,-0.0030040042,0.99862254,-0.14184697,0.0030041388,0.999652,0.17062992,0.7757631,0.99674785,-0.19903843,0.78698367,0.99909043,0.045192815,1.5065962,0.981351,-0.31790313,1.5754852,0.9908618
345,12.002335164835165,1,442.9464721679687,487.1278076171875,218.4056000327515,0.8970441818237305,True,0.3015501,-1.3246502,0.9340754,0.28563777,-1.3811818,0.30387658,0.26656562,-1.3959361,0.94479084,0.0,0.0,0.053202517,0.07335153,-1.4007388,0.9809271,0.15366772,-0.9727781,0.990258,-0.24503967,-1.0251335,0.9992761,0.15654767,-0.49813318,0.90924823,-0.48318174,-0.4235139,0.99714357,0.3374744,-0.46368524,0.89016944,-0.5028788,0.08366688,0.99065125,0.11949393,-0.005017386,0.9987942,-0.11949393,0.005017386,0.9996573,0.13240251,0.7945772,0.9952207,-0.011004351,0.8130018,0.99853027,-0.14329425,1.554708,0.9633863,-0.069651514,1.6467439,0.98080665
346,12.037124542124545,1,452.5261840820313,485.0919799804687,218.7101639066758,0.8787798285484314,True,0.2994937,-1.2995685,0.9375569,0.29581672,-1.3629574,0.31070057,0.26480338,-1.3748671,0.9500942,0.0,0.0,0.054745395,0.09068713,-1.3866988,0.9783407,0.10841748,-0.97055984,0.9895824,-0.16975008,-1.0284995,0.99920374,0.08622957,-0.50605255,0.91524637,-0.48519984,-0.37316284,0.997468,0.28918353,-0.49283975,0.91098344,-0.44600576,0.1404095,0.9931752,0.07755612,0.0030972436,0.99874157,-0.07755612,-0.0030972436,0.9996506,0.0502092,0.8171184,0.99734396,0.012465719,0.79929006,0.9992015,-0.13392855,1.5953563,0.9826299,-0.13522232,1.657412,0.99101055
347,12.07191391941392,1,462.7252502441406,489.9876098632813,224.45726149535628,0.8351171612739563,True,0.27972272,-1.2743958,0.8113565,0.0,0.0,0.11575999,0.2560627,-1.3488095,0.8801108,0.0,0.0,0.028168654,0.099974774,-1.3655434,0.9742536,0.05388092,-0.98029566,0.968873,-0.15950722,-1.0169132,0.99804175,0.04853409,-0.5329956,0.7727693,-0.43832687,-0.34108236,0.99434423,0.28745705,-0.5290379,0.7462767,-0.37030607,0.17003146,0.98243904,0.058786143,-0.00243113,0.9951952,-0.058786143,0.0024309943,0.99883634,0.0766704,0.80372477,0.98916036,0.037158452,0.79897535,0.99715674,-0.13026445,1.5302222,0.944512,-0.14077237,1.6000904,0.9727772
348,12.106703296703296,1,468.7225341796875,492.968017578125,230.2403346937288,0.8344247341156006,True,0.26766887,-1.2703745,0.5591591,0.0,0.0,0.03702988,0.24687073,-1.3404692,0.7136386,0.0,0.0,0.019600634,0.10961261,-1.3430365,0.9668365,0.007900441,-0.98347867,0.9441113,-0.11140119,-1.0138414,0.9978194,0.01720402,-0.55207896,0.6670266,-0.36404645,-0.38151172,0.99499965,0.25639287,-0.5358819,0.63420177,-0.30207217,0.07820489,0.9814404,0.027198698,-0.0035004236,0.9950511,-0.027198566,0.0035004236,0.9990835,0.07707811,0.7646641,0.9897558,0.10173192,0.7619119,0.99795413,-0.10916049,1.4686197,0.9537548,-0.07793145,1.5435373,0.98135734
